14:10:56 **** Incremental Build of configuration Nios II for project freqyAnalyser ****
make all 
Info: Building ../freqyAnalyser_bsp/
C:/intelFPGA/18.1/nios2eds/bin/gnu/H-x86_64-mingw32/bin/make --no-print-directory -C ../freqyAnalyser_bsp/
[BSP build complete]
Info: Compiling FreeRTOS/croutine.c to obj/default/FreeRTOS/croutine.o
nios2-elf-gcc -xc -MP -MMD -c -I../freqyAnalyser_bsp//HAL/inc -I../freqyAnalyser_bsp/ -I../freqyAnalyser_bsp//drivers/inc  -pipe -D__hal__ -DALT_NO_INSTRUCTION_EMULATION -DALT_SINGLE_THREADED    -O0 -g -Wall   -mhw-div -mhw-mul -mno-hw-mulx -mgpopt=global  -o obj/default/FreeRTOS/croutine.o FreeRTOS/croutine.c
FreeRTOS/croutine.c: In function 'xCoRoutineCreate':
FreeRTOS/croutine.c:148:29: warning: implicit declaration of function 'pvPortMalloc' [-Wimplicit-function-declaration]
  pxCoRoutine = ( CRCB_t * ) pvPortMalloc( sizeof( CRCB_t ) );
                             ^
Info: Compiling FreeRTOS/event_groups.c to obj/default/FreeRTOS/event_groups.o
nios2-elf-gcc -xc -MP -MMD -c -I../freqyAnalyser_bsp//HAL/inc -I../freqyAnalyser_bsp/ -I../freqyAnalyser_bsp//drivers/inc  -pipe -D__hal__ -DALT_NO_INSTRUCTION_EMULATION -DALT_SINGLE_THREADED    -O0 -g -Wall   -mhw-div -mhw-mul -mno-hw-mulx -mgpopt=global  -o obj/default/FreeRTOS/event_groups.o FreeRTOS/event_groups.c
FreeRTOS/event_groups.c: In function 'xEventGroupCreate':
FreeRTOS/event_groups.c:142:16: warning: implicit declaration of function 'pvPortMalloc' [-Wimplicit-function-declaration]
  pxEventBits = pvPortMalloc( sizeof( EventGroup_t ) );
                ^
FreeRTOS/event_groups.c:142:14: warning: assignment makes pointer from integer without a cast [-Wint-conversion]
  pxEventBits = pvPortMalloc( sizeof( EventGroup_t ) );
              ^
Info: Compiling FreeRTOS/heap.c to obj/default/FreeRTOS/heap.o
nios2-elf-gcc -xc -MP -MMD -c -I../freqyAnalyser_bsp//HAL/inc -I../freqyAnalyser_bsp/ -I../freqyAnalyser_bsp//drivers/inc  -pipe -D__hal__ -DALT_NO_INSTRUCTION_EMULATION -DALT_SINGLE_THREADED    -O0 -g -Wall   -mhw-div -mhw-mul -mno-hw-mulx -mgpopt=global  -o obj/default/FreeRTOS/heap.o FreeRTOS/heap.c
Info: Compiling FreeRTOS/list.c to obj/default/FreeRTOS/list.o
nios2-elf-gcc -xc -MP -MMD -c -I../freqyAnalyser_bsp//HAL/inc -I../freqyAnalyser_bsp/ -I../freqyAnalyser_bsp//drivers/inc  -pipe -D__hal__ -DALT_NO_INSTRUCTION_EMULATION -DALT_SINGLE_THREADED    -O0 -g -Wall   -mhw-div -mhw-mul -mno-hw-mulx -mgpopt=global  -o obj/default/FreeRTOS/list.o FreeRTOS/list.c
Info: Compiling FreeRTOS/port.c to obj/default/FreeRTOS/port.o
nios2-elf-gcc -xc -MP -MMD -c -I../freqyAnalyser_bsp//HAL/inc -I../freqyAnalyser_bsp/ -I../freqyAnalyser_bsp//drivers/inc  -pipe -D__hal__ -DALT_NO_INSTRUCTION_EMULATION -DALT_SINGLE_THREADED    -O0 -g -Wall   -mhw-div -mhw-mul -mno-hw-mulx -mgpopt=global  -o obj/default/FreeRTOS/port.o FreeRTOS/port.c
FreeRTOS/port.c:90:0: warning: "configTICK_RATE_HZ" redefined
 #define configTICK_RATE_HZ 1000
 ^
In file included from FreeRTOS/FreeRTOS.h:98:0,
                 from FreeRTOS/port.c:84:
FreeRTOS/FreeRTOSConfig.h:97:0: note: this is the location of the previous definition
 #define configTICK_RATE_HZ    ( ( portTickType ) 1000 )
 ^
FreeRTOS/port.c:91:0: warning: "configCPU_CLOCK_HZ" redefined
 #define configCPU_CLOCK_HZ TIMER1MS_FREQ
 ^
In file included from FreeRTOS/FreeRTOS.h:98:0,
                 from FreeRTOS/port.c:84:
FreeRTOS/FreeRTOSConfig.h:98:0: note: this is the location of the previous definition
 #define configCPU_CLOCK_HZ    ( ( unsigned long ) ALT_SYS_CLK ) 
 ^
FreeRTOS/port.c: In function 'vApplicationStackOverflowHook':
FreeRTOS/port.c:96:2: warning: implicit declaration of function 'printf' [-Wimplicit-function-declaration]
  printf("[free_rtos] Application stack overflow at task: %s\n", pcTaskName);
  ^
FreeRTOS/port.c:96:2: warning: incompatible implicit declaration of built-in function 'printf'
FreeRTOS/port.c:96:2: note: include '<stdio.h>' or provide a declaration of 'printf'
FreeRTOS/port.c: In function 'alt_irq_register':
FreeRTOS/port.c:231:18: warning: variable 'status' set but not used [-Wunused-but-set-variable]
  alt_irq_context status;
                  ^
Info: Compiling FreeRTOS/queue.c to obj/default/FreeRTOS/queue.o
nios2-elf-gcc -xc -MP -MMD -c -I../freqyAnalyser_bsp//HAL/inc -I../freqyAnalyser_bsp/ -I../freqyAnalyser_bsp//drivers/inc  -pipe -D__hal__ -DALT_NO_INSTRUCTION_EMULATION -DALT_SINGLE_THREADED    -O0 -g -Wall   -mhw-div -mhw-mul -mno-hw-mulx -mgpopt=global  -o obj/default/FreeRTOS/queue.o FreeRTOS/queue.c
FreeRTOS/queue.c: In function 'xQueueGenericCreate':
FreeRTOS/queue.c:339:35: warning: implicit declaration of function 'pvPortMalloc' [-Wimplicit-function-declaration]
  pcAllocatedBuffer = ( int8_t * ) pvPortMalloc( sizeof( Queue_t ) + xQueueSizeInBytes );
                                   ^
Info: Compiling FreeRTOS/tasks.c to obj/default/FreeRTOS/tasks.o
nios2-elf-gcc -xc -MP -MMD -c -I../freqyAnalyser_bsp//HAL/inc -I../freqyAnalyser_bsp/ -I../freqyAnalyser_bsp//drivers/inc  -pipe -D__hal__ -DALT_NO_INSTRUCTION_EMULATION -DALT_SINGLE_THREADED    -O0 -g -Wall   -mhw-div -mhw-mul -mno-hw-mulx -mgpopt=global  -o obj/default/FreeRTOS/tasks.o FreeRTOS/tasks.c
In file included from FreeRTOS/tasks.c:80:0:
FreeRTOS/tasks.c: In function 'prvAllocateTCBAndStack':
FreeRTOS/FreeRTOS.h:651:88: warning: implicit declaration of function 'pvPortMalloc' [-Wimplicit-function-declaration]
  #define pvPortMallocAligned( x, puxStackBuffer ) ( ( ( puxStackBuffer ) == NULL ) ? ( pvPortMalloc( ( x ) ) ) : ( puxStackBuffer ) )
                                                                                        ^
FreeRTOS/tasks.c:3052:31: note: in expansion of macro 'pvPortMallocAligned'
   pxStack = ( StackType_t * ) pvPortMallocAligned( ( ( ( size_t ) usStackDepth ) * sizeof( StackType_t ) ), puxStackBuffer ); /*lint !e961 MISRA exception as the casts are only redundant for some ports. */
                               ^
FreeRTOS/FreeRTOS.h:651:112: warning: pointer/integer type mismatch in conditional expression
  #define pvPortMallocAligned( x, puxStackBuffer ) ( ( ( puxStackBuffer ) == NULL ) ? ( pvPortMalloc( ( x ) ) ) : ( puxStackBuffer ) )
                                                                                                                ^
FreeRTOS/tasks.c:3052:31: note: in expansion of macro 'pvPortMallocAligned'
   pxStack = ( StackType_t * ) pvPortMallocAligned( ( ( ( size_t ) usStackDepth ) * sizeof( StackType_t ) ), puxStackBuffer ); /*lint !e961 MISRA exception as the casts are only redundant for some ports. */
                               ^
Info: Compiling FreeRTOS/timers.c to obj/default/FreeRTOS/timers.o
nios2-elf-gcc -xc -MP -MMD -c -I../freqyAnalyser_bsp//HAL/inc -I../freqyAnalyser_bsp/ -I../freqyAnalyser_bsp//drivers/inc  -pipe -D__hal__ -DALT_NO_INSTRUCTION_EMULATION -DALT_SINGLE_THREADED    -O0 -g -Wall   -mhw-div -mhw-mul -mno-hw-mulx -mgpopt=global  -o obj/default/FreeRTOS/timers.o FreeRTOS/timers.c
FreeRTOS/timers.c: In function 'xTimerCreate':
FreeRTOS/timers.c:286:30: warning: implicit declaration of function 'pvPortMalloc' [-Wimplicit-function-declaration]
   pxNewTimer = ( Timer_t * ) pvPortMalloc( sizeof( Timer_t ) );
                              ^
Info: Compiling main.c to obj/default/main.o
nios2-elf-gcc -xc -MP -MMD -c -I../freqyAnalyser_bsp//HAL/inc -I../freqyAnalyser_bsp/ -I../freqyAnalyser_bsp//drivers/inc  -pipe -D__hal__ -DALT_NO_INSTRUCTION_EMULATION -DALT_SINGLE_THREADED    -O0 -g -Wall   -mhw-div -mhw-mul -mno-hw-mulx -mgpopt=global  -o obj/default/main.o main.c
main.c: In function 'PRVGADraw_Task':
main.c:282:6: warning: operation on 'i' may be undefined [-Wsequence-point]
    i = ++i%100; //point to the next data (oldest) to be overwritten
      ^
main.c: At top level:
main.c:150:13: warning: 'stabilityMonitorTask' defined but not used [-Wunused-function]
 static void stabilityMonitorTask(void *pvParameters)
             ^
main.c:175:13: warning: 'loadMonitorTask' defined but not used [-Wunused-function]
 static void loadMonitorTask(void *pvParameters)
             ^
main.c:317:13: warning: 'pollingSwitchsTask' defined but not used [-Wunused-function]
 static void pollingSwitchsTask(void *pvParameters) {
             ^
Info: Assembling FreeRTOS/port_asm.S to obj/default/FreeRTOS/port_asm.o
nios2-elf-gcc -MP -MMD -c -I../freqyAnalyser_bsp//HAL/inc -I../freqyAnalyser_bsp/ -I../freqyAnalyser_bsp//drivers/inc  -pipe -D__hal__ -DALT_NO_INSTRUCTION_EMULATION -DALT_SINGLE_THREADED    -O0 -g -Wall   -mhw-div -mhw-mul -mno-hw-mulx -mgpopt=global  -Wa,-I../freqyAnalyser_bsp//HAL/inc -Wa,-I../freqyAnalyser_bsp/ -Wa,-I../freqyAnalyser_bsp//drivers/inc -Wa,-gdwarf2 -o obj/default/FreeRTOS/port_asm.o FreeRTOS/port_asm.S
Info: Linking freqyAnalyser.elf
nios2-elf-g++  -T'../freqyAnalyser_bsp//linker.x' -msys-crt0='../freqyAnalyser_bsp//obj/HAL/src/crt0.o' -msys-lib=hal_bsp -L../freqyAnalyser_bsp/   -Wl,-Map=freqyAnalyser.map   -O0 -g -Wall   -mhw-div -mhw-mul -mno-hw-mulx -mgpopt=global  -o freqyAnalyser.elf obj/default/FreeRTOS/croutine.o obj/default/FreeRTOS/event_groups.o obj/default/FreeRTOS/heap.o obj/default/FreeRTOS/list.o obj/default/FreeRTOS/port.o obj/default/FreeRTOS/queue.o obj/default/FreeRTOS/tasks.o obj/default/FreeRTOS/timers.o obj/default/main.o obj/default/FreeRTOS/port_asm.o -lm -msys-lib=m
nios2-elf-insert freqyAnalyser.elf --thread_model hal --cpu_name nios2 --qsys true --simulation_enabled false --id 7 --sidp 0x430f0 --timestamp 1393900972 --stderr_dev jtag_uart --stdin_dev jtag_uart --stdout_dev jtag_uart --sopc_system_name nios2 --quartus_project_dir "H:/COMPSYS723/COMPSYS-723-Assignment-1/ffrequency_analyser" --sopcinfo H:/COMPSYS723/COMPSYS-723-Assignment-1/ffrequency_analyser/software/freqyAnalyser_bsp/../../nios2.sopcinfo
Info: (freqyAnalyser.elf) 616 KBytes program size (code + initialized data).
Info:                     130561 KBytes free for stack + heap.
Info: Creating freqyAnalyser.objdump
nios2-elf-objdump --disassemble --syms --all-header --source freqyAnalyser.elf >freqyAnalyser.objdump
[freqyAnalyser build complete]
14:11:55 **** Incremental Build of configuration Nios II for project freqyAnalyser ****
make all 
Info: Building ../freqyAnalyser_bsp/
C:/intelFPGA/18.1/nios2eds/bin/gnu/H-x86_64-mingw32/bin/make --no-print-directory -C ../freqyAnalyser_bsp/
[BSP build complete]
Info: Compiling main.c to obj/default/main.o
nios2-elf-gcc -xc -MP -MMD -c -I../freqyAnalyser_bsp//HAL/inc -I../freqyAnalyser_bsp/ -I../freqyAnalyser_bsp//drivers/inc  -pipe -D__hal__ -DALT_NO_INSTRUCTION_EMULATION -DALT_SINGLE_THREADED    -O0 -g -Wall   -mhw-div -mhw-mul -mno-hw-mulx -mgpopt=global  -o obj/default/main.o main.c
main.c: In function 'PRVGADraw_Task':
main.c:281:6: warning: operation on 'i' may be undefined [-Wsequence-point]
    i = ++i%100; //point to the next data (oldest) to be overwritten
      ^
Info: Linking freqyAnalyser.elf
nios2-elf-g++  -T'../freqyAnalyser_bsp//linker.x' -msys-crt0='../freqyAnalyser_bsp//obj/HAL/src/crt0.o' -msys-lib=hal_bsp -L../freqyAnalyser_bsp/   -Wl,-Map=freqyAnalyser.map   -O0 -g -Wall   -mhw-div -mhw-mul -mno-hw-mulx -mgpopt=global  -o freqyAnalyser.elf obj/default/FreeRTOS/croutine.o obj/default/FreeRTOS/event_groups.o obj/default/FreeRTOS/heap.o obj/default/FreeRTOS/list.o obj/default/FreeRTOS/port.o obj/default/FreeRTOS/queue.o obj/default/FreeRTOS/tasks.o obj/default/FreeRTOS/timers.o obj/default/main.o obj/default/FreeRTOS/port_asm.o -lm -msys-lib=m
nios2-elf-insert freqyAnalyser.elf --thread_model hal --cpu_name nios2 --qsys true --simulation_enabled false --id 7 --sidp 0x430f0 --timestamp 1393900972 --stderr_dev jtag_uart --stdin_dev jtag_uart --stdout_dev jtag_uart --sopc_system_name nios2 --quartus_project_dir "H:/COMPSYS723/COMPSYS-723-Assignment-1/ffrequency_analyser" --sopcinfo H:/COMPSYS723/COMPSYS-723-Assignment-1/ffrequency_analyser/software/freqyAnalyser_bsp/../../nios2.sopcinfo
Info: (freqyAnalyser.elf) 616 KBytes program size (code + initialized data).
Info:                     130561 KBytes free for stack + heap.
Info: Creating freqyAnalyser.objdump
nios2-elf-objdump --disassemble --syms --all-header --source freqyAnalyser.elf >freqyAnalyser.objdump
[freqyAnalyser build complete]
14:12:14 **** Incremental Build of configuration Nios II for project freqyAnalyser ****
make all 
Info: Building ../freqyAnalyser_bsp/
C:/intelFPGA/18.1/nios2eds/bin/gnu/H-x86_64-mingw32/bin/make --no-print-directory -C ../freqyAnalyser_bsp/
[BSP build complete]
[freqyAnalyser build complete]
14:12:56 **** Incremental Build of configuration Nios II for project freqyAnalyser ****
make all 
Info: Building ../freqyAnalyser_bsp/
C:/intelFPGA/18.1/nios2eds/bin/gnu/H-x86_64-mingw32/bin/make --no-print-directory -C ../freqyAnalyser_bsp/
[BSP build complete]
[freqyAnalyser build complete]
14:14:10 **** Incremental Build of configuration Nios II for project freqyAnalyser ****
make all 
Info: Building ../freqyAnalyser_bsp/
C:/intelFPGA/18.1/nios2eds/bin/gnu/H-x86_64-mingw32/bin/make --no-print-directory -C ../freqyAnalyser_bsp/
[BSP build complete]
[freqyAnalyser build complete]
14:14:56 **** Incremental Build of configuration Nios II for project freqyAnalyser ****
make all 
Info: Building ../freqyAnalyser_bsp/
C:/intelFPGA/18.1/nios2eds/bin/gnu/H-x86_64-mingw32/bin/make --no-print-directory -C ../freqyAnalyser_bsp/
[BSP build complete]
Info: Compiling main.c to obj/default/main.o
nios2-elf-gcc -xc -MP -MMD -c -I../freqyAnalyser_bsp//HAL/inc -I../freqyAnalyser_bsp/ -I../freqyAnalyser_bsp//drivers/inc  -pipe -D__hal__ -DALT_NO_INSTRUCTION_EMULATION -DALT_SINGLE_THREADED    -O0 -g -Wall   -mhw-div -mhw-mul -mno-hw-mulx -mgpopt=global  -o obj/default/main.o main.c
main.c: In function 'PRVGADraw_Task':
main.c:281:6: warning: operation on 'i' may be undefined [-Wsequence-point]
    i = ++i%100; //point to the next data (oldest) to be overwritten
      ^
Info: Linking freqyAnalyser.elf
nios2-elf-g++  -T'../freqyAnalyser_bsp//linker.x' -msys-crt0='../freqyAnalyser_bsp//obj/HAL/src/crt0.o' -msys-lib=hal_bsp -L../freqyAnalyser_bsp/   -Wl,-Map=freqyAnalyser.map   -O0 -g -Wall   -mhw-div -mhw-mul -mno-hw-mulx -mgpopt=global  -o freqyAnalyser.elf obj/default/FreeRTOS/croutine.o obj/default/FreeRTOS/event_groups.o obj/default/FreeRTOS/heap.o obj/default/FreeRTOS/list.o obj/default/FreeRTOS/port.o obj/default/FreeRTOS/queue.o obj/default/FreeRTOS/tasks.o obj/default/FreeRTOS/timers.o obj/default/main.o obj/default/FreeRTOS/port_asm.o -lm -msys-lib=m
nios2-elf-insert freqyAnalyser.elf --thread_model hal --cpu_name nios2 --qsys true --simulation_enabled false --id 7 --sidp 0x430f0 --timestamp 1393900972 --stderr_dev jtag_uart --stdin_dev jtag_uart --stdout_dev jtag_uart --sopc_system_name nios2 --quartus_project_dir "H:/COMPSYS723/COMPSYS-723-Assignment-1/ffrequency_analyser" --sopcinfo H:/COMPSYS723/COMPSYS-723-Assignment-1/ffrequency_analyser/software/freqyAnalyser_bsp/../../nios2.sopcinfo
Info: (freqyAnalyser.elf) 616 KBytes program size (code + initialized data).
Info:                     130561 KBytes free for stack + heap.
Info: Creating freqyAnalyser.objdump
nios2-elf-objdump --disassemble --syms --all-header --source freqyAnalyser.elf >freqyAnalyser.objdump
[freqyAnalyser build complete]
14:15:51 **** Incremental Build of configuration Nios II for project freqyAnalyser ****
make all 
Info: Building ../freqyAnalyser_bsp/
C:/intelFPGA/18.1/nios2eds/bin/gnu/H-x86_64-mingw32/bin/make --no-print-directory -C ../freqyAnalyser_bsp/
[BSP build complete]
Info: Compiling main.c to obj/default/main.o
nios2-elf-gcc -xc -MP -MMD -c -I../freqyAnalyser_bsp//HAL/inc -I../freqyAnalyser_bsp/ -I../freqyAnalyser_bsp//drivers/inc  -pipe -D__hal__ -DALT_NO_INSTRUCTION_EMULATION -DALT_SINGLE_THREADED    -O0 -g -Wall   -mhw-div -mhw-mul -mno-hw-mulx -mgpopt=global  -o obj/default/main.o main.c
main.c: In function 'PRVGADraw_Task':
main.c:281:6: warning: operation on 'i' may be undefined [-Wsequence-point]
    i = ++i%100; //point to the next data (oldest) to be overwritten
      ^
Info: Linking freqyAnalyser.elf
nios2-elf-g++  -T'../freqyAnalyser_bsp//linker.x' -msys-crt0='../freqyAnalyser_bsp//obj/HAL/src/crt0.o' -msys-lib=hal_bsp -L../freqyAnalyser_bsp/   -Wl,-Map=freqyAnalyser.map   -O0 -g -Wall   -mhw-div -mhw-mul -mno-hw-mulx -mgpopt=global  -o freqyAnalyser.elf obj/default/FreeRTOS/croutine.o obj/default/FreeRTOS/event_groups.o obj/default/FreeRTOS/heap.o obj/default/FreeRTOS/list.o obj/default/FreeRTOS/port.o obj/default/FreeRTOS/queue.o obj/default/FreeRTOS/tasks.o obj/default/FreeRTOS/timers.o obj/default/main.o obj/default/FreeRTOS/port_asm.o -lm -msys-lib=m
nios2-elf-insert freqyAnalyser.elf --thread_model hal --cpu_name nios2 --qsys true --simulation_enabled false --id 7 --sidp 0x430f0 --timestamp 1393900972 --stderr_dev jtag_uart --stdin_dev jtag_uart --stdout_dev jtag_uart --sopc_system_name nios2 --quartus_project_dir "H:/COMPSYS723/COMPSYS-723-Assignment-1/ffrequency_analyser" --sopcinfo H:/COMPSYS723/COMPSYS-723-Assignment-1/ffrequency_analyser/software/freqyAnalyser_bsp/../../nios2.sopcinfo
Info: (freqyAnalyser.elf) 616 KBytes program size (code + initialized data).
Info:                     130561 KBytes free for stack + heap.
Info: Creating freqyAnalyser.objdump
nios2-elf-objdump --disassemble --syms --all-header --source freqyAnalyser.elf >freqyAnalyser.objdump
[freqyAnalyser build complete]
14:17:05 **** Incremental Build of configuration Nios II for project freqyAnalyser ****
make all 
Info: Building ../freqyAnalyser_bsp/
C:/intelFPGA/18.1/nios2eds/bin/gnu/H-x86_64-mingw32/bin/make --no-print-directory -C ../freqyAnalyser_bsp/
[BSP build complete]
Info: Compiling main.c to obj/default/main.o
nios2-elf-gcc -xc -MP -MMD -c -I../freqyAnalyser_bsp//HAL/inc -I../freqyAnalyser_bsp/ -I../freqyAnalyser_bsp//drivers/inc  -pipe -D__hal__ -DALT_NO_INSTRUCTION_EMULATION -DALT_SINGLE_THREADED    -O0 -g -Wall   -mhw-div -mhw-mul -mno-hw-mulx -mgpopt=global  -o obj/default/main.o main.c
main.c: In function 'PRVGADraw_Task':
main.c:281:6: warning: operation on 'i' may be undefined [-Wsequence-point]
    i = ++i%100; //point to the next data (oldest) to be overwritten
      ^
Info: Linking freqyAnalyser.elf
nios2-elf-g++  -T'../freqyAnalyser_bsp//linker.x' -msys-crt0='../freqyAnalyser_bsp//obj/HAL/src/crt0.o' -msys-lib=hal_bsp -L../freqyAnalyser_bsp/   -Wl,-Map=freqyAnalyser.map   -O0 -g -Wall   -mhw-div -mhw-mul -mno-hw-mulx -mgpopt=global  -o freqyAnalyser.elf obj/default/FreeRTOS/croutine.o obj/default/FreeRTOS/event_groups.o obj/default/FreeRTOS/heap.o obj/default/FreeRTOS/list.o obj/default/FreeRTOS/port.o obj/default/FreeRTOS/queue.o obj/default/FreeRTOS/tasks.o obj/default/FreeRTOS/timers.o obj/default/main.o obj/default/FreeRTOS/port_asm.o -lm -msys-lib=m
nios2-elf-insert freqyAnalyser.elf --thread_model hal --cpu_name nios2 --qsys true --simulation_enabled false --id 7 --sidp 0x430f0 --timestamp 1393900972 --stderr_dev jtag_uart --stdin_dev jtag_uart --stdout_dev jtag_uart --sopc_system_name nios2 --quartus_project_dir "H:/COMPSYS723/COMPSYS-723-Assignment-1/ffrequency_analyser" --sopcinfo H:/COMPSYS723/COMPSYS-723-Assignment-1/ffrequency_analyser/software/freqyAnalyser_bsp/../../nios2.sopcinfo
Info: (freqyAnalyser.elf) 616 KBytes program size (code + initialized data).
Info:                     130561 KBytes free for stack + heap.
Info: Creating freqyAnalyser.objdump
nios2-elf-objdump --disassemble --syms --all-header --source freqyAnalyser.elf >freqyAnalyser.objdump
[freqyAnalyser build complete]
14:18:15 **** Incremental Build of configuration Nios II for project freqyAnalyser ****
make all 
Info: Building ../freqyAnalyser_bsp/
C:/intelFPGA/18.1/nios2eds/bin/gnu/H-x86_64-mingw32/bin/make --no-print-directory -C ../freqyAnalyser_bsp/
[BSP build complete]
Info: Compiling main.c to obj/default/main.o
nios2-elf-gcc -xc -MP -MMD -c -I../freqyAnalyser_bsp//HAL/inc -I../freqyAnalyser_bsp/ -I../freqyAnalyser_bsp//drivers/inc  -pipe -D__hal__ -DALT_NO_INSTRUCTION_EMULATION -DALT_SINGLE_THREADED    -O0 -g -Wall   -mhw-div -mhw-mul -mno-hw-mulx -mgpopt=global  -o obj/default/main.o main.c
main.c: In function 'PRVGADraw_Task':
main.c:281:6: warning: operation on 'i' may be undefined [-Wsequence-point]
    i = ++i%100; //point to the next data (oldest) to be overwritten
      ^
Info: Linking freqyAnalyser.elf
nios2-elf-g++  -T'../freqyAnalyser_bsp//linker.x' -msys-crt0='../freqyAnalyser_bsp//obj/HAL/src/crt0.o' -msys-lib=hal_bsp -L../freqyAnalyser_bsp/   -Wl,-Map=freqyAnalyser.map   -O0 -g -Wall   -mhw-div -mhw-mul -mno-hw-mulx -mgpopt=global  -o freqyAnalyser.elf obj/default/FreeRTOS/croutine.o obj/default/FreeRTOS/event_groups.o obj/default/FreeRTOS/heap.o obj/default/FreeRTOS/list.o obj/default/FreeRTOS/port.o obj/default/FreeRTOS/queue.o obj/default/FreeRTOS/tasks.o obj/default/FreeRTOS/timers.o obj/default/main.o obj/default/FreeRTOS/port_asm.o -lm -msys-lib=m
nios2-elf-insert freqyAnalyser.elf --thread_model hal --cpu_name nios2 --qsys true --simulation_enabled false --id 7 --sidp 0x430f0 --timestamp 1393900972 --stderr_dev jtag_uart --stdin_dev jtag_uart --stdout_dev jtag_uart --sopc_system_name nios2 --quartus_project_dir "H:/COMPSYS723/COMPSYS-723-Assignment-1/ffrequency_analyser" --sopcinfo H:/COMPSYS723/COMPSYS-723-Assignment-1/ffrequency_analyser/software/freqyAnalyser_bsp/../../nios2.sopcinfo
Info: (freqyAnalyser.elf) 616 KBytes program size (code + initialized data).
Info:                     130561 KBytes free for stack + heap.
Info: Creating freqyAnalyser.objdump
nios2-elf-objdump --disassemble --syms --all-header --source freqyAnalyser.elf >freqyAnalyser.objdump
[freqyAnalyser build complete]
14:20:05 **** Incremental Build of configuration Nios II for project freqyAnalyser ****
make all 
Info: Building ../freqyAnalyser_bsp/
C:/intelFPGA/18.1/nios2eds/bin/gnu/H-x86_64-mingw32/bin/make --no-print-directory -C ../freqyAnalyser_bsp/
[BSP build complete]
Info: Compiling main.c to obj/default/main.o
nios2-elf-gcc -xc -MP -MMD -c -I../freqyAnalyser_bsp//HAL/inc -I../freqyAnalyser_bsp/ -I../freqyAnalyser_bsp//drivers/inc  -pipe -D__hal__ -DALT_NO_INSTRUCTION_EMULATION -DALT_SINGLE_THREADED    -O0 -g -Wall   -mhw-div -mhw-mul -mno-hw-mulx -mgpopt=global  -o obj/default/main.o main.c
main.c: In function 'PRVGADraw_Task':
main.c:283:6: warning: operation on 'i' may be undefined [-Wsequence-point]
    i = ++i%100; //point to the next data (oldest) to be overwritten
      ^
Info: Linking freqyAnalyser.elf
nios2-elf-g++  -T'../freqyAnalyser_bsp//linker.x' -msys-crt0='../freqyAnalyser_bsp//obj/HAL/src/crt0.o' -msys-lib=hal_bsp -L../freqyAnalyser_bsp/   -Wl,-Map=freqyAnalyser.map   -O0 -g -Wall   -mhw-div -mhw-mul -mno-hw-mulx -mgpopt=global  -o freqyAnalyser.elf obj/default/FreeRTOS/croutine.o obj/default/FreeRTOS/event_groups.o obj/default/FreeRTOS/heap.o obj/default/FreeRTOS/list.o obj/default/FreeRTOS/port.o obj/default/FreeRTOS/queue.o obj/default/FreeRTOS/tasks.o obj/default/FreeRTOS/timers.o obj/default/main.o obj/default/FreeRTOS/port_asm.o -lm -msys-lib=m
nios2-elf-insert freqyAnalyser.elf --thread_model hal --cpu_name nios2 --qsys true --simulation_enabled false --id 7 --sidp 0x430f0 --timestamp 1393900972 --stderr_dev jtag_uart --stdin_dev jtag_uart --stdout_dev jtag_uart --sopc_system_name nios2 --quartus_project_dir "H:/COMPSYS723/COMPSYS-723-Assignment-1/ffrequency_analyser" --sopcinfo H:/COMPSYS723/COMPSYS-723-Assignment-1/ffrequency_analyser/software/freqyAnalyser_bsp/../../nios2.sopcinfo
Info: (freqyAnalyser.elf) 616 KBytes program size (code + initialized data).
Info:                     130561 KBytes free for stack + heap.
Info: Creating freqyAnalyser.objdump
nios2-elf-objdump --disassemble --syms --all-header --source freqyAnalyser.elf >freqyAnalyser.objdump
[freqyAnalyser build complete]
14:22:40 **** Incremental Build of configuration Nios II for project freqyAnalyser ****
make all 
Info: Building ../freqyAnalyser_bsp/
C:/intelFPGA/18.1/nios2eds/bin/gnu/H-x86_64-mingw32/bin/make --no-print-directory -C ../freqyAnalyser_bsp/
[BSP build complete]
Info: Compiling main.c to obj/default/main.o
nios2-elf-gcc -xc -MP -MMD -c -I../freqyAnalyser_bsp//HAL/inc -I../freqyAnalyser_bsp/ -I../freqyAnalyser_bsp//drivers/inc  -pipe -D__hal__ -DALT_NO_INSTRUCTION_EMULATION -DALT_SINGLE_THREADED    -O0 -g -Wall   -mhw-div -mhw-mul -mno-hw-mulx -mgpopt=global  -o obj/default/main.o main.c
main.c: In function 'PRVGADraw_Task':
main.c:284:6: warning: operation on 'i' may be undefined [-Wsequence-point]
    i = ++i%100; //point to the next data (oldest) to be overwritten
      ^
Info: Linking freqyAnalyser.elf
nios2-elf-g++  -T'../freqyAnalyser_bsp//linker.x' -msys-crt0='../freqyAnalyser_bsp//obj/HAL/src/crt0.o' -msys-lib=hal_bsp -L../freqyAnalyser_bsp/   -Wl,-Map=freqyAnalyser.map   -O0 -g -Wall   -mhw-div -mhw-mul -mno-hw-mulx -mgpopt=global  -o freqyAnalyser.elf obj/default/FreeRTOS/croutine.o obj/default/FreeRTOS/event_groups.o obj/default/FreeRTOS/heap.o obj/default/FreeRTOS/list.o obj/default/FreeRTOS/port.o obj/default/FreeRTOS/queue.o obj/default/FreeRTOS/tasks.o obj/default/FreeRTOS/timers.o obj/default/main.o obj/default/FreeRTOS/port_asm.o -lm -msys-lib=m
nios2-elf-insert freqyAnalyser.elf --thread_model hal --cpu_name nios2 --qsys true --simulation_enabled false --id 7 --sidp 0x430f0 --timestamp 1393900972 --stderr_dev jtag_uart --stdin_dev jtag_uart --stdout_dev jtag_uart --sopc_system_name nios2 --quartus_project_dir "H:/COMPSYS723/COMPSYS-723-Assignment-1/ffrequency_analyser" --sopcinfo H:/COMPSYS723/COMPSYS-723-Assignment-1/ffrequency_analyser/software/freqyAnalyser_bsp/../../nios2.sopcinfo
Info: (freqyAnalyser.elf) 616 KBytes program size (code + initialized data).
Info:                     130561 KBytes free for stack + heap.
Info: Creating freqyAnalyser.objdump
nios2-elf-objdump --disassemble --syms --all-header --source freqyAnalyser.elf >freqyAnalyser.objdump
[freqyAnalyser build complete]
14:24:06 **** Incremental Build of configuration Nios II for project freqyAnalyser ****
make all 
Info: Building ../freqyAnalyser_bsp/
C:/intelFPGA/18.1/nios2eds/bin/gnu/H-x86_64-mingw32/bin/make --no-print-directory -C ../freqyAnalyser_bsp/
[BSP build complete]
Info: Compiling main.c to obj/default/main.o
nios2-elf-gcc -xc -MP -MMD -c -I../freqyAnalyser_bsp//HAL/inc -I../freqyAnalyser_bsp/ -I../freqyAnalyser_bsp//drivers/inc  -pipe -D__hal__ -DALT_NO_INSTRUCTION_EMULATION -DALT_SINGLE_THREADED    -O0 -g -Wall   -mhw-div -mhw-mul -mno-hw-mulx -mgpopt=global  -o obj/default/main.o main.c
main.c: In function 'PRVGADraw_Task':
main.c:297:6: warning: operation on 'i' may be undefined [-Wsequence-point]
    i = ++i%100; //point to the next data (oldest) to be overwritten
      ^
Info: Linking freqyAnalyser.elf
nios2-elf-g++  -T'../freqyAnalyser_bsp//linker.x' -msys-crt0='../freqyAnalyser_bsp//obj/HAL/src/crt0.o' -msys-lib=hal_bsp -L../freqyAnalyser_bsp/   -Wl,-Map=freqyAnalyser.map   -O0 -g -Wall   -mhw-div -mhw-mul -mno-hw-mulx -mgpopt=global  -o freqyAnalyser.elf obj/default/FreeRTOS/croutine.o obj/default/FreeRTOS/event_groups.o obj/default/FreeRTOS/heap.o obj/default/FreeRTOS/list.o obj/default/FreeRTOS/port.o obj/default/FreeRTOS/queue.o obj/default/FreeRTOS/tasks.o obj/default/FreeRTOS/timers.o obj/default/main.o obj/default/FreeRTOS/port_asm.o -lm -msys-lib=m
nios2-elf-insert freqyAnalyser.elf --thread_model hal --cpu_name nios2 --qsys true --simulation_enabled false --id 7 --sidp 0x430f0 --timestamp 1393900972 --stderr_dev jtag_uart --stdin_dev jtag_uart --stdout_dev jtag_uart --sopc_system_name nios2 --quartus_project_dir "H:/COMPSYS723/COMPSYS-723-Assignment-1/ffrequency_analyser" --sopcinfo H:/COMPSYS723/COMPSYS-723-Assignment-1/ffrequency_analyser/software/freqyAnalyser_bsp/../../nios2.sopcinfo
Info: (freqyAnalyser.elf) 616 KBytes program size (code + initialized data).
Info:                     130561 KBytes free for stack + heap.
Info: Creating freqyAnalyser.objdump
nios2-elf-objdump --disassemble --syms --all-header --source freqyAnalyser.elf >freqyAnalyser.objdump
[freqyAnalyser build complete]
14:25:34 **** Incremental Build of configuration Nios II for project freqyAnalyser ****
make all 
Info: Building ../freqyAnalyser_bsp/
C:/intelFPGA/18.1/nios2eds/bin/gnu/H-x86_64-mingw32/bin/make --no-print-directory -C ../freqyAnalyser_bsp/
[BSP build complete]
Info: Compiling main.c to obj/default/main.o
nios2-elf-gcc -xc -MP -MMD -c -I../freqyAnalyser_bsp//HAL/inc -I../freqyAnalyser_bsp/ -I../freqyAnalyser_bsp//drivers/inc  -pipe -D__hal__ -DALT_NO_INSTRUCTION_EMULATION -DALT_SINGLE_THREADED    -O0 -g -Wall   -mhw-div -mhw-mul -mno-hw-mulx -mgpopt=global  -o obj/default/main.o main.c
main.c: In function 'PRVGADraw_Task':
main.c:297:6: warning: operation on 'i' may be undefined [-Wsequence-point]
    i = ++i%100; //point to the next data (oldest) to be overwritten
      ^
Info: Linking freqyAnalyser.elf
nios2-elf-g++  -T'../freqyAnalyser_bsp//linker.x' -msys-crt0='../freqyAnalyser_bsp//obj/HAL/src/crt0.o' -msys-lib=hal_bsp -L../freqyAnalyser_bsp/   -Wl,-Map=freqyAnalyser.map   -O0 -g -Wall   -mhw-div -mhw-mul -mno-hw-mulx -mgpopt=global  -o freqyAnalyser.elf obj/default/FreeRTOS/croutine.o obj/default/FreeRTOS/event_groups.o obj/default/FreeRTOS/heap.o obj/default/FreeRTOS/list.o obj/default/FreeRTOS/port.o obj/default/FreeRTOS/queue.o obj/default/FreeRTOS/tasks.o obj/default/FreeRTOS/timers.o obj/default/main.o obj/default/FreeRTOS/port_asm.o -lm -msys-lib=m
nios2-elf-insert freqyAnalyser.elf --thread_model hal --cpu_name nios2 --qsys true --simulation_enabled false --id 7 --sidp 0x430f0 --timestamp 1393900972 --stderr_dev jtag_uart --stdin_dev jtag_uart --stdout_dev jtag_uart --sopc_system_name nios2 --quartus_project_dir "H:/COMPSYS723/COMPSYS-723-Assignment-1/ffrequency_analyser" --sopcinfo H:/COMPSYS723/COMPSYS-723-Assignment-1/ffrequency_analyser/software/freqyAnalyser_bsp/../../nios2.sopcinfo
Info: (freqyAnalyser.elf) 616 KBytes program size (code + initialized data).
Info:                     130561 KBytes free for stack + heap.
Info: Creating freqyAnalyser.objdump
nios2-elf-objdump --disassemble --syms --all-header --source freqyAnalyser.elf >freqyAnalyser.objdump
[freqyAnalyser build complete]
16:02:27 **** Incremental Build of configuration Nios II for project freqyAnalyser ****
make all 
Info: Building ../freqyAnalyser_bsp/
C:/intelFPGA/18.1/nios2eds/bin/gnu/H-x86_64-mingw32/bin/make --no-print-directory -C ../freqyAnalyser_bsp/
[BSP build complete]
Info: Compiling main.c to obj/default/main.o
nios2-elf-gcc -xc -MP -MMD -c -I../freqyAnalyser_bsp//HAL/inc -I../freqyAnalyser_bsp/ -I../freqyAnalyser_bsp//drivers/inc  -pipe -D__hal__ -DALT_NO_INSTRUCTION_EMULATION -DALT_SINGLE_THREADED    -O0 -g -Wall   -mhw-div -mhw-mul -mno-hw-mulx -mgpopt=global  -o obj/default/main.o main.c
In file included from main.c:19:0:
main.c: In function 'freq_relay_isr':
FreeRTOS/queue.h:1261:117: warning: passing argument 2 of 'xQueueGenericSendFromISR' discards 'volatile' qualifier from pointer target type [-Wdiscarded-qualifiers]
 #define xQueueSendFromISR( xQueue, pvItemToQueue, pxHigherPriorityTaskWoken ) xQueueGenericSendFromISR( ( xQueue ), ( pvItemToQueue ), ( pxHigherPriorityTaskWoken ), queueSEND_TO_BACK )
                                                                                                                     ^
main.c:93:5: note: in expansion of macro 'xQueueSendFromISR'
     xQueueSendFromISR(stabilityTaskQueue, &frequency, pdFALSE);
     ^
FreeRTOS/queue.h:1340:12: note: expected 'const void * const' but argument is of type 'volatile double *'
 BaseType_t xQueueGenericSendFromISR( QueueHandle_t xQueue, const void * const pvItemToQueue, BaseType_t * const pxHigherPriorityTaskWoken, const BaseType_t xCopyPosition ) PRIVILEGED_FUNCTION;
            ^
FreeRTOS/queue.h:1100:123: warning: passing argument 2 of 'xQueueGenericSendFromISR' discards 'volatile' qualifier from pointer target type [-Wdiscarded-qualifiers]
 #define xQueueSendToBackFromISR( xQueue, pvItemToQueue, pxHigherPriorityTaskWoken ) xQueueGenericSendFromISR( ( xQueue ), ( pvItemToQueue ), ( pxHigherPriorityTaskWoken ), queueSEND_TO_BACK )
                                                                                                                           ^
main.c:94:5: note: in expansion of macro 'xQueueSendToBackFromISR'
     xQueueSendToBackFromISR( Q_freq_data, &frequency, pdFALSE );
     ^
FreeRTOS/queue.h:1340:12: note: expected 'const void * const' but argument is of type 'volatile double *'
 BaseType_t xQueueGenericSendFromISR( QueueHandle_t xQueue, const void * const pvItemToQueue, BaseType_t * const pxHigherPriorityTaskWoken, const BaseType_t xCopyPosition ) PRIVILEGED_FUNCTION;
            ^
main.c: In function 'stabilityMonitorTask':
FreeRTOS/queue.h:814:91: warning: passing argument 2 of 'xQueueGenericReceive' discards 'volatile' qualifier from pointer target type [-Wdiscarded-qualifiers]
 #define xQueueReceive( xQueue, pvBuffer, xTicksToWait ) xQueueGenericReceive( ( xQueue ), ( pvBuffer ), ( xTicksToWait ), pdFALSE )
                                                                                           ^
main.c:100:13: note: in expansion of macro 'xQueueReceive'
         if (xQueueReceive(stabilityTaskQueue, &frequency, portMAX_DELAY)) {
             ^
FreeRTOS/queue.h:913:12: note: expected 'void * const' but argument is of type 'volatile double *'
 BaseType_t xQueueGenericReceive( QueueHandle_t xQueue, void * const pvBuffer, TickType_t xTicksToWait, const BaseType_t xJustPeek ) PRIVILEGED_FUNCTION;
            ^
main.c: In function 'PRVGADraw_Task':
main.c:212:6: warning: operation on 'i' may be undefined [-Wsequence-point]
    i = ++i%100;
      ^
Info: Linking freqyAnalyser.elf
nios2-elf-g++  -T'../freqyAnalyser_bsp//linker.x' -msys-crt0='../freqyAnalyser_bsp//obj/HAL/src/crt0.o' -msys-lib=hal_bsp -L../freqyAnalyser_bsp/   -Wl,-Map=freqyAnalyser.map   -O0 -g -Wall   -mhw-div -mhw-mul -mno-hw-mulx -mgpopt=global  -o freqyAnalyser.elf obj/default/FreeRTOS/croutine.o obj/default/FreeRTOS/event_groups.o obj/default/FreeRTOS/heap.o obj/default/FreeRTOS/list.o obj/default/FreeRTOS/port.o obj/default/FreeRTOS/queue.o obj/default/FreeRTOS/tasks.o obj/default/FreeRTOS/timers.o obj/default/main.o obj/default/FreeRTOS/port_asm.o -lm -msys-lib=m
nios2-elf-insert freqyAnalyser.elf --thread_model hal --cpu_name nios2 --qsys true --simulation_enabled false --id 7 --sidp 0x430f0 --timestamp 1393900972 --stderr_dev jtag_uart --stdin_dev jtag_uart --stdout_dev jtag_uart --sopc_system_name nios2 --quartus_project_dir "H:/COMPSYS723/COMPSYS-723-Assignment-1/ffrequency_analyser" --sopcinfo H:/COMPSYS723/COMPSYS-723-Assignment-1/ffrequency_analyser/software/freqyAnalyser_bsp/../../nios2.sopcinfo
Info: (freqyAnalyser.elf) 633 KBytes program size (code + initialized data).
Info:                     130561 KBytes free for stack + heap.
Info: Creating freqyAnalyser.objdump
nios2-elf-objdump --disassemble --syms --all-header --source freqyAnalyser.elf >freqyAnalyser.objdump
[freqyAnalyser build complete]
16:04:06 **** Incremental Build of configuration Nios II for project freqyAnalyser ****
make all 
Info: Building ../freqyAnalyser_bsp/
C:/intelFPGA/18.1/nios2eds/bin/gnu/H-x86_64-mingw32/bin/make --no-print-directory -C ../freqyAnalyser_bsp/
[BSP build complete]
Info: Compiling main.c to obj/default/main.o
nios2-elf-gcc -xc -MP -MMD -c -I../freqyAnalyser_bsp//HAL/inc -I../freqyAnalyser_bsp/ -I../freqyAnalyser_bsp//drivers/inc  -pipe -D__hal__ -DALT_NO_INSTRUCTION_EMULATION -DALT_SINGLE_THREADED    -O0 -g -Wall   -mhw-div -mhw-mul -mno-hw-mulx -mgpopt=global  -o obj/default/main.o main.c
In file included from main.c:19:0:
main.c: In function 'freq_relay_isr':
FreeRTOS/queue.h:1261:117: warning: passing argument 2 of 'xQueueGenericSendFromISR' discards 'volatile' qualifier from pointer target type [-Wdiscarded-qualifiers]
 #define xQueueSendFromISR( xQueue, pvItemToQueue, pxHigherPriorityTaskWoken ) xQueueGenericSendFromISR( ( xQueue ), ( pvItemToQueue ), ( pxHigherPriorityTaskWoken ), queueSEND_TO_BACK )
                                                                                                                     ^
main.c:93:5: note: in expansion of macro 'xQueueSendFromISR'
     xQueueSendFromISR(stabilityTaskQueue, &frequency, pdFALSE);
     ^
FreeRTOS/queue.h:1340:12: note: expected 'const void * const' but argument is of type 'volatile double *'
 BaseType_t xQueueGenericSendFromISR( QueueHandle_t xQueue, const void * const pvItemToQueue, BaseType_t * const pxHigherPriorityTaskWoken, const BaseType_t xCopyPosition ) PRIVILEGED_FUNCTION;
            ^
FreeRTOS/queue.h:1100:123: warning: passing argument 2 of 'xQueueGenericSendFromISR' discards 'volatile' qualifier from pointer target type [-Wdiscarded-qualifiers]
 #define xQueueSendToBackFromISR( xQueue, pvItemToQueue, pxHigherPriorityTaskWoken ) xQueueGenericSendFromISR( ( xQueue ), ( pvItemToQueue ), ( pxHigherPriorityTaskWoken ), queueSEND_TO_BACK )
                                                                                                                           ^
main.c:94:5: note: in expansion of macro 'xQueueSendToBackFromISR'
     xQueueSendToBackFromISR( Q_freq_data, &frequency, pdFALSE );
     ^
FreeRTOS/queue.h:1340:12: note: expected 'const void * const' but argument is of type 'volatile double *'
 BaseType_t xQueueGenericSendFromISR( QueueHandle_t xQueue, const void * const pvItemToQueue, BaseType_t * const pxHigherPriorityTaskWoken, const BaseType_t xCopyPosition ) PRIVILEGED_FUNCTION;
            ^
main.c: In function 'stabilityMonitorTask':
FreeRTOS/queue.h:814:91: warning: passing argument 2 of 'xQueueGenericReceive' discards 'volatile' qualifier from pointer target type [-Wdiscarded-qualifiers]
 #define xQueueReceive( xQueue, pvBuffer, xTicksToWait ) xQueueGenericReceive( ( xQueue ), ( pvBuffer ), ( xTicksToWait ), pdFALSE )
                                                                                           ^
main.c:100:13: note: in expansion of macro 'xQueueReceive'
         if (xQueueReceive(stabilityTaskQueue, &frequency, portMAX_DELAY)) {
             ^
FreeRTOS/queue.h:913:12: note: expected 'void * const' but argument is of type 'volatile double *'
 BaseType_t xQueueGenericReceive( QueueHandle_t xQueue, void * const pvBuffer, TickType_t xTicksToWait, const BaseType_t xJustPeek ) PRIVILEGED_FUNCTION;
            ^
main.c: In function 'PRVGADraw_Task':
main.c:212:6: warning: operation on 'i' may be undefined [-Wsequence-point]
    i = ++i%100;
      ^
Info: Linking freqyAnalyser.elf
nios2-elf-g++  -T'../freqyAnalyser_bsp//linker.x' -msys-crt0='../freqyAnalyser_bsp//obj/HAL/src/crt0.o' -msys-lib=hal_bsp -L../freqyAnalyser_bsp/   -Wl,-Map=freqyAnalyser.map   -O0 -g -Wall   -mhw-div -mhw-mul -mno-hw-mulx -mgpopt=global  -o freqyAnalyser.elf obj/default/FreeRTOS/croutine.o obj/default/FreeRTOS/event_groups.o obj/default/FreeRTOS/heap.o obj/default/FreeRTOS/list.o obj/default/FreeRTOS/port.o obj/default/FreeRTOS/queue.o obj/default/FreeRTOS/tasks.o obj/default/FreeRTOS/timers.o obj/default/main.o obj/default/FreeRTOS/port_asm.o -lm -msys-lib=m
nios2-elf-insert freqyAnalyser.elf --thread_model hal --cpu_name nios2 --qsys true --simulation_enabled false --id 7 --sidp 0x430f0 --timestamp 1393900972 --stderr_dev jtag_uart --stdin_dev jtag_uart --stdout_dev jtag_uart --sopc_system_name nios2 --quartus_project_dir "H:/COMPSYS723/COMPSYS-723-Assignment-1/ffrequency_analyser" --sopcinfo H:/COMPSYS723/COMPSYS-723-Assignment-1/ffrequency_analyser/software/freqyAnalyser_bsp/../../nios2.sopcinfo
Info: (freqyAnalyser.elf) 633 KBytes program size (code + initialized data).
Info:                     130561 KBytes free for stack + heap.
Info: Creating freqyAnalyser.objdump
nios2-elf-objdump --disassemble --syms --all-header --source freqyAnalyser.elf >freqyAnalyser.objdump
[freqyAnalyser build complete]
16:05:14 **** Incremental Build of configuration Nios II for project freqyAnalyser ****
make all 
Info: Building ../freqyAnalyser_bsp/
C:/intelFPGA/18.1/nios2eds/bin/gnu/H-x86_64-mingw32/bin/make --no-print-directory -C ../freqyAnalyser_bsp/
[BSP build complete]
Info: Compiling main.c to obj/default/main.o
nios2-elf-gcc -xc -MP -MMD -c -I../freqyAnalyser_bsp//HAL/inc -I../freqyAnalyser_bsp/ -I../freqyAnalyser_bsp//drivers/inc  -pipe -D__hal__ -DALT_NO_INSTRUCTION_EMULATION -DALT_SINGLE_THREADED    -O0 -g -Wall   -mhw-div -mhw-mul -mno-hw-mulx -mgpopt=global  -o obj/default/main.o main.c
In file included from main.c:19:0:
main.c: In function 'freq_relay_isr':
FreeRTOS/queue.h:1261:117: warning: passing argument 2 of 'xQueueGenericSendFromISR' discards 'volatile' qualifier from pointer target type [-Wdiscarded-qualifiers]
 #define xQueueSendFromISR( xQueue, pvItemToQueue, pxHigherPriorityTaskWoken ) xQueueGenericSendFromISR( ( xQueue ), ( pvItemToQueue ), ( pxHigherPriorityTaskWoken ), queueSEND_TO_BACK )
                                                                                                                     ^
main.c:93:5: note: in expansion of macro 'xQueueSendFromISR'
     xQueueSendFromISR(stabilityTaskQueue, &frequency, pdFALSE);
     ^
FreeRTOS/queue.h:1340:12: note: expected 'const void * const' but argument is of type 'volatile double *'
 BaseType_t xQueueGenericSendFromISR( QueueHandle_t xQueue, const void * const pvItemToQueue, BaseType_t * const pxHigherPriorityTaskWoken, const BaseType_t xCopyPosition ) PRIVILEGED_FUNCTION;
            ^
FreeRTOS/queue.h:1100:123: warning: passing argument 2 of 'xQueueGenericSendFromISR' discards 'volatile' qualifier from pointer target type [-Wdiscarded-qualifiers]
 #define xQueueSendToBackFromISR( xQueue, pvItemToQueue, pxHigherPriorityTaskWoken ) xQueueGenericSendFromISR( ( xQueue ), ( pvItemToQueue ), ( pxHigherPriorityTaskWoken ), queueSEND_TO_BACK )
                                                                                                                           ^
main.c:94:5: note: in expansion of macro 'xQueueSendToBackFromISR'
     xQueueSendToBackFromISR( Q_freq_data, &frequency, pdFALSE );
     ^
FreeRTOS/queue.h:1340:12: note: expected 'const void * const' but argument is of type 'volatile double *'
 BaseType_t xQueueGenericSendFromISR( QueueHandle_t xQueue, const void * const pvItemToQueue, BaseType_t * const pxHigherPriorityTaskWoken, const BaseType_t xCopyPosition ) PRIVILEGED_FUNCTION;
            ^
main.c: In function 'stabilityMonitorTask':
FreeRTOS/queue.h:814:91: warning: passing argument 2 of 'xQueueGenericReceive' discards 'volatile' qualifier from pointer target type [-Wdiscarded-qualifiers]
 #define xQueueReceive( xQueue, pvBuffer, xTicksToWait ) xQueueGenericReceive( ( xQueue ), ( pvBuffer ), ( xTicksToWait ), pdFALSE )
                                                                                           ^
main.c:100:13: note: in expansion of macro 'xQueueReceive'
         if (xQueueReceive(stabilityTaskQueue, &frequency, portMAX_DELAY)) {
             ^
FreeRTOS/queue.h:913:12: note: expected 'void * const' but argument is of type 'volatile double *'
 BaseType_t xQueueGenericReceive( QueueHandle_t xQueue, void * const pvBuffer, TickType_t xTicksToWait, const BaseType_t xJustPeek ) PRIVILEGED_FUNCTION;
            ^
main.c: In function 'PRVGADraw_Task':
main.c:212:6: warning: operation on 'i' may be undefined [-Wsequence-point]
    i = ++i%100;
      ^
Info: Linking freqyAnalyser.elf
nios2-elf-g++  -T'../freqyAnalyser_bsp//linker.x' -msys-crt0='../freqyAnalyser_bsp//obj/HAL/src/crt0.o' -msys-lib=hal_bsp -L../freqyAnalyser_bsp/   -Wl,-Map=freqyAnalyser.map   -O0 -g -Wall   -mhw-div -mhw-mul -mno-hw-mulx -mgpopt=global  -o freqyAnalyser.elf obj/default/FreeRTOS/croutine.o obj/default/FreeRTOS/event_groups.o obj/default/FreeRTOS/heap.o obj/default/FreeRTOS/list.o obj/default/FreeRTOS/port.o obj/default/FreeRTOS/queue.o obj/default/FreeRTOS/tasks.o obj/default/FreeRTOS/timers.o obj/default/main.o obj/default/FreeRTOS/port_asm.o -lm -msys-lib=m
nios2-elf-insert freqyAnalyser.elf --thread_model hal --cpu_name nios2 --qsys true --simulation_enabled false --id 7 --sidp 0x430f0 --timestamp 1393900972 --stderr_dev jtag_uart --stdin_dev jtag_uart --stdout_dev jtag_uart --sopc_system_name nios2 --quartus_project_dir "H:/COMPSYS723/COMPSYS-723-Assignment-1/ffrequency_analyser" --sopcinfo H:/COMPSYS723/COMPSYS-723-Assignment-1/ffrequency_analyser/software/freqyAnalyser_bsp/../../nios2.sopcinfo
Info: (freqyAnalyser.elf) 633 KBytes program size (code + initialized data).
Info:                     130561 KBytes free for stack + heap.
Info: Creating freqyAnalyser.objdump
nios2-elf-objdump --disassemble --syms --all-header --source freqyAnalyser.elf >freqyAnalyser.objdump
[freqyAnalyser build complete]
16:15:23 **** Incremental Build of configuration Nios II for project freqyAnalyser ****
make all 
Info: Building ../freqyAnalyser_bsp/
C:/intelFPGA/18.1/nios2eds/bin/gnu/H-x86_64-mingw32/bin/make --no-print-directory -C ../freqyAnalyser_bsp/
[BSP build complete]
Info: Compiling main.c to obj/default/main.o
nios2-elf-gcc -xc -MP -MMD -c -I../freqyAnalyser_bsp//HAL/inc -I../freqyAnalyser_bsp/ -I../freqyAnalyser_bsp//drivers/inc  -pipe -D__hal__ -DALT_NO_INSTRUCTION_EMULATION -DALT_SINGLE_THREADED    -O0 -g -Wall   -mhw-div -mhw-mul -mno-hw-mulx -mgpopt=global  -o obj/default/main.o main.c
In file included from main.c:19:0:
main.c: In function 'freq_relay_isr':
FreeRTOS/queue.h:1261:117: warning: passing argument 2 of 'xQueueGenericSendFromISR' discards 'volatile' qualifier from pointer target type [-Wdiscarded-qualifiers]
 #define xQueueSendFromISR( xQueue, pvItemToQueue, pxHigherPriorityTaskWoken ) xQueueGenericSendFromISR( ( xQueue ), ( pvItemToQueue ), ( pxHigherPriorityTaskWoken ), queueSEND_TO_BACK )
                                                                                                                     ^
main.c:92:5: note: in expansion of macro 'xQueueSendFromISR'
     xQueueSendFromISR(stabilityTaskQueue, &frequency, pdFALSE);
     ^
FreeRTOS/queue.h:1340:12: note: expected 'const void * const' but argument is of type 'volatile double *'
 BaseType_t xQueueGenericSendFromISR( QueueHandle_t xQueue, const void * const pvItemToQueue, BaseType_t * const pxHigherPriorityTaskWoken, const BaseType_t xCopyPosition ) PRIVILEGED_FUNCTION;
            ^
FreeRTOS/queue.h:1100:123: warning: passing argument 2 of 'xQueueGenericSendFromISR' discards 'volatile' qualifier from pointer target type [-Wdiscarded-qualifiers]
 #define xQueueSendToBackFromISR( xQueue, pvItemToQueue, pxHigherPriorityTaskWoken ) xQueueGenericSendFromISR( ( xQueue ), ( pvItemToQueue ), ( pxHigherPriorityTaskWoken ), queueSEND_TO_BACK )
                                                                                                                           ^
main.c:93:5: note: in expansion of macro 'xQueueSendToBackFromISR'
     xQueueSendToBackFromISR( Q_freq_data, &frequency, pdFALSE );
     ^
FreeRTOS/queue.h:1340:12: note: expected 'const void * const' but argument is of type 'volatile double *'
 BaseType_t xQueueGenericSendFromISR( QueueHandle_t xQueue, const void * const pvItemToQueue, BaseType_t * const pxHigherPriorityTaskWoken, const BaseType_t xCopyPosition ) PRIVILEGED_FUNCTION;
            ^
main.c: In function 'stabilityMonitorTask':
FreeRTOS/queue.h:814:91: warning: passing argument 2 of 'xQueueGenericReceive' discards 'volatile' qualifier from pointer target type [-Wdiscarded-qualifiers]
 #define xQueueReceive( xQueue, pvBuffer, xTicksToWait ) xQueueGenericReceive( ( xQueue ), ( pvBuffer ), ( xTicksToWait ), pdFALSE )
                                                                                           ^
main.c:99:13: note: in expansion of macro 'xQueueReceive'
         if (xQueueReceive(stabilityTaskQueue, &frequency, portMAX_DELAY)) {
             ^
FreeRTOS/queue.h:913:12: note: expected 'void * const' but argument is of type 'volatile double *'
 BaseType_t xQueueGenericReceive( QueueHandle_t xQueue, void * const pvBuffer, TickType_t xTicksToWait, const BaseType_t xJustPeek ) PRIVILEGED_FUNCTION;
            ^
main.c: In function 'pollingSwitchsTask':
main.c:170:17: error: 'switchTaskQueue' undeclared (first use in this function)
      xQueueSend(switchTaskQueue, &load_state, portMAX_DELAY);
                 ^
FreeRTOS/queue.h:421:80: note: in definition of macro 'xQueueSend'
 #define xQueueSend( xQueue, pvItemToQueue, xTicksToWait ) xQueueGenericSend( ( xQueue ), ( pvItemToQueue ), ( xTicksToWait ), queueSEND_TO_BACK )
                                                                                ^
main.c:170:17: note: each undeclared identifier is reported only once for each function it appears in
      xQueueSend(switchTaskQueue, &load_state, portMAX_DELAY);
                 ^
FreeRTOS/queue.h:421:80: note: in definition of macro 'xQueueSend'
 #define xQueueSend( xQueue, pvItemToQueue, xTicksToWait ) xQueueGenericSend( ( xQueue ), ( pvItemToQueue ), ( xTicksToWait ), queueSEND_TO_BACK )
                                                                                ^
main.c:156:6: warning: unused variable 'led_output' [-Wunused-variable]
  int led_output = 0;
      ^
main.c: In function 'PRVGADraw_Task':
main.c:227:6: warning: operation on 'i' may be undefined [-Wsequence-point]
    i = ++i%100;
      ^
make: *** [obj/default/main.o] Error 1
16:17:44 **** Incremental Build of configuration Nios II for project freqyAnalyser ****
make all 
Info: Building ../freqyAnalyser_bsp/
C:/intelFPGA/18.1/nios2eds/bin/gnu/H-x86_64-mingw32/bin/make --no-print-directory -C ../freqyAnalyser_bsp/
[BSP build complete]
Info: Compiling main.c to obj/default/main.o
nios2-elf-gcc -xc -MP -MMD -c -I../freqyAnalyser_bsp//HAL/inc -I../freqyAnalyser_bsp/ -I../freqyAnalyser_bsp//drivers/inc  -pipe -D__hal__ -DALT_NO_INSTRUCTION_EMULATION -DALT_SINGLE_THREADED    -O0 -g -Wall   -mhw-div -mhw-mul -mno-hw-mulx -mgpopt=global  -o obj/default/main.o main.c
In file included from main.c:19:0:
main.c: In function 'freq_relay_isr':
FreeRTOS/queue.h:1261:117: warning: passing argument 2 of 'xQueueGenericSendFromISR' discards 'volatile' qualifier from pointer target type [-Wdiscarded-qualifiers]
 #define xQueueSendFromISR( xQueue, pvItemToQueue, pxHigherPriorityTaskWoken ) xQueueGenericSendFromISR( ( xQueue ), ( pvItemToQueue ), ( pxHigherPriorityTaskWoken ), queueSEND_TO_BACK )
                                                                                                                     ^
main.c:92:5: note: in expansion of macro 'xQueueSendFromISR'
     xQueueSendFromISR(stabilityTaskQueue, &frequency, pdFALSE);
     ^
FreeRTOS/queue.h:1340:12: note: expected 'const void * const' but argument is of type 'volatile double *'
 BaseType_t xQueueGenericSendFromISR( QueueHandle_t xQueue, const void * const pvItemToQueue, BaseType_t * const pxHigherPriorityTaskWoken, const BaseType_t xCopyPosition ) PRIVILEGED_FUNCTION;
            ^
FreeRTOS/queue.h:1100:123: warning: passing argument 2 of 'xQueueGenericSendFromISR' discards 'volatile' qualifier from pointer target type [-Wdiscarded-qualifiers]
 #define xQueueSendToBackFromISR( xQueue, pvItemToQueue, pxHigherPriorityTaskWoken ) xQueueGenericSendFromISR( ( xQueue ), ( pvItemToQueue ), ( pxHigherPriorityTaskWoken ), queueSEND_TO_BACK )
                                                                                                                           ^
main.c:93:5: note: in expansion of macro 'xQueueSendToBackFromISR'
     xQueueSendToBackFromISR( Q_freq_data, &frequency, pdFALSE );
     ^
FreeRTOS/queue.h:1340:12: note: expected 'const void * const' but argument is of type 'volatile double *'
 BaseType_t xQueueGenericSendFromISR( QueueHandle_t xQueue, const void * const pvItemToQueue, BaseType_t * const pxHigherPriorityTaskWoken, const BaseType_t xCopyPosition ) PRIVILEGED_FUNCTION;
            ^
main.c: In function 'stabilityMonitorTask':
FreeRTOS/queue.h:814:91: warning: passing argument 2 of 'xQueueGenericReceive' discards 'volatile' qualifier from pointer target type [-Wdiscarded-qualifiers]
 #define xQueueReceive( xQueue, pvBuffer, xTicksToWait ) xQueueGenericReceive( ( xQueue ), ( pvBuffer ), ( xTicksToWait ), pdFALSE )
                                                                                           ^
main.c:99:13: note: in expansion of macro 'xQueueReceive'
         if (xQueueReceive(stabilityTaskQueue, &frequency, portMAX_DELAY)) {
             ^
FreeRTOS/queue.h:913:12: note: expected 'void * const' but argument is of type 'volatile double *'
 BaseType_t xQueueGenericReceive( QueueHandle_t xQueue, void * const pvBuffer, TickType_t xTicksToWait, const BaseType_t xJustPeek ) PRIVILEGED_FUNCTION;
            ^
main.c: In function 'pollingSwitchsTask':
main.c:157:6: warning: unused variable 'led_output' [-Wunused-variable]
  int led_output = 0;
      ^
main.c: In function 'PRVGADraw_Task':
main.c:227:6: warning: operation on 'i' may be undefined [-Wsequence-point]
    i = ++i%100;
      ^
Info: Linking freqyAnalyser.elf
nios2-elf-g++  -T'../freqyAnalyser_bsp//linker.x' -msys-crt0='../freqyAnalyser_bsp//obj/HAL/src/crt0.o' -msys-lib=hal_bsp -L../freqyAnalyser_bsp/   -Wl,-Map=freqyAnalyser.map   -O0 -g -Wall   -mhw-div -mhw-mul -mno-hw-mulx -mgpopt=global  -o freqyAnalyser.elf obj/default/FreeRTOS/croutine.o obj/default/FreeRTOS/event_groups.o obj/default/FreeRTOS/heap.o obj/default/FreeRTOS/list.o obj/default/FreeRTOS/port.o obj/default/FreeRTOS/queue.o obj/default/FreeRTOS/tasks.o obj/default/FreeRTOS/timers.o obj/default/main.o obj/default/FreeRTOS/port_asm.o -lm -msys-lib=m
nios2-elf-insert freqyAnalyser.elf --thread_model hal --cpu_name nios2 --qsys true --simulation_enabled false --id 7 --sidp 0x430f0 --timestamp 1393900972 --stderr_dev jtag_uart --stdin_dev jtag_uart --stdout_dev jtag_uart --sopc_system_name nios2 --quartus_project_dir "H:/COMPSYS723/COMPSYS-723-Assignment-1/ffrequency_analyser" --sopcinfo H:/COMPSYS723/COMPSYS-723-Assignment-1/ffrequency_analyser/software/freqyAnalyser_bsp/../../nios2.sopcinfo
Info: (freqyAnalyser.elf) 633 KBytes program size (code + initialized data).
Info:                     130561 KBytes free for stack + heap.
Info: Creating freqyAnalyser.objdump
nios2-elf-objdump --disassemble --syms --all-header --source freqyAnalyser.elf >freqyAnalyser.objdump
[freqyAnalyser build complete]
16:18:08 **** Incremental Build of configuration Nios II for project freqyAnalyser ****
make all 
Info: Building ../freqyAnalyser_bsp/
C:/intelFPGA/18.1/nios2eds/bin/gnu/H-x86_64-mingw32/bin/make --no-print-directory -C ../freqyAnalyser_bsp/
[BSP build complete]
[freqyAnalyser build complete]
16:18:53 **** Incremental Build of configuration Nios II for project freqyAnalyser ****
make all 
Info: Building ../freqyAnalyser_bsp/
C:/intelFPGA/18.1/nios2eds/bin/gnu/H-x86_64-mingw32/bin/make --no-print-directory -C ../freqyAnalyser_bsp/
[BSP build complete]
Info: Compiling main.c to obj/default/main.o
nios2-elf-gcc -xc -MP -MMD -c -I../freqyAnalyser_bsp//HAL/inc -I../freqyAnalyser_bsp/ -I../freqyAnalyser_bsp//drivers/inc  -pipe -D__hal__ -DALT_NO_INSTRUCTION_EMULATION -DALT_SINGLE_THREADED    -O0 -g -Wall   -mhw-div -mhw-mul -mno-hw-mulx -mgpopt=global  -o obj/default/main.o main.c
In file included from main.c:19:0:
main.c: In function 'freq_relay_isr':
FreeRTOS/queue.h:1261:117: warning: passing argument 2 of 'xQueueGenericSendFromISR' discards 'volatile' qualifier from pointer target type [-Wdiscarded-qualifiers]
 #define xQueueSendFromISR( xQueue, pvItemToQueue, pxHigherPriorityTaskWoken ) xQueueGenericSendFromISR( ( xQueue ), ( pvItemToQueue ), ( pxHigherPriorityTaskWoken ), queueSEND_TO_BACK )
                                                                                                                     ^
main.c:92:5: note: in expansion of macro 'xQueueSendFromISR'
     xQueueSendFromISR(stabilityTaskQueue, &frequency, pdFALSE);
     ^
FreeRTOS/queue.h:1340:12: note: expected 'const void * const' but argument is of type 'volatile double *'
 BaseType_t xQueueGenericSendFromISR( QueueHandle_t xQueue, const void * const pvItemToQueue, BaseType_t * const pxHigherPriorityTaskWoken, const BaseType_t xCopyPosition ) PRIVILEGED_FUNCTION;
            ^
FreeRTOS/queue.h:1100:123: warning: passing argument 2 of 'xQueueGenericSendFromISR' discards 'volatile' qualifier from pointer target type [-Wdiscarded-qualifiers]
 #define xQueueSendToBackFromISR( xQueue, pvItemToQueue, pxHigherPriorityTaskWoken ) xQueueGenericSendFromISR( ( xQueue ), ( pvItemToQueue ), ( pxHigherPriorityTaskWoken ), queueSEND_TO_BACK )
                                                                                                                           ^
main.c:93:5: note: in expansion of macro 'xQueueSendToBackFromISR'
     xQueueSendToBackFromISR( Q_freq_data, &frequency, pdFALSE );
     ^
FreeRTOS/queue.h:1340:12: note: expected 'const void * const' but argument is of type 'volatile double *'
 BaseType_t xQueueGenericSendFromISR( QueueHandle_t xQueue, const void * const pvItemToQueue, BaseType_t * const pxHigherPriorityTaskWoken, const BaseType_t xCopyPosition ) PRIVILEGED_FUNCTION;
            ^
main.c: In function 'stabilityMonitorTask':
FreeRTOS/queue.h:814:91: warning: passing argument 2 of 'xQueueGenericReceive' discards 'volatile' qualifier from pointer target type [-Wdiscarded-qualifiers]
 #define xQueueReceive( xQueue, pvBuffer, xTicksToWait ) xQueueGenericReceive( ( xQueue ), ( pvBuffer ), ( xTicksToWait ), pdFALSE )
                                                                                           ^
main.c:99:13: note: in expansion of macro 'xQueueReceive'
         if (xQueueReceive(stabilityTaskQueue, &frequency, portMAX_DELAY)) {
             ^
FreeRTOS/queue.h:913:12: note: expected 'void * const' but argument is of type 'volatile double *'
 BaseType_t xQueueGenericReceive( QueueHandle_t xQueue, void * const pvBuffer, TickType_t xTicksToWait, const BaseType_t xJustPeek ) PRIVILEGED_FUNCTION;
            ^
main.c: In function 'pollingSwitchsTask':
main.c:157:6: warning: unused variable 'led_output' [-Wunused-variable]
  int led_output = 0;
      ^
main.c: In function 'PRVGADraw_Task':
main.c:227:6: warning: operation on 'i' may be undefined [-Wsequence-point]
    i = ++i%100;
      ^
Info: Linking freqyAnalyser.elf
nios2-elf-g++  -T'../freqyAnalyser_bsp//linker.x' -msys-crt0='../freqyAnalyser_bsp//obj/HAL/src/crt0.o' -msys-lib=hal_bsp -L../freqyAnalyser_bsp/   -Wl,-Map=freqyAnalyser.map   -O0 -g -Wall   -mhw-div -mhw-mul -mno-hw-mulx -mgpopt=global  -o freqyAnalyser.elf obj/default/FreeRTOS/croutine.o obj/default/FreeRTOS/event_groups.o obj/default/FreeRTOS/heap.o obj/default/FreeRTOS/list.o obj/default/FreeRTOS/port.o obj/default/FreeRTOS/queue.o obj/default/FreeRTOS/tasks.o obj/default/FreeRTOS/timers.o obj/default/main.o obj/default/FreeRTOS/port_asm.o -lm -msys-lib=m
nios2-elf-insert freqyAnalyser.elf --thread_model hal --cpu_name nios2 --qsys true --simulation_enabled false --id 7 --sidp 0x430f0 --timestamp 1393900972 --stderr_dev jtag_uart --stdin_dev jtag_uart --stdout_dev jtag_uart --sopc_system_name nios2 --quartus_project_dir "H:/COMPSYS723/COMPSYS-723-Assignment-1/ffrequency_analyser" --sopcinfo H:/COMPSYS723/COMPSYS-723-Assignment-1/ffrequency_analyser/software/freqyAnalyser_bsp/../../nios2.sopcinfo
Info: (freqyAnalyser.elf) 633 KBytes program size (code + initialized data).
Info:                     130561 KBytes free for stack + heap.
Info: Creating freqyAnalyser.objdump
nios2-elf-objdump --disassemble --syms --all-header --source freqyAnalyser.elf >freqyAnalyser.objdump
[freqyAnalyser build complete]
16:20:58 **** Incremental Build of configuration Nios II for project freqyAnalyser ****
make all 
Info: Building ../freqyAnalyser_bsp/
C:/intelFPGA/18.1/nios2eds/bin/gnu/H-x86_64-mingw32/bin/make --no-print-directory -C ../freqyAnalyser_bsp/
[BSP build complete]
Info: Compiling main.c to obj/default/main.o
nios2-elf-gcc -xc -MP -MMD -c -I../freqyAnalyser_bsp//HAL/inc -I../freqyAnalyser_bsp/ -I../freqyAnalyser_bsp//drivers/inc  -pipe -D__hal__ -DALT_NO_INSTRUCTION_EMULATION -DALT_SINGLE_THREADED    -O0 -g -Wall   -mhw-div -mhw-mul -mno-hw-mulx -mgpopt=global  -o obj/default/main.o main.c
In file included from main.c:19:0:
main.c: In function 'freq_relay_isr':
FreeRTOS/queue.h:1261:117: warning: passing argument 2 of 'xQueueGenericSendFromISR' discards 'volatile' qualifier from pointer target type [-Wdiscarded-qualifiers]
 #define xQueueSendFromISR( xQueue, pvItemToQueue, pxHigherPriorityTaskWoken ) xQueueGenericSendFromISR( ( xQueue ), ( pvItemToQueue ), ( pxHigherPriorityTaskWoken ), queueSEND_TO_BACK )
                                                                                                                     ^
main.c:92:5: note: in expansion of macro 'xQueueSendFromISR'
     xQueueSendFromISR(stabilityTaskQueue, &frequency, pdFALSE);
     ^
FreeRTOS/queue.h:1340:12: note: expected 'const void * const' but argument is of type 'volatile double *'
 BaseType_t xQueueGenericSendFromISR( QueueHandle_t xQueue, const void * const pvItemToQueue, BaseType_t * const pxHigherPriorityTaskWoken, const BaseType_t xCopyPosition ) PRIVILEGED_FUNCTION;
            ^
FreeRTOS/queue.h:1100:123: warning: passing argument 2 of 'xQueueGenericSendFromISR' discards 'volatile' qualifier from pointer target type [-Wdiscarded-qualifiers]
 #define xQueueSendToBackFromISR( xQueue, pvItemToQueue, pxHigherPriorityTaskWoken ) xQueueGenericSendFromISR( ( xQueue ), ( pvItemToQueue ), ( pxHigherPriorityTaskWoken ), queueSEND_TO_BACK )
                                                                                                                           ^
main.c:93:5: note: in expansion of macro 'xQueueSendToBackFromISR'
     xQueueSendToBackFromISR( Q_freq_data, &frequency, pdFALSE );
     ^
FreeRTOS/queue.h:1340:12: note: expected 'const void * const' but argument is of type 'volatile double *'
 BaseType_t xQueueGenericSendFromISR( QueueHandle_t xQueue, const void * const pvItemToQueue, BaseType_t * const pxHigherPriorityTaskWoken, const BaseType_t xCopyPosition ) PRIVILEGED_FUNCTION;
            ^
main.c: In function 'stabilityMonitorTask':
FreeRTOS/queue.h:814:91: warning: passing argument 2 of 'xQueueGenericReceive' discards 'volatile' qualifier from pointer target type [-Wdiscarded-qualifiers]
 #define xQueueReceive( xQueue, pvBuffer, xTicksToWait ) xQueueGenericReceive( ( xQueue ), ( pvBuffer ), ( xTicksToWait ), pdFALSE )
                                                                                           ^
main.c:99:13: note: in expansion of macro 'xQueueReceive'
         if (xQueueReceive(stabilityTaskQueue, &frequency, portMAX_DELAY)) {
             ^
FreeRTOS/queue.h:913:12: note: expected 'void * const' but argument is of type 'volatile double *'
 BaseType_t xQueueGenericReceive( QueueHandle_t xQueue, void * const pvBuffer, TickType_t xTicksToWait, const BaseType_t xJustPeek ) PRIVILEGED_FUNCTION;
            ^
main.c: In function 'pollingSwitchsTask':
main.c:157:6: warning: unused variable 'led_output' [-Wunused-variable]
  int led_output = 0;
      ^
main.c: In function 'PRVGADraw_Task':
main.c:227:6: warning: operation on 'i' may be undefined [-Wsequence-point]
    i = ++i%100;
      ^
main.c: In function 'LCD_task':
main.c:292:8: warning: variable 'lcd' set but not used [-Wunused-but-set-variable]
  FILE *lcd;
        ^
Info: Linking freqyAnalyser.elf
nios2-elf-g++  -T'../freqyAnalyser_bsp//linker.x' -msys-crt0='../freqyAnalyser_bsp//obj/HAL/src/crt0.o' -msys-lib=hal_bsp -L../freqyAnalyser_bsp/   -Wl,-Map=freqyAnalyser.map   -O0 -g -Wall   -mhw-div -mhw-mul -mno-hw-mulx -mgpopt=global  -o freqyAnalyser.elf obj/default/FreeRTOS/croutine.o obj/default/FreeRTOS/event_groups.o obj/default/FreeRTOS/heap.o obj/default/FreeRTOS/list.o obj/default/FreeRTOS/port.o obj/default/FreeRTOS/queue.o obj/default/FreeRTOS/tasks.o obj/default/FreeRTOS/timers.o obj/default/main.o obj/default/FreeRTOS/port_asm.o -lm -msys-lib=m
nios2-elf-insert freqyAnalyser.elf --thread_model hal --cpu_name nios2 --qsys true --simulation_enabled false --id 7 --sidp 0x430f0 --timestamp 1393900972 --stderr_dev jtag_uart --stdin_dev jtag_uart --stdout_dev jtag_uart --sopc_system_name nios2 --quartus_project_dir "H:/COMPSYS723/COMPSYS-723-Assignment-1/ffrequency_analyser" --sopcinfo H:/COMPSYS723/COMPSYS-723-Assignment-1/ffrequency_analyser/software/freqyAnalyser_bsp/../../nios2.sopcinfo
Info: (freqyAnalyser.elf) 633 KBytes program size (code + initialized data).
Info:                     130561 KBytes free for stack + heap.
Info: Creating freqyAnalyser.objdump
nios2-elf-objdump --disassemble --syms --all-header --source freqyAnalyser.elf >freqyAnalyser.objdump
[freqyAnalyser build complete]
16:26:10 **** Incremental Build of configuration Nios II for project freqyAnalyser ****
make all 
Info: Building ../freqyAnalyser_bsp/
C:/intelFPGA/18.1/nios2eds/bin/gnu/H-x86_64-mingw32/bin/make --no-print-directory -C ../freqyAnalyser_bsp/
[BSP build complete]
Info: Compiling main.c to obj/default/main.o
nios2-elf-gcc -xc -MP -MMD -c -I../freqyAnalyser_bsp//HAL/inc -I../freqyAnalyser_bsp/ -I../freqyAnalyser_bsp//drivers/inc  -pipe -D__hal__ -DALT_NO_INSTRUCTION_EMULATION -DALT_SINGLE_THREADED    -O0 -g -Wall   -mhw-div -mhw-mul -mno-hw-mulx -mgpopt=global  -o obj/default/main.o main.c
main.c: In function 'stabilityMonitorTask':
main.c:121:17: warning: unused variable 'previous_freq' [-Wunused-variable]
          double previous_freq = data.old_frequency;
                 ^
main.c: In function 'pollingSwitchsTask':
main.c:174:6: warning: unused variable 'led_output' [-Wunused-variable]
  int led_output = 0;
      ^
main.c: In function 'PRVGADraw_Task':
main.c:244:6: warning: operation on 'i' may be undefined [-Wsequence-point]
    i = ++i%100;
      ^
main.c: In function 'LCD_task':
main.c:309:8: warning: variable 'lcd' set but not used [-Wunused-but-set-variable]
  FILE *lcd;
        ^
Info: Linking freqyAnalyser.elf
nios2-elf-g++  -T'../freqyAnalyser_bsp//linker.x' -msys-crt0='../freqyAnalyser_bsp//obj/HAL/src/crt0.o' -msys-lib=hal_bsp -L../freqyAnalyser_bsp/   -Wl,-Map=freqyAnalyser.map   -O0 -g -Wall   -mhw-div -mhw-mul -mno-hw-mulx -mgpopt=global  -o freqyAnalyser.elf obj/default/FreeRTOS/croutine.o obj/default/FreeRTOS/event_groups.o obj/default/FreeRTOS/heap.o obj/default/FreeRTOS/list.o obj/default/FreeRTOS/port.o obj/default/FreeRTOS/queue.o obj/default/FreeRTOS/tasks.o obj/default/FreeRTOS/timers.o obj/default/main.o obj/default/FreeRTOS/port_asm.o -lm -msys-lib=m
nios2-elf-insert freqyAnalyser.elf --thread_model hal --cpu_name nios2 --qsys true --simulation_enabled false --id 7 --sidp 0x430f0 --timestamp 1393900972 --stderr_dev jtag_uart --stdin_dev jtag_uart --stdout_dev jtag_uart --sopc_system_name nios2 --quartus_project_dir "H:/COMPSYS723/COMPSYS-723-Assignment-1/ffrequency_analyser" --sopcinfo H:/COMPSYS723/COMPSYS-723-Assignment-1/ffrequency_analyser/software/freqyAnalyser_bsp/../../nios2.sopcinfo
Info: (freqyAnalyser.elf) 633 KBytes program size (code + initialized data).
Info:                     130561 KBytes free for stack + heap.
Info: Creating freqyAnalyser.objdump
nios2-elf-objdump --disassemble --syms --all-header --source freqyAnalyser.elf >freqyAnalyser.objdump
[freqyAnalyser build complete]
16:26:46 **** Incremental Build of configuration Nios II for project freqyAnalyser ****
make all 
Info: Building ../freqyAnalyser_bsp/
C:/intelFPGA/18.1/nios2eds/bin/gnu/H-x86_64-mingw32/bin/make --no-print-directory -C ../freqyAnalyser_bsp/
[BSP build complete]
[freqyAnalyser build complete]
16:27:17 **** Incremental Build of configuration Nios II for project freqyAnalyser ****
make all 
Info: Building ../freqyAnalyser_bsp/
C:/intelFPGA/18.1/nios2eds/bin/gnu/H-x86_64-mingw32/bin/make --no-print-directory -C ../freqyAnalyser_bsp/
[BSP build complete]
Info: Compiling main.c to obj/default/main.o
nios2-elf-gcc -xc -MP -MMD -c -I../freqyAnalyser_bsp//HAL/inc -I../freqyAnalyser_bsp/ -I../freqyAnalyser_bsp//drivers/inc  -pipe -D__hal__ -DALT_NO_INSTRUCTION_EMULATION -DALT_SINGLE_THREADED    -O0 -g -Wall   -mhw-div -mhw-mul -mno-hw-mulx -mgpopt=global  -o obj/default/main.o main.c
main.c: In function 'pollingSwitchsTask':
main.c:175:6: warning: unused variable 'led_output' [-Wunused-variable]
  int led_output = 0;
      ^
main.c: In function 'PRVGADraw_Task':
main.c:245:6: warning: operation on 'i' may be undefined [-Wsequence-point]
    i = ++i%100;
      ^
main.c: In function 'LCD_task':
main.c:310:8: warning: variable 'lcd' set but not used [-Wunused-but-set-variable]
  FILE *lcd;
        ^
Info: Linking freqyAnalyser.elf
nios2-elf-g++  -T'../freqyAnalyser_bsp//linker.x' -msys-crt0='../freqyAnalyser_bsp//obj/HAL/src/crt0.o' -msys-lib=hal_bsp -L../freqyAnalyser_bsp/   -Wl,-Map=freqyAnalyser.map   -O0 -g -Wall   -mhw-div -mhw-mul -mno-hw-mulx -mgpopt=global  -o freqyAnalyser.elf obj/default/FreeRTOS/croutine.o obj/default/FreeRTOS/event_groups.o obj/default/FreeRTOS/heap.o obj/default/FreeRTOS/list.o obj/default/FreeRTOS/port.o obj/default/FreeRTOS/queue.o obj/default/FreeRTOS/tasks.o obj/default/FreeRTOS/timers.o obj/default/main.o obj/default/FreeRTOS/port_asm.o -lm -msys-lib=m
nios2-elf-insert freqyAnalyser.elf --thread_model hal --cpu_name nios2 --qsys true --simulation_enabled false --id 7 --sidp 0x430f0 --timestamp 1393900972 --stderr_dev jtag_uart --stdin_dev jtag_uart --stdout_dev jtag_uart --sopc_system_name nios2 --quartus_project_dir "H:/COMPSYS723/COMPSYS-723-Assignment-1/ffrequency_analyser" --sopcinfo H:/COMPSYS723/COMPSYS-723-Assignment-1/ffrequency_analyser/software/freqyAnalyser_bsp/../../nios2.sopcinfo
Info: (freqyAnalyser.elf) 633 KBytes program size (code + initialized data).
Info:                     130561 KBytes free for stack + heap.
Info: Creating freqyAnalyser.objdump
nios2-elf-objdump --disassemble --syms --all-header --source freqyAnalyser.elf >freqyAnalyser.objdump
[freqyAnalyser build complete]
16:29:03 **** Incremental Build of configuration Nios II for project freqyAnalyser ****
make all 
Info: Building ../freqyAnalyser_bsp/
C:/intelFPGA/18.1/nios2eds/bin/gnu/H-x86_64-mingw32/bin/make --no-print-directory -C ../freqyAnalyser_bsp/
[BSP build complete]
[freqyAnalyser build complete]
16:30:10 **** Incremental Build of configuration Nios II for project freqyAnalyser ****
make all 
Info: Building ../freqyAnalyser_bsp/
C:/intelFPGA/18.1/nios2eds/bin/gnu/H-x86_64-mingw32/bin/make --no-print-directory -C ../freqyAnalyser_bsp/
[BSP build complete]
Info: Compiling main.c to obj/default/main.o
nios2-elf-gcc -xc -MP -MMD -c -I../freqyAnalyser_bsp//HAL/inc -I../freqyAnalyser_bsp/ -I../freqyAnalyser_bsp//drivers/inc  -pipe -D__hal__ -DALT_NO_INSTRUCTION_EMULATION -DALT_SINGLE_THREADED    -O0 -g -Wall   -mhw-div -mhw-mul -mno-hw-mulx -mgpopt=global  -o obj/default/main.o main.c
main.c: In function 'pollingSwitchsTask':
main.c:171:6: warning: unused variable 'led_output' [-Wunused-variable]
  int led_output = 0;
      ^
main.c: In function 'PRVGADraw_Task':
main.c:241:6: warning: operation on 'i' may be undefined [-Wsequence-point]
    i = ++i%100;
      ^
main.c: In function 'LCD_task':
main.c:306:8: warning: variable 'lcd' set but not used [-Wunused-but-set-variable]
  FILE *lcd;
        ^
Info: Linking freqyAnalyser.elf
nios2-elf-g++  -T'../freqyAnalyser_bsp//linker.x' -msys-crt0='../freqyAnalyser_bsp//obj/HAL/src/crt0.o' -msys-lib=hal_bsp -L../freqyAnalyser_bsp/   -Wl,-Map=freqyAnalyser.map   -O0 -g -Wall   -mhw-div -mhw-mul -mno-hw-mulx -mgpopt=global  -o freqyAnalyser.elf obj/default/FreeRTOS/croutine.o obj/default/FreeRTOS/event_groups.o obj/default/FreeRTOS/heap.o obj/default/FreeRTOS/list.o obj/default/FreeRTOS/port.o obj/default/FreeRTOS/queue.o obj/default/FreeRTOS/tasks.o obj/default/FreeRTOS/timers.o obj/default/main.o obj/default/FreeRTOS/port_asm.o -lm -msys-lib=m
nios2-elf-insert freqyAnalyser.elf --thread_model hal --cpu_name nios2 --qsys true --simulation_enabled false --id 7 --sidp 0x430f0 --timestamp 1393900972 --stderr_dev jtag_uart --stdin_dev jtag_uart --stdout_dev jtag_uart --sopc_system_name nios2 --quartus_project_dir "H:/COMPSYS723/COMPSYS-723-Assignment-1/ffrequency_analyser" --sopcinfo H:/COMPSYS723/COMPSYS-723-Assignment-1/ffrequency_analyser/software/freqyAnalyser_bsp/../../nios2.sopcinfo
Info: (freqyAnalyser.elf) 633 KBytes program size (code + initialized data).
Info:                     130561 KBytes free for stack + heap.
Info: Creating freqyAnalyser.objdump
nios2-elf-objdump --disassemble --syms --all-header --source freqyAnalyser.elf >freqyAnalyser.objdump
[freqyAnalyser build complete]
16:30:36 **** Incremental Build of configuration Nios II for project freqyAnalyser ****
make all 
Info: Building ../freqyAnalyser_bsp/
C:/intelFPGA/18.1/nios2eds/bin/gnu/H-x86_64-mingw32/bin/make --no-print-directory -C ../freqyAnalyser_bsp/
[BSP build complete]
Info: Compiling main.c to obj/default/main.o
nios2-elf-gcc -xc -MP -MMD -c -I../freqyAnalyser_bsp//HAL/inc -I../freqyAnalyser_bsp/ -I../freqyAnalyser_bsp//drivers/inc  -pipe -D__hal__ -DALT_NO_INSTRUCTION_EMULATION -DALT_SINGLE_THREADED    -O0 -g -Wall   -mhw-div -mhw-mul -mno-hw-mulx -mgpopt=global  -o obj/default/main.o main.c
main.c: In function 'pollingSwitchsTask':
main.c:171:6: warning: unused variable 'led_output' [-Wunused-variable]
  int led_output = 0;
      ^
main.c: In function 'PRVGADraw_Task':
main.c:241:6: warning: operation on 'i' may be undefined [-Wsequence-point]
    i = ++i%100;
      ^
Info: Linking freqyAnalyser.elf
nios2-elf-g++  -T'../freqyAnalyser_bsp//linker.x' -msys-crt0='../freqyAnalyser_bsp//obj/HAL/src/crt0.o' -msys-lib=hal_bsp -L../freqyAnalyser_bsp/   -Wl,-Map=freqyAnalyser.map   -O0 -g -Wall   -mhw-div -mhw-mul -mno-hw-mulx -mgpopt=global  -o freqyAnalyser.elf obj/default/FreeRTOS/croutine.o obj/default/FreeRTOS/event_groups.o obj/default/FreeRTOS/heap.o obj/default/FreeRTOS/list.o obj/default/FreeRTOS/port.o obj/default/FreeRTOS/queue.o obj/default/FreeRTOS/tasks.o obj/default/FreeRTOS/timers.o obj/default/main.o obj/default/FreeRTOS/port_asm.o -lm -msys-lib=m
nios2-elf-insert freqyAnalyser.elf --thread_model hal --cpu_name nios2 --qsys true --simulation_enabled false --id 7 --sidp 0x430f0 --timestamp 1393900972 --stderr_dev jtag_uart --stdin_dev jtag_uart --stdout_dev jtag_uart --sopc_system_name nios2 --quartus_project_dir "H:/COMPSYS723/COMPSYS-723-Assignment-1/ffrequency_analyser" --sopcinfo H:/COMPSYS723/COMPSYS-723-Assignment-1/ffrequency_analyser/software/freqyAnalyser_bsp/../../nios2.sopcinfo
Info: (freqyAnalyser.elf) 633 KBytes program size (code + initialized data).
Info:                     130561 KBytes free for stack + heap.
Info: Creating freqyAnalyser.objdump
nios2-elf-objdump --disassemble --syms --all-header --source freqyAnalyser.elf >freqyAnalyser.objdump
[freqyAnalyser build complete]
16:31:50 **** Incremental Build of configuration Nios II for project freqyAnalyser ****
make all 
Info: Building ../freqyAnalyser_bsp/
C:/intelFPGA/18.1/nios2eds/bin/gnu/H-x86_64-mingw32/bin/make --no-print-directory -C ../freqyAnalyser_bsp/
[BSP build complete]
Info: Compiling main.c to obj/default/main.o
nios2-elf-gcc -xc -MP -MMD -c -I../freqyAnalyser_bsp//HAL/inc -I../freqyAnalyser_bsp/ -I../freqyAnalyser_bsp//drivers/inc  -pipe -D__hal__ -DALT_NO_INSTRUCTION_EMULATION -DALT_SINGLE_THREADED    -O0 -g -Wall   -mhw-div -mhw-mul -mno-hw-mulx -mgpopt=global  -o obj/default/main.o main.c
main.c: In function 'pollingSwitchsTask':
main.c:171:6: warning: unused variable 'led_output' [-Wunused-variable]
  int led_output = 0;
      ^
main.c: In function 'PRVGADraw_Task':
main.c:241:6: warning: operation on 'i' may be undefined [-Wsequence-point]
    i = ++i%100;
      ^
main.c: In function 'LCD_task':
main.c:306:8: warning: variable 'lcd' set but not used [-Wunused-but-set-variable]
  FILE *lcd;
        ^
Info: Linking freqyAnalyser.elf
nios2-elf-g++  -T'../freqyAnalyser_bsp//linker.x' -msys-crt0='../freqyAnalyser_bsp//obj/HAL/src/crt0.o' -msys-lib=hal_bsp -L../freqyAnalyser_bsp/   -Wl,-Map=freqyAnalyser.map   -O0 -g -Wall   -mhw-div -mhw-mul -mno-hw-mulx -mgpopt=global  -o freqyAnalyser.elf obj/default/FreeRTOS/croutine.o obj/default/FreeRTOS/event_groups.o obj/default/FreeRTOS/heap.o obj/default/FreeRTOS/list.o obj/default/FreeRTOS/port.o obj/default/FreeRTOS/queue.o obj/default/FreeRTOS/tasks.o obj/default/FreeRTOS/timers.o obj/default/main.o obj/default/FreeRTOS/port_asm.o -lm -msys-lib=m
nios2-elf-insert freqyAnalyser.elf --thread_model hal --cpu_name nios2 --qsys true --simulation_enabled false --id 7 --sidp 0x430f0 --timestamp 1393900972 --stderr_dev jtag_uart --stdin_dev jtag_uart --stdout_dev jtag_uart --sopc_system_name nios2 --quartus_project_dir "H:/COMPSYS723/COMPSYS-723-Assignment-1/ffrequency_analyser" --sopcinfo H:/COMPSYS723/COMPSYS-723-Assignment-1/ffrequency_analyser/software/freqyAnalyser_bsp/../../nios2.sopcinfo
Info: (freqyAnalyser.elf) 633 KBytes program size (code + initialized data).
Info:                     130561 KBytes free for stack + heap.
Info: Creating freqyAnalyser.objdump
nios2-elf-objdump --disassemble --syms --all-header --source freqyAnalyser.elf >freqyAnalyser.objdump
[freqyAnalyser build complete]
16:33:23 **** Incremental Build of configuration Nios II for project freqyAnalyser ****
make all 
Info: Building ../freqyAnalyser_bsp/
C:/intelFPGA/18.1/nios2eds/bin/gnu/H-x86_64-mingw32/bin/make --no-print-directory -C ../freqyAnalyser_bsp/
[BSP build complete]
Info: Compiling main.c to obj/default/main.o
nios2-elf-gcc -xc -MP -MMD -c -I../freqyAnalyser_bsp//HAL/inc -I../freqyAnalyser_bsp/ -I../freqyAnalyser_bsp//drivers/inc  -pipe -D__hal__ -DALT_NO_INSTRUCTION_EMULATION -DALT_SINGLE_THREADED    -O0 -g -Wall   -mhw-div -mhw-mul -mno-hw-mulx -mgpopt=global  -o obj/default/main.o main.c
main.c: In function 'pollingSwitchsTask':
main.c:156:6: warning: unused variable 'led_output' [-Wunused-variable]
  int led_output = 0;
      ^
main.c: In function 'PRVGADraw_Task':
main.c:226:6: warning: operation on 'i' may be undefined [-Wsequence-point]
    i = ++i%100;
      ^
Info: Linking freqyAnalyser.elf
nios2-elf-g++  -T'../freqyAnalyser_bsp//linker.x' -msys-crt0='../freqyAnalyser_bsp//obj/HAL/src/crt0.o' -msys-lib=hal_bsp -L../freqyAnalyser_bsp/   -Wl,-Map=freqyAnalyser.map   -O0 -g -Wall   -mhw-div -mhw-mul -mno-hw-mulx -mgpopt=global  -o freqyAnalyser.elf obj/default/FreeRTOS/croutine.o obj/default/FreeRTOS/event_groups.o obj/default/FreeRTOS/heap.o obj/default/FreeRTOS/list.o obj/default/FreeRTOS/port.o obj/default/FreeRTOS/queue.o obj/default/FreeRTOS/tasks.o obj/default/FreeRTOS/timers.o obj/default/main.o obj/default/FreeRTOS/port_asm.o -lm -msys-lib=m
nios2-elf-insert freqyAnalyser.elf --thread_model hal --cpu_name nios2 --qsys true --simulation_enabled false --id 7 --sidp 0x430f0 --timestamp 1393900972 --stderr_dev jtag_uart --stdin_dev jtag_uart --stdout_dev jtag_uart --sopc_system_name nios2 --quartus_project_dir "H:/COMPSYS723/COMPSYS-723-Assignment-1/ffrequency_analyser" --sopcinfo H:/COMPSYS723/COMPSYS-723-Assignment-1/ffrequency_analyser/software/freqyAnalyser_bsp/../../nios2.sopcinfo
Info: (freqyAnalyser.elf) 633 KBytes program size (code + initialized data).
Info:                     130561 KBytes free for stack + heap.
Info: Creating freqyAnalyser.objdump
nios2-elf-objdump --disassemble --syms --all-header --source freqyAnalyser.elf >freqyAnalyser.objdump
[freqyAnalyser build complete]
16:38:50 **** Incremental Build of configuration Nios II for project freqyAnalyser ****
make all 
Info: Building ../freqyAnalyser_bsp/
C:/intelFPGA/18.1/nios2eds/bin/gnu/H-x86_64-mingw32/bin/make --no-print-directory -C ../freqyAnalyser_bsp/
[BSP build complete]
Info: Compiling main.c to obj/default/main.o
nios2-elf-gcc -xc -MP -MMD -c -I../freqyAnalyser_bsp//HAL/inc -I../freqyAnalyser_bsp/ -I../freqyAnalyser_bsp//drivers/inc  -pipe -D__hal__ -DALT_NO_INSTRUCTION_EMULATION -DALT_SINGLE_THREADED    -O0 -g -Wall   -mhw-div -mhw-mul -mno-hw-mulx -mgpopt=global  -o obj/default/main.o main.c
main.c: In function 'pollingSwitchsTask':
main.c:149:6: warning: unused variable 'led_output' [-Wunused-variable]
  int led_output = 0;
      ^
main.c: In function 'PRVGADraw_Task':
main.c:219:6: warning: operation on 'i' may be undefined [-Wsequence-point]
    i = ++i%100;
      ^
main.c: In function 'LCD_task':
main.c:288:45: error: 'roc_frequency' undeclared (first use in this function)
      fprintf(lcd, "ROC frequency\n%f Hz\n", roc_frequency);
                                             ^
main.c:288:45: note: each undeclared identifier is reported only once for each function it appears in
main.c:290:32: error: 'old_frequency' undeclared (first use in this function)
   printf("prev_freq: %f Hz\n", old_frequency);
                                ^
In file included from main.c:19:0:
main.c: In function 'main':
main.c:299:42: error: 'FrequencyData_t' undeclared (first use in this function)
  Q_freq_data2 = xQueueCreate(100, sizeof(FrequencyData_t));
                                          ^
FreeRTOS/queue.h:173:87: note: in definition of macro 'xQueueCreate'
 #define xQueueCreate( uxQueueLength, uxItemSize ) xQueueGenericCreate( uxQueueLength, uxItemSize, queueQUEUE_TYPE_BASE )
                                                                                       ^
make: *** [obj/default/main.o] Error 1
16:39:22 **** Incremental Build of configuration Nios II for project freqyAnalyser ****
make all 
Info: Building ../freqyAnalyser_bsp/
C:/intelFPGA/18.1/nios2eds/bin/gnu/H-x86_64-mingw32/bin/make --no-print-directory -C ../freqyAnalyser_bsp/
[BSP build complete]
Info: Compiling main.c to obj/default/main.o
nios2-elf-gcc -xc -MP -MMD -c -I../freqyAnalyser_bsp//HAL/inc -I../freqyAnalyser_bsp/ -I../freqyAnalyser_bsp//drivers/inc  -pipe -D__hal__ -DALT_NO_INSTRUCTION_EMULATION -DALT_SINGLE_THREADED    -O0 -g -Wall   -mhw-div -mhw-mul -mno-hw-mulx -mgpopt=global  -o obj/default/main.o main.c
main.c: In function 'pollingSwitchsTask':
main.c:149:6: warning: unused variable 'led_output' [-Wunused-variable]
  int led_output = 0;
      ^
main.c: In function 'PRVGADraw_Task':
main.c:219:6: warning: operation on 'i' may be undefined [-Wsequence-point]
    i = ++i%100;
      ^
main.c: In function 'LCD_task':
main.c:284:8: warning: variable 'lcd' set but not used [-Wunused-but-set-variable]
  FILE *lcd;
        ^
main.c: At top level:
main.c:61:35: warning: 'Q_freq_data2' defined but not used [-Wunused-variable]
 static QueueHandle_t Q_freq_data, Q_freq_data2;
                                   ^
Info: Linking freqyAnalyser.elf
nios2-elf-g++  -T'../freqyAnalyser_bsp//linker.x' -msys-crt0='../freqyAnalyser_bsp//obj/HAL/src/crt0.o' -msys-lib=hal_bsp -L../freqyAnalyser_bsp/   -Wl,-Map=freqyAnalyser.map   -O0 -g -Wall   -mhw-div -mhw-mul -mno-hw-mulx -mgpopt=global  -o freqyAnalyser.elf obj/default/FreeRTOS/croutine.o obj/default/FreeRTOS/event_groups.o obj/default/FreeRTOS/heap.o obj/default/FreeRTOS/list.o obj/default/FreeRTOS/port.o obj/default/FreeRTOS/queue.o obj/default/FreeRTOS/tasks.o obj/default/FreeRTOS/timers.o obj/default/main.o obj/default/FreeRTOS/port_asm.o -lm -msys-lib=m
nios2-elf-insert freqyAnalyser.elf --thread_model hal --cpu_name nios2 --qsys true --simulation_enabled false --id 7 --sidp 0x430f0 --timestamp 1393900972 --stderr_dev jtag_uart --stdin_dev jtag_uart --stdout_dev jtag_uart --sopc_system_name nios2 --quartus_project_dir "H:/COMPSYS723/COMPSYS-723-Assignment-1/ffrequency_analyser" --sopcinfo H:/COMPSYS723/COMPSYS-723-Assignment-1/ffrequency_analyser/software/freqyAnalyser_bsp/../../nios2.sopcinfo
Info: (freqyAnalyser.elf) 633 KBytes program size (code + initialized data).
Info:                     130561 KBytes free for stack + heap.
Info: Creating freqyAnalyser.objdump
nios2-elf-objdump --disassemble --syms --all-header --source freqyAnalyser.elf >freqyAnalyser.objdump
[freqyAnalyser build complete]
16:40:06 **** Incremental Build of configuration Nios II for project freqyAnalyser ****
make all 
Info: Building ../freqyAnalyser_bsp/
C:/intelFPGA/18.1/nios2eds/bin/gnu/H-x86_64-mingw32/bin/make --no-print-directory -C ../freqyAnalyser_bsp/
[BSP build complete]
Info: Compiling main.c to obj/default/main.o
nios2-elf-gcc -xc -MP -MMD -c -I../freqyAnalyser_bsp//HAL/inc -I../freqyAnalyser_bsp/ -I../freqyAnalyser_bsp//drivers/inc  -pipe -D__hal__ -DALT_NO_INSTRUCTION_EMULATION -DALT_SINGLE_THREADED    -O0 -g -Wall   -mhw-div -mhw-mul -mno-hw-mulx -mgpopt=global  -o obj/default/main.o main.c
main.c: In function 'stabilityMonitorTask':
main.c:100:20: warning: format '%f' expects argument of type 'double', but argument 2 has type 'int' [-Wformat=]
             printf("Got value from ISR: %f\n", received_roc);
                    ^
main.c:100:20: warning: format '%f' expects argument of type 'double', but argument 2 has type 'int' [-Wformat=]
main.c:101:20: warning: format '%i' expects argument of type 'int', but argument 2 has type 'double' [-Wformat=]
             printf("frequency: %i\n", frequency);
                    ^
main.c:101:20: warning: format '%i' expects argument of type 'int', but argument 2 has type 'double' [-Wformat=]
main.c: In function 'pollingSwitchsTask':
main.c:150:6: warning: unused variable 'led_output' [-Wunused-variable]
  int led_output = 0;
      ^
main.c: In function 'PRVGADraw_Task':
main.c:220:6: warning: operation on 'i' may be undefined [-Wsequence-point]
    i = ++i%100;
      ^
main.c: In function 'LCD_task':
main.c:285:8: warning: variable 'lcd' set but not used [-Wunused-but-set-variable]
  FILE *lcd;
        ^
Info: Linking freqyAnalyser.elf
nios2-elf-g++  -T'../freqyAnalyser_bsp//linker.x' -msys-crt0='../freqyAnalyser_bsp//obj/HAL/src/crt0.o' -msys-lib=hal_bsp -L../freqyAnalyser_bsp/   -Wl,-Map=freqyAnalyser.map   -O0 -g -Wall   -mhw-div -mhw-mul -mno-hw-mulx -mgpopt=global  -o freqyAnalyser.elf obj/default/FreeRTOS/croutine.o obj/default/FreeRTOS/event_groups.o obj/default/FreeRTOS/heap.o obj/default/FreeRTOS/list.o obj/default/FreeRTOS/port.o obj/default/FreeRTOS/queue.o obj/default/FreeRTOS/tasks.o obj/default/FreeRTOS/timers.o obj/default/main.o obj/default/FreeRTOS/port_asm.o -lm -msys-lib=m
nios2-elf-insert freqyAnalyser.elf --thread_model hal --cpu_name nios2 --qsys true --simulation_enabled false --id 7 --sidp 0x430f0 --timestamp 1393900972 --stderr_dev jtag_uart --stdin_dev jtag_uart --stdout_dev jtag_uart --sopc_system_name nios2 --quartus_project_dir "H:/COMPSYS723/COMPSYS-723-Assignment-1/ffrequency_analyser" --sopcinfo H:/COMPSYS723/COMPSYS-723-Assignment-1/ffrequency_analyser/software/freqyAnalyser_bsp/../../nios2.sopcinfo
Info: (freqyAnalyser.elf) 633 KBytes program size (code + initialized data).
Info:                     130561 KBytes free for stack + heap.
Info: Creating freqyAnalyser.objdump
nios2-elf-objdump --disassemble --syms --all-header --source freqyAnalyser.elf >freqyAnalyser.objdump
[freqyAnalyser build complete]
16:40:24 **** Incremental Build of configuration Nios II for project freqyAnalyser ****
make all 
Info: Building ../freqyAnalyser_bsp/
C:/intelFPGA/18.1/nios2eds/bin/gnu/H-x86_64-mingw32/bin/make --no-print-directory -C ../freqyAnalyser_bsp/
[BSP build complete]
Info: Compiling main.c to obj/default/main.o
nios2-elf-gcc -xc -MP -MMD -c -I../freqyAnalyser_bsp//HAL/inc -I../freqyAnalyser_bsp/ -I../freqyAnalyser_bsp//drivers/inc  -pipe -D__hal__ -DALT_NO_INSTRUCTION_EMULATION -DALT_SINGLE_THREADED    -O0 -g -Wall   -mhw-div -mhw-mul -mno-hw-mulx -mgpopt=global  -o obj/default/main.o main.c
main.c: In function 'stabilityMonitorTask':
main.c:100:20: warning: format '%f' expects argument of type 'double', but argument 2 has type 'int' [-Wformat=]
             printf("Got value from ISR: %f\n", received_roc);
                    ^
main.c:100:20: warning: format '%f' expects argument of type 'double', but argument 2 has type 'int' [-Wformat=]
main.c: In function 'pollingSwitchsTask':
main.c:150:6: warning: unused variable 'led_output' [-Wunused-variable]
  int led_output = 0;
      ^
main.c: In function 'PRVGADraw_Task':
main.c:220:6: warning: operation on 'i' may be undefined [-Wsequence-point]
    i = ++i%100;
      ^
main.c: In function 'LCD_task':
main.c:285:8: warning: variable 'lcd' set but not used [-Wunused-but-set-variable]
  FILE *lcd;
        ^
Info: Linking freqyAnalyser.elf
nios2-elf-g++  -T'../freqyAnalyser_bsp//linker.x' -msys-crt0='../freqyAnalyser_bsp//obj/HAL/src/crt0.o' -msys-lib=hal_bsp -L../freqyAnalyser_bsp/   -Wl,-Map=freqyAnalyser.map   -O0 -g -Wall   -mhw-div -mhw-mul -mno-hw-mulx -mgpopt=global  -o freqyAnalyser.elf obj/default/FreeRTOS/croutine.o obj/default/FreeRTOS/event_groups.o obj/default/FreeRTOS/heap.o obj/default/FreeRTOS/list.o obj/default/FreeRTOS/port.o obj/default/FreeRTOS/queue.o obj/default/FreeRTOS/tasks.o obj/default/FreeRTOS/timers.o obj/default/main.o obj/default/FreeRTOS/port_asm.o -lm -msys-lib=m
nios2-elf-insert freqyAnalyser.elf --thread_model hal --cpu_name nios2 --qsys true --simulation_enabled false --id 7 --sidp 0x430f0 --timestamp 1393900972 --stderr_dev jtag_uart --stdin_dev jtag_uart --stdout_dev jtag_uart --sopc_system_name nios2 --quartus_project_dir "H:/COMPSYS723/COMPSYS-723-Assignment-1/ffrequency_analyser" --sopcinfo H:/COMPSYS723/COMPSYS-723-Assignment-1/ffrequency_analyser/software/freqyAnalyser_bsp/../../nios2.sopcinfo
Info: (freqyAnalyser.elf) 633 KBytes program size (code + initialized data).
Info:                     130561 KBytes free for stack + heap.
Info: Creating freqyAnalyser.objdump
nios2-elf-objdump --disassemble --syms --all-header --source freqyAnalyser.elf >freqyAnalyser.objdump
[freqyAnalyser build complete]
16:40:40 **** Incremental Build of configuration Nios II for project freqyAnalyser ****
make all 
Info: Building ../freqyAnalyser_bsp/
C:/intelFPGA/18.1/nios2eds/bin/gnu/H-x86_64-mingw32/bin/make --no-print-directory -C ../freqyAnalyser_bsp/
[BSP build complete]
[freqyAnalyser build complete]
16:41:21 **** Incremental Build of configuration Nios II for project freqyAnalyser ****
make all 
Info: Building ../freqyAnalyser_bsp/
C:/intelFPGA/18.1/nios2eds/bin/gnu/H-x86_64-mingw32/bin/make --no-print-directory -C ../freqyAnalyser_bsp/
[BSP build complete]
Info: Compiling main.c to obj/default/main.o
nios2-elf-gcc -xc -MP -MMD -c -I../freqyAnalyser_bsp//HAL/inc -I../freqyAnalyser_bsp/ -I../freqyAnalyser_bsp//drivers/inc  -pipe -D__hal__ -DALT_NO_INSTRUCTION_EMULATION -DALT_SINGLE_THREADED    -O0 -g -Wall   -mhw-div -mhw-mul -mno-hw-mulx -mgpopt=global  -o obj/default/main.o main.c
main.c: In function 'stabilityMonitorTask':
main.c:103:20: warning: format '%f' expects argument of type 'double', but argument 2 has type 'int' [-Wformat=]
             printf("Got value from ISR: %f\n", received_roc);
                    ^
main.c:103:20: warning: format '%f' expects argument of type 'double', but argument 2 has type 'int' [-Wformat=]
main.c: In function 'pollingSwitchsTask':
main.c:153:6: warning: unused variable 'led_output' [-Wunused-variable]
  int led_output = 0;
      ^
main.c: In function 'PRVGADraw_Task':
main.c:223:6: warning: operation on 'i' may be undefined [-Wsequence-point]
    i = ++i%100;
      ^
main.c: In function 'LCD_task':
main.c:288:8: warning: variable 'lcd' set but not used [-Wunused-but-set-variable]
  FILE *lcd;
        ^
Info: Linking freqyAnalyser.elf
nios2-elf-g++  -T'../freqyAnalyser_bsp//linker.x' -msys-crt0='../freqyAnalyser_bsp//obj/HAL/src/crt0.o' -msys-lib=hal_bsp -L../freqyAnalyser_bsp/   -Wl,-Map=freqyAnalyser.map   -O0 -g -Wall   -mhw-div -mhw-mul -mno-hw-mulx -mgpopt=global  -o freqyAnalyser.elf obj/default/FreeRTOS/croutine.o obj/default/FreeRTOS/event_groups.o obj/default/FreeRTOS/heap.o obj/default/FreeRTOS/list.o obj/default/FreeRTOS/port.o obj/default/FreeRTOS/queue.o obj/default/FreeRTOS/tasks.o obj/default/FreeRTOS/timers.o obj/default/main.o obj/default/FreeRTOS/port_asm.o -lm -msys-lib=m
nios2-elf-insert freqyAnalyser.elf --thread_model hal --cpu_name nios2 --qsys true --simulation_enabled false --id 7 --sidp 0x430f0 --timestamp 1393900972 --stderr_dev jtag_uart --stdin_dev jtag_uart --stdout_dev jtag_uart --sopc_system_name nios2 --quartus_project_dir "H:/COMPSYS723/COMPSYS-723-Assignment-1/ffrequency_analyser" --sopcinfo H:/COMPSYS723/COMPSYS-723-Assignment-1/ffrequency_analyser/software/freqyAnalyser_bsp/../../nios2.sopcinfo
Info: (freqyAnalyser.elf) 633 KBytes program size (code + initialized data).
Info:                     130561 KBytes free for stack + heap.
Info: Creating freqyAnalyser.objdump
nios2-elf-objdump --disassemble --syms --all-header --source freqyAnalyser.elf >freqyAnalyser.objdump
[freqyAnalyser build complete]
16:42:30 **** Incremental Build of configuration Nios II for project freqyAnalyser ****
make all 
Info: Building ../freqyAnalyser_bsp/
C:/intelFPGA/18.1/nios2eds/bin/gnu/H-x86_64-mingw32/bin/make --no-print-directory -C ../freqyAnalyser_bsp/
[BSP build complete]
Info: Compiling main.c to obj/default/main.o
nios2-elf-gcc -xc -MP -MMD -c -I../freqyAnalyser_bsp//HAL/inc -I../freqyAnalyser_bsp/ -I../freqyAnalyser_bsp//drivers/inc  -pipe -D__hal__ -DALT_NO_INSTRUCTION_EMULATION -DALT_SINGLE_THREADED    -O0 -g -Wall   -mhw-div -mhw-mul -mno-hw-mulx -mgpopt=global  -o obj/default/main.o main.c
main.c: In function 'freq_relay_isr':
main.c:91:12: warning: format '%i' expects argument of type 'int', but argument 2 has type 'double' [-Wformat=]
     printf("%i\n", roc_frequency);
            ^
main.c:91:12: warning: format '%i' expects argument of type 'int', but argument 2 has type 'double' [-Wformat=]
main.c: In function 'pollingSwitchsTask':
main.c:153:6: warning: unused variable 'led_output' [-Wunused-variable]
  int led_output = 0;
      ^
main.c: In function 'PRVGADraw_Task':
main.c:223:6: warning: operation on 'i' may be undefined [-Wsequence-point]
    i = ++i%100;
      ^
main.c: In function 'LCD_task':
main.c:288:8: warning: variable 'lcd' set but not used [-Wunused-but-set-variable]
  FILE *lcd;
        ^
Info: Linking freqyAnalyser.elf
nios2-elf-g++  -T'../freqyAnalyser_bsp//linker.x' -msys-crt0='../freqyAnalyser_bsp//obj/HAL/src/crt0.o' -msys-lib=hal_bsp -L../freqyAnalyser_bsp/   -Wl,-Map=freqyAnalyser.map   -O0 -g -Wall   -mhw-div -mhw-mul -mno-hw-mulx -mgpopt=global  -o freqyAnalyser.elf obj/default/FreeRTOS/croutine.o obj/default/FreeRTOS/event_groups.o obj/default/FreeRTOS/heap.o obj/default/FreeRTOS/list.o obj/default/FreeRTOS/port.o obj/default/FreeRTOS/queue.o obj/default/FreeRTOS/tasks.o obj/default/FreeRTOS/timers.o obj/default/main.o obj/default/FreeRTOS/port_asm.o -lm -msys-lib=m
nios2-elf-insert freqyAnalyser.elf --thread_model hal --cpu_name nios2 --qsys true --simulation_enabled false --id 7 --sidp 0x430f0 --timestamp 1393900972 --stderr_dev jtag_uart --stdin_dev jtag_uart --stdout_dev jtag_uart --sopc_system_name nios2 --quartus_project_dir "H:/COMPSYS723/COMPSYS-723-Assignment-1/ffrequency_analyser" --sopcinfo H:/COMPSYS723/COMPSYS-723-Assignment-1/ffrequency_analyser/software/freqyAnalyser_bsp/../../nios2.sopcinfo
Info: (freqyAnalyser.elf) 633 KBytes program size (code + initialized data).
Info:                     130561 KBytes free for stack + heap.
Info: Creating freqyAnalyser.objdump
nios2-elf-objdump --disassemble --syms --all-header --source freqyAnalyser.elf >freqyAnalyser.objdump
[freqyAnalyser build complete]
16:43:00 **** Incremental Build of configuration Nios II for project freqyAnalyser ****
make all 
Info: Building ../freqyAnalyser_bsp/
C:/intelFPGA/18.1/nios2eds/bin/gnu/H-x86_64-mingw32/bin/make --no-print-directory -C ../freqyAnalyser_bsp/
[BSP build complete]
Info: Compiling main.c to obj/default/main.o
nios2-elf-gcc -xc -MP -MMD -c -I../freqyAnalyser_bsp//HAL/inc -I../freqyAnalyser_bsp/ -I../freqyAnalyser_bsp//drivers/inc  -pipe -D__hal__ -DALT_NO_INSTRUCTION_EMULATION -DALT_SINGLE_THREADED    -O0 -g -Wall   -mhw-div -mhw-mul -mno-hw-mulx -mgpopt=global  -o obj/default/main.o main.c
main.c: In function 'pollingSwitchsTask':
main.c:153:6: warning: unused variable 'led_output' [-Wunused-variable]
  int led_output = 0;
      ^
main.c: In function 'PRVGADraw_Task':
main.c:223:6: warning: operation on 'i' may be undefined [-Wsequence-point]
    i = ++i%100;
      ^
main.c: In function 'LCD_task':
main.c:288:8: warning: variable 'lcd' set but not used [-Wunused-but-set-variable]
  FILE *lcd;
        ^
Info: Linking freqyAnalyser.elf
nios2-elf-g++  -T'../freqyAnalyser_bsp//linker.x' -msys-crt0='../freqyAnalyser_bsp//obj/HAL/src/crt0.o' -msys-lib=hal_bsp -L../freqyAnalyser_bsp/   -Wl,-Map=freqyAnalyser.map   -O0 -g -Wall   -mhw-div -mhw-mul -mno-hw-mulx -mgpopt=global  -o freqyAnalyser.elf obj/default/FreeRTOS/croutine.o obj/default/FreeRTOS/event_groups.o obj/default/FreeRTOS/heap.o obj/default/FreeRTOS/list.o obj/default/FreeRTOS/port.o obj/default/FreeRTOS/queue.o obj/default/FreeRTOS/tasks.o obj/default/FreeRTOS/timers.o obj/default/main.o obj/default/FreeRTOS/port_asm.o -lm -msys-lib=m
nios2-elf-insert freqyAnalyser.elf --thread_model hal --cpu_name nios2 --qsys true --simulation_enabled false --id 7 --sidp 0x430f0 --timestamp 1393900972 --stderr_dev jtag_uart --stdin_dev jtag_uart --stdout_dev jtag_uart --sopc_system_name nios2 --quartus_project_dir "H:/COMPSYS723/COMPSYS-723-Assignment-1/ffrequency_analyser" --sopcinfo H:/COMPSYS723/COMPSYS-723-Assignment-1/ffrequency_analyser/software/freqyAnalyser_bsp/../../nios2.sopcinfo
Info: (freqyAnalyser.elf) 633 KBytes program size (code + initialized data).
Info:                     130561 KBytes free for stack + heap.
Info: Creating freqyAnalyser.objdump
nios2-elf-objdump --disassemble --syms --all-header --source freqyAnalyser.elf >freqyAnalyser.objdump
[freqyAnalyser build complete]
16:44:08 **** Incremental Build of configuration Nios II for project freqyAnalyser ****
make all 
Info: Building ../freqyAnalyser_bsp/
C:/intelFPGA/18.1/nios2eds/bin/gnu/H-x86_64-mingw32/bin/make --no-print-directory -C ../freqyAnalyser_bsp/
[BSP build complete]
Info: Compiling main.c to obj/default/main.o
nios2-elf-gcc -xc -MP -MMD -c -I../freqyAnalyser_bsp//HAL/inc -I../freqyAnalyser_bsp/ -I../freqyAnalyser_bsp//drivers/inc  -pipe -D__hal__ -DALT_NO_INSTRUCTION_EMULATION -DALT_SINGLE_THREADED    -O0 -g -Wall   -mhw-div -mhw-mul -mno-hw-mulx -mgpopt=global  -o obj/default/main.o main.c
main.c: In function 'pollingSwitchsTask':
main.c:153:6: warning: unused variable 'led_output' [-Wunused-variable]
  int led_output = 0;
      ^
main.c: In function 'PRVGADraw_Task':
main.c:223:6: warning: operation on 'i' may be undefined [-Wsequence-point]
    i = ++i%100;
      ^
main.c: In function 'LCD_task':
main.c:288:8: warning: variable 'lcd' set but not used [-Wunused-but-set-variable]
  FILE *lcd;
        ^
Info: Linking freqyAnalyser.elf
nios2-elf-g++  -T'../freqyAnalyser_bsp//linker.x' -msys-crt0='../freqyAnalyser_bsp//obj/HAL/src/crt0.o' -msys-lib=hal_bsp -L../freqyAnalyser_bsp/   -Wl,-Map=freqyAnalyser.map   -O0 -g -Wall   -mhw-div -mhw-mul -mno-hw-mulx -mgpopt=global  -o freqyAnalyser.elf obj/default/FreeRTOS/croutine.o obj/default/FreeRTOS/event_groups.o obj/default/FreeRTOS/heap.o obj/default/FreeRTOS/list.o obj/default/FreeRTOS/port.o obj/default/FreeRTOS/queue.o obj/default/FreeRTOS/tasks.o obj/default/FreeRTOS/timers.o obj/default/main.o obj/default/FreeRTOS/port_asm.o -lm -msys-lib=m
nios2-elf-insert freqyAnalyser.elf --thread_model hal --cpu_name nios2 --qsys true --simulation_enabled false --id 7 --sidp 0x430f0 --timestamp 1393900972 --stderr_dev jtag_uart --stdin_dev jtag_uart --stdout_dev jtag_uart --sopc_system_name nios2 --quartus_project_dir "H:/COMPSYS723/COMPSYS-723-Assignment-1/ffrequency_analyser" --sopcinfo H:/COMPSYS723/COMPSYS-723-Assignment-1/ffrequency_analyser/software/freqyAnalyser_bsp/../../nios2.sopcinfo
Info: (freqyAnalyser.elf) 633 KBytes program size (code + initialized data).
Info:                     130561 KBytes free for stack + heap.
Info: Creating freqyAnalyser.objdump
nios2-elf-objdump --disassemble --syms --all-header --source freqyAnalyser.elf >freqyAnalyser.objdump
[freqyAnalyser build complete]
16:44:39 **** Incremental Build of configuration Nios II for project freqyAnalyser ****
make all 
Info: Building ../freqyAnalyser_bsp/
C:/intelFPGA/18.1/nios2eds/bin/gnu/H-x86_64-mingw32/bin/make --no-print-directory -C ../freqyAnalyser_bsp/
[BSP build complete]
Info: Compiling main.c to obj/default/main.o
nios2-elf-gcc -xc -MP -MMD -c -I../freqyAnalyser_bsp//HAL/inc -I../freqyAnalyser_bsp/ -I../freqyAnalyser_bsp//drivers/inc  -pipe -D__hal__ -DALT_NO_INSTRUCTION_EMULATION -DALT_SINGLE_THREADED    -O0 -g -Wall   -mhw-div -mhw-mul -mno-hw-mulx -mgpopt=global  -o obj/default/main.o main.c
main.c: In function 'stabilityMonitorTask':
main.c:103:17: warning: format '%f' expects argument of type 'double', but argument 2 has type 'int' [-Wformat=]
          printf("Got value from ISR: %f\n", received_roc);
                 ^
main.c:103:17: warning: format '%f' expects argument of type 'double', but argument 2 has type 'int' [-Wformat=]
main.c: In function 'pollingSwitchsTask':
main.c:153:6: warning: unused variable 'led_output' [-Wunused-variable]
  int led_output = 0;
      ^
main.c: In function 'PRVGADraw_Task':
main.c:223:6: warning: operation on 'i' may be undefined [-Wsequence-point]
    i = ++i%100;
      ^
main.c: In function 'LCD_task':
main.c:288:8: warning: variable 'lcd' set but not used [-Wunused-but-set-variable]
  FILE *lcd;
        ^
Info: Linking freqyAnalyser.elf
nios2-elf-g++  -T'../freqyAnalyser_bsp//linker.x' -msys-crt0='../freqyAnalyser_bsp//obj/HAL/src/crt0.o' -msys-lib=hal_bsp -L../freqyAnalyser_bsp/   -Wl,-Map=freqyAnalyser.map   -O0 -g -Wall   -mhw-div -mhw-mul -mno-hw-mulx -mgpopt=global  -o freqyAnalyser.elf obj/default/FreeRTOS/croutine.o obj/default/FreeRTOS/event_groups.o obj/default/FreeRTOS/heap.o obj/default/FreeRTOS/list.o obj/default/FreeRTOS/port.o obj/default/FreeRTOS/queue.o obj/default/FreeRTOS/tasks.o obj/default/FreeRTOS/timers.o obj/default/main.o obj/default/FreeRTOS/port_asm.o -lm -msys-lib=m
nios2-elf-insert freqyAnalyser.elf --thread_model hal --cpu_name nios2 --qsys true --simulation_enabled false --id 7 --sidp 0x430f0 --timestamp 1393900972 --stderr_dev jtag_uart --stdin_dev jtag_uart --stdout_dev jtag_uart --sopc_system_name nios2 --quartus_project_dir "H:/COMPSYS723/COMPSYS-723-Assignment-1/ffrequency_analyser" --sopcinfo H:/COMPSYS723/COMPSYS-723-Assignment-1/ffrequency_analyser/software/freqyAnalyser_bsp/../../nios2.sopcinfo
Info: (freqyAnalyser.elf) 633 KBytes program size (code + initialized data).
Info:                     130561 KBytes free for stack + heap.
Info: Creating freqyAnalyser.objdump
nios2-elf-objdump --disassemble --syms --all-header --source freqyAnalyser.elf >freqyAnalyser.objdump
[freqyAnalyser build complete]
16:45:09 **** Incremental Build of configuration Nios II for project freqyAnalyser ****
make all 
Info: Building ../freqyAnalyser_bsp/
C:/intelFPGA/18.1/nios2eds/bin/gnu/H-x86_64-mingw32/bin/make --no-print-directory -C ../freqyAnalyser_bsp/
[BSP build complete]
[freqyAnalyser build complete]
16:46:51 **** Incremental Build of configuration Nios II for project freqyAnalyser ****
make all 
Info: Building ../freqyAnalyser_bsp/
C:/intelFPGA/18.1/nios2eds/bin/gnu/H-x86_64-mingw32/bin/make --no-print-directory -C ../freqyAnalyser_bsp/
[BSP build complete]
Info: Compiling main.c to obj/default/main.o
nios2-elf-gcc -xc -MP -MMD -c -I../freqyAnalyser_bsp//HAL/inc -I../freqyAnalyser_bsp/ -I../freqyAnalyser_bsp//drivers/inc  -pipe -D__hal__ -DALT_NO_INSTRUCTION_EMULATION -DALT_SINGLE_THREADED    -O0 -g -Wall   -mhw-div -mhw-mul -mno-hw-mulx -mgpopt=global  -o obj/default/main.o main.c
main.c: In function 'pollingSwitchsTask':
main.c:153:6: warning: unused variable 'led_output' [-Wunused-variable]
  int led_output = 0;
      ^
main.c: In function 'PRVGADraw_Task':
main.c:223:6: warning: operation on 'i' may be undefined [-Wsequence-point]
    i = ++i%100;
      ^
main.c: In function 'LCD_task':
main.c:288:8: warning: variable 'lcd' set but not used [-Wunused-but-set-variable]
  FILE *lcd;
        ^
Info: Linking freqyAnalyser.elf
nios2-elf-g++  -T'../freqyAnalyser_bsp//linker.x' -msys-crt0='../freqyAnalyser_bsp//obj/HAL/src/crt0.o' -msys-lib=hal_bsp -L../freqyAnalyser_bsp/   -Wl,-Map=freqyAnalyser.map   -O0 -g -Wall   -mhw-div -mhw-mul -mno-hw-mulx -mgpopt=global  -o freqyAnalyser.elf obj/default/FreeRTOS/croutine.o obj/default/FreeRTOS/event_groups.o obj/default/FreeRTOS/heap.o obj/default/FreeRTOS/list.o obj/default/FreeRTOS/port.o obj/default/FreeRTOS/queue.o obj/default/FreeRTOS/tasks.o obj/default/FreeRTOS/timers.o obj/default/main.o obj/default/FreeRTOS/port_asm.o -lm -msys-lib=m
nios2-elf-insert freqyAnalyser.elf --thread_model hal --cpu_name nios2 --qsys true --simulation_enabled false --id 7 --sidp 0x430f0 --timestamp 1393900972 --stderr_dev jtag_uart --stdin_dev jtag_uart --stdout_dev jtag_uart --sopc_system_name nios2 --quartus_project_dir "H:/COMPSYS723/COMPSYS-723-Assignment-1/ffrequency_analyser" --sopcinfo H:/COMPSYS723/COMPSYS-723-Assignment-1/ffrequency_analyser/software/freqyAnalyser_bsp/../../nios2.sopcinfo
Info: (freqyAnalyser.elf) 633 KBytes program size (code + initialized data).
Info:                     130561 KBytes free for stack + heap.
Info: Creating freqyAnalyser.objdump
nios2-elf-objdump --disassemble --syms --all-header --source freqyAnalyser.elf >freqyAnalyser.objdump
[freqyAnalyser build complete]
16:51:23 **** Incremental Build of configuration Nios II for project freqyAnalyser ****
make all 
Info: Building ../freqyAnalyser_bsp/
C:/intelFPGA/18.1/nios2eds/bin/gnu/H-x86_64-mingw32/bin/make --no-print-directory -C ../freqyAnalyser_bsp/
[BSP build complete]
Info: Compiling main.c to obj/default/main.o
nios2-elf-gcc -xc -MP -MMD -c -I../freqyAnalyser_bsp//HAL/inc -I../freqyAnalyser_bsp/ -I../freqyAnalyser_bsp//drivers/inc  -pipe -D__hal__ -DALT_NO_INSTRUCTION_EMULATION -DALT_SINGLE_THREADED    -O0 -g -Wall   -mhw-div -mhw-mul -mno-hw-mulx -mgpopt=global  -o obj/default/main.o main.c
main.c: In function 'stabilityMonitorTask':
main.c:98:2: error: expected '=', ',', ';', 'asm' or '__attribute__' before 'double'
  double roc_frequency
  ^
main.c:99:5: error: expected '=', ',', ';', 'asm' or '__attribute__' before 'while'
     while (1) {
     ^
main.c:102:13: error: 'old_frequency' undeclared (first use in this function)
             old_frequency = frequency;
             ^
main.c:102:13: note: each undeclared identifier is reported only once for each function it appears in
main.c:104:13: error: 'roc_frequency' undeclared (first use in this function)
             roc_frequency = ((frequency - old_frequency) / received_samples) * 16000.0;
             ^
main.c: In function 'pollingSwitchsTask':
main.c:155:6: warning: unused variable 'led_output' [-Wunused-variable]
  int led_output = 0;
      ^
main.c: In function 'PRVGADraw_Task':
main.c:225:6: warning: operation on 'i' may be undefined [-Wsequence-point]
    i = ++i%100;
      ^
main.c: In function 'LCD_task':
main.c:290:8: warning: variable 'lcd' set but not used [-Wunused-but-set-variable]
  FILE *lcd;
        ^
make: *** [obj/default/main.o] Error 1
16:51:32 **** Incremental Build of configuration Nios II for project freqyAnalyser ****
make all 
Info: Building ../freqyAnalyser_bsp/
C:/intelFPGA/18.1/nios2eds/bin/gnu/H-x86_64-mingw32/bin/make --no-print-directory -C ../freqyAnalyser_bsp/
[BSP build complete]
Info: Compiling main.c to obj/default/main.o
nios2-elf-gcc -xc -MP -MMD -c -I../freqyAnalyser_bsp//HAL/inc -I../freqyAnalyser_bsp/ -I../freqyAnalyser_bsp//drivers/inc  -pipe -D__hal__ -DALT_NO_INSTRUCTION_EMULATION -DALT_SINGLE_THREADED    -O0 -g -Wall   -mhw-div -mhw-mul -mno-hw-mulx -mgpopt=global  -o obj/default/main.o main.c
main.c: In function 'pollingSwitchsTask':
main.c:155:6: warning: unused variable 'led_output' [-Wunused-variable]
  int led_output = 0;
      ^
main.c: In function 'PRVGADraw_Task':
main.c:225:6: warning: operation on 'i' may be undefined [-Wsequence-point]
    i = ++i%100;
      ^
main.c: In function 'LCD_task':
main.c:290:8: warning: variable 'lcd' set but not used [-Wunused-but-set-variable]
  FILE *lcd;
        ^
Info: Linking freqyAnalyser.elf
nios2-elf-g++  -T'../freqyAnalyser_bsp//linker.x' -msys-crt0='../freqyAnalyser_bsp//obj/HAL/src/crt0.o' -msys-lib=hal_bsp -L../freqyAnalyser_bsp/   -Wl,-Map=freqyAnalyser.map   -O0 -g -Wall   -mhw-div -mhw-mul -mno-hw-mulx -mgpopt=global  -o freqyAnalyser.elf obj/default/FreeRTOS/croutine.o obj/default/FreeRTOS/event_groups.o obj/default/FreeRTOS/heap.o obj/default/FreeRTOS/list.o obj/default/FreeRTOS/port.o obj/default/FreeRTOS/queue.o obj/default/FreeRTOS/tasks.o obj/default/FreeRTOS/timers.o obj/default/main.o obj/default/FreeRTOS/port_asm.o -lm -msys-lib=m
nios2-elf-insert freqyAnalyser.elf --thread_model hal --cpu_name nios2 --qsys true --simulation_enabled false --id 7 --sidp 0x430f0 --timestamp 1393900972 --stderr_dev jtag_uart --stdin_dev jtag_uart --stdout_dev jtag_uart --sopc_system_name nios2 --quartus_project_dir "H:/COMPSYS723/COMPSYS-723-Assignment-1/ffrequency_analyser" --sopcinfo H:/COMPSYS723/COMPSYS-723-Assignment-1/ffrequency_analyser/software/freqyAnalyser_bsp/../../nios2.sopcinfo
Info: (freqyAnalyser.elf) 633 KBytes program size (code + initialized data).
Info:                     130561 KBytes free for stack + heap.
Info: Creating freqyAnalyser.objdump
nios2-elf-objdump --disassemble --syms --all-header --source freqyAnalyser.elf >freqyAnalyser.objdump
[freqyAnalyser build complete]
16:53:23 **** Incremental Build of configuration Nios II for project freqyAnalyser ****
make all 
Info: Building ../freqyAnalyser_bsp/
C:/intelFPGA/18.1/nios2eds/bin/gnu/H-x86_64-mingw32/bin/make --no-print-directory -C ../freqyAnalyser_bsp/
[BSP build complete]
Info: Compiling main.c to obj/default/main.o
nios2-elf-gcc -xc -MP -MMD -c -I../freqyAnalyser_bsp//HAL/inc -I../freqyAnalyser_bsp/ -I../freqyAnalyser_bsp//drivers/inc  -pipe -D__hal__ -DALT_NO_INSTRUCTION_EMULATION -DALT_SINGLE_THREADED    -O0 -g -Wall   -mhw-div -mhw-mul -mno-hw-mulx -mgpopt=global  -o obj/default/main.o main.c
main.c: In function 'stabilityMonitorTask':
main.c:98:9: warning: variable 'roc_frequency' set but not used [-Wunused-but-set-variable]
  double roc_frequency;
         ^
main.c: In function 'pollingSwitchsTask':
main.c:160:6: warning: unused variable 'led_output' [-Wunused-variable]
  int led_output = 0;
      ^
main.c: In function 'PRVGADraw_Task':
main.c:230:6: warning: operation on 'i' may be undefined [-Wsequence-point]
    i = ++i%100;
      ^
main.c: In function 'LCD_task':
main.c:295:8: warning: variable 'lcd' set but not used [-Wunused-but-set-variable]
  FILE *lcd;
        ^
Info: Linking freqyAnalyser.elf
nios2-elf-g++  -T'../freqyAnalyser_bsp//linker.x' -msys-crt0='../freqyAnalyser_bsp//obj/HAL/src/crt0.o' -msys-lib=hal_bsp -L../freqyAnalyser_bsp/   -Wl,-Map=freqyAnalyser.map   -O0 -g -Wall   -mhw-div -mhw-mul -mno-hw-mulx -mgpopt=global  -o freqyAnalyser.elf obj/default/FreeRTOS/croutine.o obj/default/FreeRTOS/event_groups.o obj/default/FreeRTOS/heap.o obj/default/FreeRTOS/list.o obj/default/FreeRTOS/port.o obj/default/FreeRTOS/queue.o obj/default/FreeRTOS/tasks.o obj/default/FreeRTOS/timers.o obj/default/main.o obj/default/FreeRTOS/port_asm.o -lm -msys-lib=m
nios2-elf-insert freqyAnalyser.elf --thread_model hal --cpu_name nios2 --qsys true --simulation_enabled false --id 7 --sidp 0x430f0 --timestamp 1393900972 --stderr_dev jtag_uart --stdin_dev jtag_uart --stdout_dev jtag_uart --sopc_system_name nios2 --quartus_project_dir "H:/COMPSYS723/COMPSYS-723-Assignment-1/ffrequency_analyser" --sopcinfo H:/COMPSYS723/COMPSYS-723-Assignment-1/ffrequency_analyser/software/freqyAnalyser_bsp/../../nios2.sopcinfo
Info: (freqyAnalyser.elf) 633 KBytes program size (code + initialized data).
Info:                     130561 KBytes free for stack + heap.
Info: Creating freqyAnalyser.objdump
nios2-elf-objdump --disassemble --syms --all-header --source freqyAnalyser.elf >freqyAnalyser.objdump
[freqyAnalyser build complete]
16:58:11 **** Incremental Build of configuration Nios II for project freqyAnalyser ****
make all 
Info: Building ../freqyAnalyser_bsp/
C:/intelFPGA/18.1/nios2eds/bin/gnu/H-x86_64-mingw32/bin/make --no-print-directory -C ../freqyAnalyser_bsp/
[BSP build complete]
Info: Compiling main.c to obj/default/main.o
nios2-elf-gcc -xc -MP -MMD -c -I../freqyAnalyser_bsp//HAL/inc -I../freqyAnalyser_bsp/ -I../freqyAnalyser_bsp//drivers/inc  -pipe -D__hal__ -DALT_NO_INSTRUCTION_EMULATION -DALT_SINGLE_THREADED    -O0 -g -Wall   -mhw-div -mhw-mul -mno-hw-mulx -mgpopt=global  -o obj/default/main.o main.c
main.c: In function 'freq_relay_isr':
main.c:87:5: error: 'VGA_frequency' undeclared (first use in this function)
     VGA_frequency = 16000.0 / (double)samples;
     ^
main.c:87:5: note: each undeclared identifier is reported only once for each function it appears in
In file included from main.c:19:0:
main.c: In function 'stabilityMonitorTask':
FreeRTOS/queue.h:421:90: warning: passing argument 2 of 'xQueueGenericSend' discards 'volatile' qualifier from pointer target type [-Wdiscarded-qualifiers]
 #define xQueueSend( xQueue, pvItemToQueue, xTicksToWait ) xQueueGenericSend( ( xQueue ), ( pvItemToQueue ), ( xTicksToWait ), queueSEND_TO_BACK )
                                                                                          ^
main.c:105:13: note: in expansion of macro 'xQueueSend'
             xQueueSend(Q_freq_data, &frequency, pdFALSE);
             ^
FreeRTOS/queue.h:592:12: note: expected 'const void * const' but argument is of type 'volatile double *'
 BaseType_t xQueueGenericSend( QueueHandle_t xQueue, const void * const pvItemToQueue, TickType_t xTicksToWait, const BaseType_t xCopyPosition ) PRIVILEGED_FUNCTION;
            ^
main.c:98:9: warning: variable 'roc_frequency' set but not used [-Wunused-but-set-variable]
  double roc_frequency;
         ^
main.c: In function 'pollingSwitchsTask':
main.c:161:6: warning: unused variable 'led_output' [-Wunused-variable]
  int led_output = 0;
      ^
main.c: In function 'PRVGADraw_Task':
main.c:231:6: warning: operation on 'i' may be undefined [-Wsequence-point]
    i = ++i%100;
      ^
main.c: In function 'LCD_task':
main.c:296:8: warning: variable 'lcd' set but not used [-Wunused-but-set-variable]
  FILE *lcd;
        ^
make: *** [obj/default/main.o] Error 1
16:58:28 **** Incremental Build of configuration Nios II for project freqyAnalyser ****
make all 
Info: Building ../freqyAnalyser_bsp/
C:/intelFPGA/18.1/nios2eds/bin/gnu/H-x86_64-mingw32/bin/make --no-print-directory -C ../freqyAnalyser_bsp/
[BSP build complete]
Info: Compiling main.c to obj/default/main.o
nios2-elf-gcc -xc -MP -MMD -c -I../freqyAnalyser_bsp//HAL/inc -I../freqyAnalyser_bsp/ -I../freqyAnalyser_bsp//drivers/inc  -pipe -D__hal__ -DALT_NO_INSTRUCTION_EMULATION -DALT_SINGLE_THREADED    -O0 -g -Wall   -mhw-div -mhw-mul -mno-hw-mulx -mgpopt=global  -o obj/default/main.o main.c
In file included from main.c:19:0:
main.c: In function 'freq_relay_isr':
main.c:89:54: error: 'xHigherPriorityTaskWoken' undeclared (first use in this function)
     xQueueSendFromISR(stabilityTaskQueue, &samples, &xHigherPriorityTaskWoken);
                                                      ^
FreeRTOS/queue.h:1261:138: note: in definition of macro 'xQueueSendFromISR'
 #define xQueueSendFromISR( xQueue, pvItemToQueue, pxHigherPriorityTaskWoken ) xQueueGenericSendFromISR( ( xQueue ), ( pvItemToQueue ), ( pxHigherPriorityTaskWoken ), queueSEND_TO_BACK )
                                                                                                                                          ^
main.c:89:54: note: each undeclared identifier is reported only once for each function it appears in
     xQueueSendFromISR(stabilityTaskQueue, &samples, &xHigherPriorityTaskWoken);
                                                      ^
FreeRTOS/queue.h:1261:138: note: in definition of macro 'xQueueSendFromISR'
 #define xQueueSendFromISR( xQueue, pvItemToQueue, pxHigherPriorityTaskWoken ) xQueueGenericSendFromISR( ( xQueue ), ( pvItemToQueue ), ( pxHigherPriorityTaskWoken ), queueSEND_TO_BACK )
                                                                                                                                          ^
main.c: In function 'stabilityMonitorTask':
FreeRTOS/queue.h:421:90: warning: passing argument 2 of 'xQueueGenericSend' discards 'volatile' qualifier from pointer target type [-Wdiscarded-qualifiers]
 #define xQueueSend( xQueue, pvItemToQueue, xTicksToWait ) xQueueGenericSend( ( xQueue ), ( pvItemToQueue ), ( xTicksToWait ), queueSEND_TO_BACK )
                                                                                          ^
main.c:105:13: note: in expansion of macro 'xQueueSend'
             xQueueSend(Q_freq_data, &frequency, pdFALSE);
             ^
FreeRTOS/queue.h:592:12: note: expected 'const void * const' but argument is of type 'volatile double *'
 BaseType_t xQueueGenericSend( QueueHandle_t xQueue, const void * const pvItemToQueue, TickType_t xTicksToWait, const BaseType_t xCopyPosition ) PRIVILEGED_FUNCTION;
            ^
main.c:98:9: warning: variable 'roc_frequency' set but not used [-Wunused-but-set-variable]
  double roc_frequency;
         ^
main.c: In function 'pollingSwitchsTask':
main.c:161:6: warning: unused variable 'led_output' [-Wunused-variable]
  int led_output = 0;
      ^
main.c: In function 'PRVGADraw_Task':
main.c:231:6: warning: operation on 'i' may be undefined [-Wsequence-point]
    i = ++i%100;
      ^
main.c: In function 'LCD_task':
main.c:296:8: warning: variable 'lcd' set but not used [-Wunused-but-set-variable]
  FILE *lcd;
        ^
make: *** [obj/default/main.o] Error 1
16:58:36 **** Incremental Build of configuration Nios II for project freqyAnalyser ****
make all 
Info: Building ../freqyAnalyser_bsp/
C:/intelFPGA/18.1/nios2eds/bin/gnu/H-x86_64-mingw32/bin/make --no-print-directory -C ../freqyAnalyser_bsp/
[BSP build complete]
Info: Compiling main.c to obj/default/main.o
nios2-elf-gcc -xc -MP -MMD -c -I../freqyAnalyser_bsp//HAL/inc -I../freqyAnalyser_bsp/ -I../freqyAnalyser_bsp//drivers/inc  -pipe -D__hal__ -DALT_NO_INSTRUCTION_EMULATION -DALT_SINGLE_THREADED    -O0 -g -Wall   -mhw-div -mhw-mul -mno-hw-mulx -mgpopt=global  -o obj/default/main.o main.c
In file included from main.c:19:0:
main.c: In function 'stabilityMonitorTask':
FreeRTOS/queue.h:421:90: warning: passing argument 2 of 'xQueueGenericSend' discards 'volatile' qualifier from pointer target type [-Wdiscarded-qualifiers]
 #define xQueueSend( xQueue, pvItemToQueue, xTicksToWait ) xQueueGenericSend( ( xQueue ), ( pvItemToQueue ), ( xTicksToWait ), queueSEND_TO_BACK )
                                                                                          ^
main.c:105:13: note: in expansion of macro 'xQueueSend'
             xQueueSend(Q_freq_data, &frequency, pdFALSE);
             ^
FreeRTOS/queue.h:592:12: note: expected 'const void * const' but argument is of type 'volatile double *'
 BaseType_t xQueueGenericSend( QueueHandle_t xQueue, const void * const pvItemToQueue, TickType_t xTicksToWait, const BaseType_t xCopyPosition ) PRIVILEGED_FUNCTION;
            ^
main.c:98:9: warning: variable 'roc_frequency' set but not used [-Wunused-but-set-variable]
  double roc_frequency;
         ^
main.c: In function 'pollingSwitchsTask':
main.c:161:6: warning: unused variable 'led_output' [-Wunused-variable]
  int led_output = 0;
      ^
main.c: In function 'PRVGADraw_Task':
main.c:231:6: warning: operation on 'i' may be undefined [-Wsequence-point]
    i = ++i%100;
      ^
main.c: In function 'LCD_task':
main.c:296:8: warning: variable 'lcd' set but not used [-Wunused-but-set-variable]
  FILE *lcd;
        ^
Info: Linking freqyAnalyser.elf
nios2-elf-g++  -T'../freqyAnalyser_bsp//linker.x' -msys-crt0='../freqyAnalyser_bsp//obj/HAL/src/crt0.o' -msys-lib=hal_bsp -L../freqyAnalyser_bsp/   -Wl,-Map=freqyAnalyser.map   -O0 -g -Wall   -mhw-div -mhw-mul -mno-hw-mulx -mgpopt=global  -o freqyAnalyser.elf obj/default/FreeRTOS/croutine.o obj/default/FreeRTOS/event_groups.o obj/default/FreeRTOS/heap.o obj/default/FreeRTOS/list.o obj/default/FreeRTOS/port.o obj/default/FreeRTOS/queue.o obj/default/FreeRTOS/tasks.o obj/default/FreeRTOS/timers.o obj/default/main.o obj/default/FreeRTOS/port_asm.o -lm -msys-lib=m
nios2-elf-insert freqyAnalyser.elf --thread_model hal --cpu_name nios2 --qsys true --simulation_enabled false --id 7 --sidp 0x430f0 --timestamp 1393900972 --stderr_dev jtag_uart --stdin_dev jtag_uart --stdout_dev jtag_uart --sopc_system_name nios2 --quartus_project_dir "H:/COMPSYS723/COMPSYS-723-Assignment-1/ffrequency_analyser" --sopcinfo H:/COMPSYS723/COMPSYS-723-Assignment-1/ffrequency_analyser/software/freqyAnalyser_bsp/../../nios2.sopcinfo
Info: (freqyAnalyser.elf) 633 KBytes program size (code + initialized data).
Info:                     130561 KBytes free for stack + heap.
Info: Creating freqyAnalyser.objdump
nios2-elf-objdump --disassemble --syms --all-header --source freqyAnalyser.elf >freqyAnalyser.objdump
[freqyAnalyser build complete]
16:59:34 **** Incremental Build of configuration Nios II for project freqyAnalyser ****
make all 
Info: Building ../freqyAnalyser_bsp/
C:/intelFPGA/18.1/nios2eds/bin/gnu/H-x86_64-mingw32/bin/make --no-print-directory -C ../freqyAnalyser_bsp/
[BSP build complete]
[freqyAnalyser build complete]
17:02:28 **** Incremental Build of configuration Nios II for project freqyAnalyser ****
make all 
Info: Building ../freqyAnalyser_bsp/
C:/intelFPGA/18.1/nios2eds/bin/gnu/H-x86_64-mingw32/bin/make --no-print-directory -C ../freqyAnalyser_bsp/
[BSP build complete]
Info: Compiling main.c to obj/default/main.o
nios2-elf-gcc -xc -MP -MMD -c -I../freqyAnalyser_bsp//HAL/inc -I../freqyAnalyser_bsp/ -I../freqyAnalyser_bsp//drivers/inc  -pipe -D__hal__ -DALT_NO_INSTRUCTION_EMULATION -DALT_SINGLE_THREADED    -O0 -g -Wall   -mhw-div -mhw-mul -mno-hw-mulx -mgpopt=global  -o obj/default/main.o main.c
In file included from main.c:19:0:
main.c: In function 'stabilityMonitorTask':
FreeRTOS/queue.h:421:90: warning: passing argument 2 of 'xQueueGenericSend' discards 'volatile' qualifier from pointer target type [-Wdiscarded-qualifiers]
 #define xQueueSend( xQueue, pvItemToQueue, xTicksToWait ) xQueueGenericSend( ( xQueue ), ( pvItemToQueue ), ( xTicksToWait ), queueSEND_TO_BACK )
                                                                                          ^
main.c:105:13: note: in expansion of macro 'xQueueSend'
             xQueueSend(Q_freq_data, &frequency, pdFALSE);
             ^
FreeRTOS/queue.h:592:12: note: expected 'const void * const' but argument is of type 'volatile double *'
 BaseType_t xQueueGenericSend( QueueHandle_t xQueue, const void * const pvItemToQueue, TickType_t xTicksToWait, const BaseType_t xCopyPosition ) PRIVILEGED_FUNCTION;
            ^
main.c:98:9: warning: variable 'roc_frequency' set but not used [-Wunused-but-set-variable]
  double roc_frequency;
         ^
main.c: In function 'pollingSwitchsTask':
main.c:163:6: warning: unused variable 'led_output' [-Wunused-variable]
  int led_output = 0;
      ^
main.c: In function 'PRVGADraw_Task':
main.c:233:6: warning: operation on 'i' may be undefined [-Wsequence-point]
    i = ++i%100;
      ^
main.c: In function 'LCD_task':
main.c:298:8: warning: variable 'lcd' set but not used [-Wunused-but-set-variable]
  FILE *lcd;
        ^
Info: Linking freqyAnalyser.elf
nios2-elf-g++  -T'../freqyAnalyser_bsp//linker.x' -msys-crt0='../freqyAnalyser_bsp//obj/HAL/src/crt0.o' -msys-lib=hal_bsp -L../freqyAnalyser_bsp/   -Wl,-Map=freqyAnalyser.map   -O0 -g -Wall   -mhw-div -mhw-mul -mno-hw-mulx -mgpopt=global  -o freqyAnalyser.elf obj/default/FreeRTOS/croutine.o obj/default/FreeRTOS/event_groups.o obj/default/FreeRTOS/heap.o obj/default/FreeRTOS/list.o obj/default/FreeRTOS/port.o obj/default/FreeRTOS/queue.o obj/default/FreeRTOS/tasks.o obj/default/FreeRTOS/timers.o obj/default/main.o obj/default/FreeRTOS/port_asm.o -lm -msys-lib=m
nios2-elf-insert freqyAnalyser.elf --thread_model hal --cpu_name nios2 --qsys true --simulation_enabled false --id 7 --sidp 0x430f0 --timestamp 1393900972 --stderr_dev jtag_uart --stdin_dev jtag_uart --stdout_dev jtag_uart --sopc_system_name nios2 --quartus_project_dir "H:/COMPSYS723/COMPSYS-723-Assignment-1/ffrequency_analyser" --sopcinfo H:/COMPSYS723/COMPSYS-723-Assignment-1/ffrequency_analyser/software/freqyAnalyser_bsp/../../nios2.sopcinfo
Info: (freqyAnalyser.elf) 633 KBytes program size (code + initialized data).
Info:                     130561 KBytes free for stack + heap.
Info: Creating freqyAnalyser.objdump
nios2-elf-objdump --disassemble --syms --all-header --source freqyAnalyser.elf >freqyAnalyser.objdump
[freqyAnalyser build complete]
17:03:44 **** Incremental Build of configuration Nios II for project freqyAnalyser ****
make all 
Info: Building ../freqyAnalyser_bsp/
C:/intelFPGA/18.1/nios2eds/bin/gnu/H-x86_64-mingw32/bin/make --no-print-directory -C ../freqyAnalyser_bsp/
[BSP build complete]
Info: Compiling main.c to obj/default/main.o
nios2-elf-gcc -xc -MP -MMD -c -I../freqyAnalyser_bsp//HAL/inc -I../freqyAnalyser_bsp/ -I../freqyAnalyser_bsp//drivers/inc  -pipe -D__hal__ -DALT_NO_INSTRUCTION_EMULATION -DALT_SINGLE_THREADED    -O0 -g -Wall   -mhw-div -mhw-mul -mno-hw-mulx -mgpopt=global  -o obj/default/main.o main.c
In file included from main.c:19:0:
main.c: In function 'stabilityMonitorTask':
FreeRTOS/queue.h:421:90: warning: passing argument 2 of 'xQueueGenericSend' discards 'volatile' qualifier from pointer target type [-Wdiscarded-qualifiers]
 #define xQueueSend( xQueue, pvItemToQueue, xTicksToWait ) xQueueGenericSend( ( xQueue ), ( pvItemToQueue ), ( xTicksToWait ), queueSEND_TO_BACK )
                                                                                          ^
main.c:105:13: note: in expansion of macro 'xQueueSend'
             xQueueSend(Q_freq_data, &frequency, pdFALSE);
             ^
FreeRTOS/queue.h:592:12: note: expected 'const void * const' but argument is of type 'volatile double *'
 BaseType_t xQueueGenericSend( QueueHandle_t xQueue, const void * const pvItemToQueue, TickType_t xTicksToWait, const BaseType_t xCopyPosition ) PRIVILEGED_FUNCTION;
            ^
main.c:98:9: warning: variable 'roc_frequency' set but not used [-Wunused-but-set-variable]
  double roc_frequency;
         ^
main.c: In function 'pollingSwitchsTask':
main.c:164:6: warning: unused variable 'led_output' [-Wunused-variable]
  int led_output = 0;
      ^
main.c: In function 'PRVGADraw_Task':
main.c:234:6: warning: operation on 'i' may be undefined [-Wsequence-point]
    i = ++i%100;
      ^
main.c: In function 'LCD_task':
main.c:299:8: warning: variable 'lcd' set but not used [-Wunused-but-set-variable]
  FILE *lcd;
        ^
Info: Linking freqyAnalyser.elf
nios2-elf-g++  -T'../freqyAnalyser_bsp//linker.x' -msys-crt0='../freqyAnalyser_bsp//obj/HAL/src/crt0.o' -msys-lib=hal_bsp -L../freqyAnalyser_bsp/   -Wl,-Map=freqyAnalyser.map   -O0 -g -Wall   -mhw-div -mhw-mul -mno-hw-mulx -mgpopt=global  -o freqyAnalyser.elf obj/default/FreeRTOS/croutine.o obj/default/FreeRTOS/event_groups.o obj/default/FreeRTOS/heap.o obj/default/FreeRTOS/list.o obj/default/FreeRTOS/port.o obj/default/FreeRTOS/queue.o obj/default/FreeRTOS/tasks.o obj/default/FreeRTOS/timers.o obj/default/main.o obj/default/FreeRTOS/port_asm.o -lm -msys-lib=m
nios2-elf-insert freqyAnalyser.elf --thread_model hal --cpu_name nios2 --qsys true --simulation_enabled false --id 7 --sidp 0x430f0 --timestamp 1393900972 --stderr_dev jtag_uart --stdin_dev jtag_uart --stdout_dev jtag_uart --sopc_system_name nios2 --quartus_project_dir "H:/COMPSYS723/COMPSYS-723-Assignment-1/ffrequency_analyser" --sopcinfo H:/COMPSYS723/COMPSYS-723-Assignment-1/ffrequency_analyser/software/freqyAnalyser_bsp/../../nios2.sopcinfo
Info: (freqyAnalyser.elf) 633 KBytes program size (code + initialized data).
Info:                     130561 KBytes free for stack + heap.
Info: Creating freqyAnalyser.objdump
nios2-elf-objdump --disassemble --syms --all-header --source freqyAnalyser.elf >freqyAnalyser.objdump
[freqyAnalyser build complete]
17:06:29 **** Incremental Build of configuration Nios II for project freqyAnalyser ****
make all 
Info: Building ../freqyAnalyser_bsp/
C:/intelFPGA/18.1/nios2eds/bin/gnu/H-x86_64-mingw32/bin/make --no-print-directory -C ../freqyAnalyser_bsp/
[BSP build complete]
Info: Compiling main.c to obj/default/main.o
nios2-elf-gcc -xc -MP -MMD -c -I../freqyAnalyser_bsp//HAL/inc -I../freqyAnalyser_bsp/ -I../freqyAnalyser_bsp//drivers/inc  -pipe -D__hal__ -DALT_NO_INSTRUCTION_EMULATION -DALT_SINGLE_THREADED    -O0 -g -Wall   -mhw-div -mhw-mul -mno-hw-mulx -mgpopt=global  -o obj/default/main.o main.c
In file included from main.c:19:0:
main.c: In function 'stabilityMonitorTask':
FreeRTOS/queue.h:421:90: warning: passing argument 2 of 'xQueueGenericSend' discards 'volatile' qualifier from pointer target type [-Wdiscarded-qualifiers]
 #define xQueueSend( xQueue, pvItemToQueue, xTicksToWait ) xQueueGenericSend( ( xQueue ), ( pvItemToQueue ), ( xTicksToWait ), queueSEND_TO_BACK )
                                                                                          ^
main.c:105:13: note: in expansion of macro 'xQueueSend'
             xQueueSend(Q_freq_data, &frequency, pdFALSE);
             ^
FreeRTOS/queue.h:592:12: note: expected 'const void * const' but argument is of type 'volatile double *'
 BaseType_t xQueueGenericSend( QueueHandle_t xQueue, const void * const pvItemToQueue, TickType_t xTicksToWait, const BaseType_t xCopyPosition ) PRIVILEGED_FUNCTION;
            ^
main.c:98:9: warning: variable 'roc_frequency' set but not used [-Wunused-but-set-variable]
  double roc_frequency;
         ^
main.c: In function 'pollingSwitchsTask':
main.c:164:6: warning: unused variable 'led_output' [-Wunused-variable]
  int led_output = 0;
      ^
main.c: In function 'PRVGADraw_Task':
main.c:234:6: warning: operation on 'i' may be undefined [-Wsequence-point]
    i = ++i%100;
      ^
main.c: In function 'LCD_task':
main.c:299:8: warning: variable 'lcd' set but not used [-Wunused-but-set-variable]
  FILE *lcd;
        ^
Info: Linking freqyAnalyser.elf
nios2-elf-g++  -T'../freqyAnalyser_bsp//linker.x' -msys-crt0='../freqyAnalyser_bsp//obj/HAL/src/crt0.o' -msys-lib=hal_bsp -L../freqyAnalyser_bsp/   -Wl,-Map=freqyAnalyser.map   -O0 -g -Wall   -mhw-div -mhw-mul -mno-hw-mulx -mgpopt=global  -o freqyAnalyser.elf obj/default/FreeRTOS/croutine.o obj/default/FreeRTOS/event_groups.o obj/default/FreeRTOS/heap.o obj/default/FreeRTOS/list.o obj/default/FreeRTOS/port.o obj/default/FreeRTOS/queue.o obj/default/FreeRTOS/tasks.o obj/default/FreeRTOS/timers.o obj/default/main.o obj/default/FreeRTOS/port_asm.o -lm -msys-lib=m
nios2-elf-insert freqyAnalyser.elf --thread_model hal --cpu_name nios2 --qsys true --simulation_enabled false --id 7 --sidp 0x430f0 --timestamp 1393900972 --stderr_dev jtag_uart --stdin_dev jtag_uart --stdout_dev jtag_uart --sopc_system_name nios2 --quartus_project_dir "H:/COMPSYS723/COMPSYS-723-Assignment-1/ffrequency_analyser" --sopcinfo H:/COMPSYS723/COMPSYS-723-Assignment-1/ffrequency_analyser/software/freqyAnalyser_bsp/../../nios2.sopcinfo
Info: (freqyAnalyser.elf) 633 KBytes program size (code + initialized data).
Info:                     130561 KBytes free for stack + heap.
Info: Creating freqyAnalyser.objdump
nios2-elf-objdump --disassemble --syms --all-header --source freqyAnalyser.elf >freqyAnalyser.objdump
[freqyAnalyser build complete]
17:07:00 **** Incremental Build of configuration Nios II for project freqyAnalyser ****
make all 
Info: Building ../freqyAnalyser_bsp/
C:/intelFPGA/18.1/nios2eds/bin/gnu/H-x86_64-mingw32/bin/make --no-print-directory -C ../freqyAnalyser_bsp/
[BSP build complete]
Info: Compiling main.c to obj/default/main.o
nios2-elf-gcc -xc -MP -MMD -c -I../freqyAnalyser_bsp//HAL/inc -I../freqyAnalyser_bsp/ -I../freqyAnalyser_bsp//drivers/inc  -pipe -D__hal__ -DALT_NO_INSTRUCTION_EMULATION -DALT_SINGLE_THREADED    -O0 -g -Wall   -mhw-div -mhw-mul -mno-hw-mulx -mgpopt=global  -o obj/default/main.o main.c
In file included from main.c:19:0:
main.c: In function 'stabilityMonitorTask':
FreeRTOS/queue.h:421:90: warning: passing argument 2 of 'xQueueGenericSend' discards 'volatile' qualifier from pointer target type [-Wdiscarded-qualifiers]
 #define xQueueSend( xQueue, pvItemToQueue, xTicksToWait ) xQueueGenericSend( ( xQueue ), ( pvItemToQueue ), ( xTicksToWait ), queueSEND_TO_BACK )
                                                                                          ^
main.c:105:13: note: in expansion of macro 'xQueueSend'
             xQueueSend(Q_freq_data, &frequency, pdFALSE);
             ^
FreeRTOS/queue.h:592:12: note: expected 'const void * const' but argument is of type 'volatile double *'
 BaseType_t xQueueGenericSend( QueueHandle_t xQueue, const void * const pvItemToQueue, TickType_t xTicksToWait, const BaseType_t xCopyPosition ) PRIVILEGED_FUNCTION;
            ^
main.c:98:9: warning: variable 'roc_frequency' set but not used [-Wunused-but-set-variable]
  double roc_frequency;
         ^
main.c: In function 'pollingSwitchsTask':
main.c:164:6: warning: unused variable 'led_output' [-Wunused-variable]
  int led_output = 0;
      ^
main.c: In function 'PRVGADraw_Task':
main.c:234:6: warning: operation on 'i' may be undefined [-Wsequence-point]
    i = ++i%100;
      ^
main.c: In function 'LCD_task':
main.c:299:8: warning: variable 'lcd' set but not used [-Wunused-but-set-variable]
  FILE *lcd;
        ^
Info: Linking freqyAnalyser.elf
nios2-elf-g++  -T'../freqyAnalyser_bsp//linker.x' -msys-crt0='../freqyAnalyser_bsp//obj/HAL/src/crt0.o' -msys-lib=hal_bsp -L../freqyAnalyser_bsp/   -Wl,-Map=freqyAnalyser.map   -O0 -g -Wall   -mhw-div -mhw-mul -mno-hw-mulx -mgpopt=global  -o freqyAnalyser.elf obj/default/FreeRTOS/croutine.o obj/default/FreeRTOS/event_groups.o obj/default/FreeRTOS/heap.o obj/default/FreeRTOS/list.o obj/default/FreeRTOS/port.o obj/default/FreeRTOS/queue.o obj/default/FreeRTOS/tasks.o obj/default/FreeRTOS/timers.o obj/default/main.o obj/default/FreeRTOS/port_asm.o -lm -msys-lib=m
nios2-elf-insert freqyAnalyser.elf --thread_model hal --cpu_name nios2 --qsys true --simulation_enabled false --id 7 --sidp 0x430f0 --timestamp 1393900972 --stderr_dev jtag_uart --stdin_dev jtag_uart --stdout_dev jtag_uart --sopc_system_name nios2 --quartus_project_dir "H:/COMPSYS723/COMPSYS-723-Assignment-1/ffrequency_analyser" --sopcinfo H:/COMPSYS723/COMPSYS-723-Assignment-1/ffrequency_analyser/software/freqyAnalyser_bsp/../../nios2.sopcinfo
Info: (freqyAnalyser.elf) 633 KBytes program size (code + initialized data).
Info:                     130561 KBytes free for stack + heap.
Info: Creating freqyAnalyser.objdump
nios2-elf-objdump --disassemble --syms --all-header --source freqyAnalyser.elf >freqyAnalyser.objdump
[freqyAnalyser build complete]
17:08:38 **** Incremental Build of configuration Nios II for project freqyAnalyser ****
make all 
Info: Building ../freqyAnalyser_bsp/
C:/intelFPGA/18.1/nios2eds/bin/gnu/H-x86_64-mingw32/bin/make --no-print-directory -C ../freqyAnalyser_bsp/
[BSP build complete]
Info: Compiling main.c to obj/default/main.o
nios2-elf-gcc -xc -MP -MMD -c -I../freqyAnalyser_bsp//HAL/inc -I../freqyAnalyser_bsp/ -I../freqyAnalyser_bsp//drivers/inc  -pipe -D__hal__ -DALT_NO_INSTRUCTION_EMULATION -DALT_SINGLE_THREADED    -O0 -g -Wall   -mhw-div -mhw-mul -mno-hw-mulx -mgpopt=global  -o obj/default/main.o main.c
In file included from main.c:19:0:
main.c: In function 'stabilityMonitorTask':
FreeRTOS/queue.h:421:90: warning: passing argument 2 of 'xQueueGenericSend' discards 'volatile' qualifier from pointer target type [-Wdiscarded-qualifiers]
 #define xQueueSend( xQueue, pvItemToQueue, xTicksToWait ) xQueueGenericSend( ( xQueue ), ( pvItemToQueue ), ( xTicksToWait ), queueSEND_TO_BACK )
                                                                                          ^
main.c:105:13: note: in expansion of macro 'xQueueSend'
             xQueueSend(Q_freq_data, &frequency, pdFALSE);
             ^
FreeRTOS/queue.h:592:12: note: expected 'const void * const' but argument is of type 'volatile double *'
 BaseType_t xQueueGenericSend( QueueHandle_t xQueue, const void * const pvItemToQueue, TickType_t xTicksToWait, const BaseType_t xCopyPosition ) PRIVILEGED_FUNCTION;
            ^
main.c:98:9: warning: variable 'roc_frequency' set but not used [-Wunused-but-set-variable]
  double roc_frequency;
         ^
main.c: In function 'pollingSwitchsTask':
main.c:163:6: warning: unused variable 'led_output' [-Wunused-variable]
  int led_output = 0;
      ^
main.c: In function 'PRVGADraw_Task':
main.c:233:6: warning: operation on 'i' may be undefined [-Wsequence-point]
    i = ++i%100;
      ^
main.c: In function 'LCD_task':
main.c:298:8: warning: variable 'lcd' set but not used [-Wunused-but-set-variable]
  FILE *lcd;
        ^
Info: Linking freqyAnalyser.elf
nios2-elf-g++  -T'../freqyAnalyser_bsp//linker.x' -msys-crt0='../freqyAnalyser_bsp//obj/HAL/src/crt0.o' -msys-lib=hal_bsp -L../freqyAnalyser_bsp/   -Wl,-Map=freqyAnalyser.map   -O0 -g -Wall   -mhw-div -mhw-mul -mno-hw-mulx -mgpopt=global  -o freqyAnalyser.elf obj/default/FreeRTOS/croutine.o obj/default/FreeRTOS/event_groups.o obj/default/FreeRTOS/heap.o obj/default/FreeRTOS/list.o obj/default/FreeRTOS/port.o obj/default/FreeRTOS/queue.o obj/default/FreeRTOS/tasks.o obj/default/FreeRTOS/timers.o obj/default/main.o obj/default/FreeRTOS/port_asm.o -lm -msys-lib=m
nios2-elf-insert freqyAnalyser.elf --thread_model hal --cpu_name nios2 --qsys true --simulation_enabled false --id 7 --sidp 0x430f0 --timestamp 1393900972 --stderr_dev jtag_uart --stdin_dev jtag_uart --stdout_dev jtag_uart --sopc_system_name nios2 --quartus_project_dir "H:/COMPSYS723/COMPSYS-723-Assignment-1/ffrequency_analyser" --sopcinfo H:/COMPSYS723/COMPSYS-723-Assignment-1/ffrequency_analyser/software/freqyAnalyser_bsp/../../nios2.sopcinfo
Info: (freqyAnalyser.elf) 633 KBytes program size (code + initialized data).
Info:                     130561 KBytes free for stack + heap.
Info: Creating freqyAnalyser.objdump
nios2-elf-objdump --disassemble --syms --all-header --source freqyAnalyser.elf >freqyAnalyser.objdump
[freqyAnalyser build complete]
17:09:15 **** Incremental Build of configuration Nios II for project freqyAnalyser ****
make all 
Info: Building ../freqyAnalyser_bsp/
C:/intelFPGA/18.1/nios2eds/bin/gnu/H-x86_64-mingw32/bin/make --no-print-directory -C ../freqyAnalyser_bsp/
[BSP build complete]
Info: Compiling main.c to obj/default/main.o
nios2-elf-gcc -xc -MP -MMD -c -I../freqyAnalyser_bsp//HAL/inc -I../freqyAnalyser_bsp/ -I../freqyAnalyser_bsp//drivers/inc  -pipe -D__hal__ -DALT_NO_INSTRUCTION_EMULATION -DALT_SINGLE_THREADED    -O0 -g -Wall   -mhw-div -mhw-mul -mno-hw-mulx -mgpopt=global  -o obj/default/main.o main.c
In file included from main.c:19:0:
main.c: In function 'stabilityMonitorTask':
FreeRTOS/queue.h:421:90: warning: passing argument 2 of 'xQueueGenericSend' discards 'volatile' qualifier from pointer target type [-Wdiscarded-qualifiers]
 #define xQueueSend( xQueue, pvItemToQueue, xTicksToWait ) xQueueGenericSend( ( xQueue ), ( pvItemToQueue ), ( xTicksToWait ), queueSEND_TO_BACK )
                                                                                          ^
main.c:105:13: note: in expansion of macro 'xQueueSend'
             xQueueSend(Q_freq_data, &frequency, pdFALSE);
             ^
FreeRTOS/queue.h:592:12: note: expected 'const void * const' but argument is of type 'volatile double *'
 BaseType_t xQueueGenericSend( QueueHandle_t xQueue, const void * const pvItemToQueue, TickType_t xTicksToWait, const BaseType_t xCopyPosition ) PRIVILEGED_FUNCTION;
            ^
main.c:98:9: warning: variable 'roc_frequency' set but not used [-Wunused-but-set-variable]
  double roc_frequency;
         ^
main.c: In function 'pollingSwitchsTask':
main.c:162:6: warning: unused variable 'led_output' [-Wunused-variable]
  int led_output = 0;
      ^
main.c: In function 'PRVGADraw_Task':
main.c:232:6: warning: operation on 'i' may be undefined [-Wsequence-point]
    i = ++i%100;
      ^
main.c: In function 'LCD_task':
main.c:297:8: warning: variable 'lcd' set but not used [-Wunused-but-set-variable]
  FILE *lcd;
        ^
Info: Linking freqyAnalyser.elf
nios2-elf-g++  -T'../freqyAnalyser_bsp//linker.x' -msys-crt0='../freqyAnalyser_bsp//obj/HAL/src/crt0.o' -msys-lib=hal_bsp -L../freqyAnalyser_bsp/   -Wl,-Map=freqyAnalyser.map   -O0 -g -Wall   -mhw-div -mhw-mul -mno-hw-mulx -mgpopt=global  -o freqyAnalyser.elf obj/default/FreeRTOS/croutine.o obj/default/FreeRTOS/event_groups.o obj/default/FreeRTOS/heap.o obj/default/FreeRTOS/list.o obj/default/FreeRTOS/port.o obj/default/FreeRTOS/queue.o obj/default/FreeRTOS/tasks.o obj/default/FreeRTOS/timers.o obj/default/main.o obj/default/FreeRTOS/port_asm.o -lm -msys-lib=m
nios2-elf-insert freqyAnalyser.elf --thread_model hal --cpu_name nios2 --qsys true --simulation_enabled false --id 7 --sidp 0x430f0 --timestamp 1393900972 --stderr_dev jtag_uart --stdin_dev jtag_uart --stdout_dev jtag_uart --sopc_system_name nios2 --quartus_project_dir "H:/COMPSYS723/COMPSYS-723-Assignment-1/ffrequency_analyser" --sopcinfo H:/COMPSYS723/COMPSYS-723-Assignment-1/ffrequency_analyser/software/freqyAnalyser_bsp/../../nios2.sopcinfo
Info: (freqyAnalyser.elf) 633 KBytes program size (code + initialized data).
Info:                     130561 KBytes free for stack + heap.
Info: Creating freqyAnalyser.objdump
nios2-elf-objdump --disassemble --syms --all-header --source freqyAnalyser.elf >freqyAnalyser.objdump
[freqyAnalyser build complete]
17:09:52 **** Incremental Build of configuration Nios II for project freqyAnalyser ****
make all 
Info: Building ../freqyAnalyser_bsp/
C:/intelFPGA/18.1/nios2eds/bin/gnu/H-x86_64-mingw32/bin/make --no-print-directory -C ../freqyAnalyser_bsp/
[BSP build complete]
Info: Compiling main.c to obj/default/main.o
nios2-elf-gcc -xc -MP -MMD -c -I../freqyAnalyser_bsp//HAL/inc -I../freqyAnalyser_bsp/ -I../freqyAnalyser_bsp//drivers/inc  -pipe -D__hal__ -DALT_NO_INSTRUCTION_EMULATION -DALT_SINGLE_THREADED    -O0 -g -Wall   -mhw-div -mhw-mul -mno-hw-mulx -mgpopt=global  -o obj/default/main.o main.c
In file included from main.c:19:0:
main.c: In function 'stabilityMonitorTask':
FreeRTOS/queue.h:421:90: warning: passing argument 2 of 'xQueueGenericSend' discards 'volatile' qualifier from pointer target type [-Wdiscarded-qualifiers]
 #define xQueueSend( xQueue, pvItemToQueue, xTicksToWait ) xQueueGenericSend( ( xQueue ), ( pvItemToQueue ), ( xTicksToWait ), queueSEND_TO_BACK )
                                                                                          ^
main.c:105:13: note: in expansion of macro 'xQueueSend'
             xQueueSend(Q_freq_data, &frequency, pdFALSE);
             ^
FreeRTOS/queue.h:592:12: note: expected 'const void * const' but argument is of type 'volatile double *'
 BaseType_t xQueueGenericSend( QueueHandle_t xQueue, const void * const pvItemToQueue, TickType_t xTicksToWait, const BaseType_t xCopyPosition ) PRIVILEGED_FUNCTION;
            ^
main.c:98:9: warning: variable 'roc_frequency' set but not used [-Wunused-but-set-variable]
  double roc_frequency;
         ^
main.c: In function 'pollingSwitchsTask':
main.c:161:6: warning: unused variable 'led_output' [-Wunused-variable]
  int led_output = 0;
      ^
main.c: In function 'PRVGADraw_Task':
main.c:231:6: warning: operation on 'i' may be undefined [-Wsequence-point]
    i = ++i%100;
      ^
main.c: In function 'LCD_task':
main.c:296:8: warning: variable 'lcd' set but not used [-Wunused-but-set-variable]
  FILE *lcd;
        ^
Info: Linking freqyAnalyser.elf
nios2-elf-g++  -T'../freqyAnalyser_bsp//linker.x' -msys-crt0='../freqyAnalyser_bsp//obj/HAL/src/crt0.o' -msys-lib=hal_bsp -L../freqyAnalyser_bsp/   -Wl,-Map=freqyAnalyser.map   -O0 -g -Wall   -mhw-div -mhw-mul -mno-hw-mulx -mgpopt=global  -o freqyAnalyser.elf obj/default/FreeRTOS/croutine.o obj/default/FreeRTOS/event_groups.o obj/default/FreeRTOS/heap.o obj/default/FreeRTOS/list.o obj/default/FreeRTOS/port.o obj/default/FreeRTOS/queue.o obj/default/FreeRTOS/tasks.o obj/default/FreeRTOS/timers.o obj/default/main.o obj/default/FreeRTOS/port_asm.o -lm -msys-lib=m
nios2-elf-insert freqyAnalyser.elf --thread_model hal --cpu_name nios2 --qsys true --simulation_enabled false --id 7 --sidp 0x430f0 --timestamp 1393900972 --stderr_dev jtag_uart --stdin_dev jtag_uart --stdout_dev jtag_uart --sopc_system_name nios2 --quartus_project_dir "H:/COMPSYS723/COMPSYS-723-Assignment-1/ffrequency_analyser" --sopcinfo H:/COMPSYS723/COMPSYS-723-Assignment-1/ffrequency_analyser/software/freqyAnalyser_bsp/../../nios2.sopcinfo
Info: (freqyAnalyser.elf) 633 KBytes program size (code + initialized data).
Info:                     130561 KBytes free for stack + heap.
Info: Creating freqyAnalyser.objdump
nios2-elf-objdump --disassemble --syms --all-header --source freqyAnalyser.elf >freqyAnalyser.objdump
[freqyAnalyser build complete]
17:10:51 **** Incremental Build of configuration Nios II for project freqyAnalyser ****
make all 
Info: Building ../freqyAnalyser_bsp/
C:/intelFPGA/18.1/nios2eds/bin/gnu/H-x86_64-mingw32/bin/make --no-print-directory -C ../freqyAnalyser_bsp/
[BSP build complete]
Info: Compiling main.c to obj/default/main.o
nios2-elf-gcc -xc -MP -MMD -c -I../freqyAnalyser_bsp//HAL/inc -I../freqyAnalyser_bsp/ -I../freqyAnalyser_bsp//drivers/inc  -pipe -D__hal__ -DALT_NO_INSTRUCTION_EMULATION -DALT_SINGLE_THREADED    -O0 -g -Wall   -mhw-div -mhw-mul -mno-hw-mulx -mgpopt=global  -o obj/default/main.o main.c
In file included from main.c:19:0:
main.c: In function 'stabilityMonitorTask':
FreeRTOS/queue.h:421:90: warning: passing argument 2 of 'xQueueGenericSend' discards 'volatile' qualifier from pointer target type [-Wdiscarded-qualifiers]
 #define xQueueSend( xQueue, pvItemToQueue, xTicksToWait ) xQueueGenericSend( ( xQueue ), ( pvItemToQueue ), ( xTicksToWait ), queueSEND_TO_BACK )
                                                                                          ^
main.c:105:13: note: in expansion of macro 'xQueueSend'
             xQueueSend(Q_freq_data, &frequency, pdFALSE);
             ^
FreeRTOS/queue.h:592:12: note: expected 'const void * const' but argument is of type 'volatile double *'
 BaseType_t xQueueGenericSend( QueueHandle_t xQueue, const void * const pvItemToQueue, TickType_t xTicksToWait, const BaseType_t xCopyPosition ) PRIVILEGED_FUNCTION;
            ^
main.c:98:9: warning: variable 'roc_frequency' set but not used [-Wunused-but-set-variable]
  double roc_frequency;
         ^
main.c: In function 'pollingSwitchsTask':
main.c:161:6: warning: unused variable 'led_output' [-Wunused-variable]
  int led_output = 0;
      ^
main.c: In function 'PRVGADraw_Task':
main.c:231:6: warning: operation on 'i' may be undefined [-Wsequence-point]
    i = ++i%100;
      ^
main.c: In function 'LCD_task':
main.c:296:8: warning: variable 'lcd' set but not used [-Wunused-but-set-variable]
  FILE *lcd;
        ^
Info: Linking freqyAnalyser.elf
nios2-elf-g++  -T'../freqyAnalyser_bsp//linker.x' -msys-crt0='../freqyAnalyser_bsp//obj/HAL/src/crt0.o' -msys-lib=hal_bsp -L../freqyAnalyser_bsp/   -Wl,-Map=freqyAnalyser.map   -O0 -g -Wall   -mhw-div -mhw-mul -mno-hw-mulx -mgpopt=global  -o freqyAnalyser.elf obj/default/FreeRTOS/croutine.o obj/default/FreeRTOS/event_groups.o obj/default/FreeRTOS/heap.o obj/default/FreeRTOS/list.o obj/default/FreeRTOS/port.o obj/default/FreeRTOS/queue.o obj/default/FreeRTOS/tasks.o obj/default/FreeRTOS/timers.o obj/default/main.o obj/default/FreeRTOS/port_asm.o -lm -msys-lib=m
nios2-elf-insert freqyAnalyser.elf --thread_model hal --cpu_name nios2 --qsys true --simulation_enabled false --id 7 --sidp 0x430f0 --timestamp 1393900972 --stderr_dev jtag_uart --stdin_dev jtag_uart --stdout_dev jtag_uart --sopc_system_name nios2 --quartus_project_dir "H:/COMPSYS723/COMPSYS-723-Assignment-1/ffrequency_analyser" --sopcinfo H:/COMPSYS723/COMPSYS-723-Assignment-1/ffrequency_analyser/software/freqyAnalyser_bsp/../../nios2.sopcinfo
Info: (freqyAnalyser.elf) 633 KBytes program size (code + initialized data).
Info:                     130561 KBytes free for stack + heap.
Info: Creating freqyAnalyser.objdump
nios2-elf-objdump --disassemble --syms --all-header --source freqyAnalyser.elf >freqyAnalyser.objdump
[freqyAnalyser build complete]
17:12:37 **** Incremental Build of configuration Nios II for project freqyAnalyser ****
make all 
Info: Building ../freqyAnalyser_bsp/
C:/intelFPGA/18.1/nios2eds/bin/gnu/H-x86_64-mingw32/bin/make --no-print-directory -C ../freqyAnalyser_bsp/
[BSP build complete]
Info: Compiling main.c to obj/default/main.o
nios2-elf-gcc -xc -MP -MMD -c -I../freqyAnalyser_bsp//HAL/inc -I../freqyAnalyser_bsp/ -I../freqyAnalyser_bsp//drivers/inc  -pipe -D__hal__ -DALT_NO_INSTRUCTION_EMULATION -DALT_SINGLE_THREADED    -O0 -g -Wall   -mhw-div -mhw-mul -mno-hw-mulx -mgpopt=global  -o obj/default/main.o main.c
In file included from main.c:19:0:
main.c: In function 'stabilityMonitorTask':
FreeRTOS/queue.h:421:90: warning: passing argument 2 of 'xQueueGenericSend' discards 'volatile' qualifier from pointer target type [-Wdiscarded-qualifiers]
 #define xQueueSend( xQueue, pvItemToQueue, xTicksToWait ) xQueueGenericSend( ( xQueue ), ( pvItemToQueue ), ( xTicksToWait ), queueSEND_TO_BACK )
                                                                                          ^
main.c:105:13: note: in expansion of macro 'xQueueSend'
             xQueueSend(Q_freq_data, &frequency, pdFALSE);
             ^
FreeRTOS/queue.h:592:12: note: expected 'const void * const' but argument is of type 'volatile double *'
 BaseType_t xQueueGenericSend( QueueHandle_t xQueue, const void * const pvItemToQueue, TickType_t xTicksToWait, const BaseType_t xCopyPosition ) PRIVILEGED_FUNCTION;
            ^
main.c:98:9: warning: variable 'roc_frequency' set but not used [-Wunused-but-set-variable]
  double roc_frequency;
         ^
main.c: In function 'pollingSwitchsTask':
main.c:162:6: warning: unused variable 'led_output' [-Wunused-variable]
  int led_output = 0;
      ^
main.c: In function 'PRVGADraw_Task':
main.c:232:6: warning: operation on 'i' may be undefined [-Wsequence-point]
    i = ++i%100;
      ^
main.c: In function 'LCD_task':
main.c:297:8: warning: variable 'lcd' set but not used [-Wunused-but-set-variable]
  FILE *lcd;
        ^
Info: Linking freqyAnalyser.elf
nios2-elf-g++  -T'../freqyAnalyser_bsp//linker.x' -msys-crt0='../freqyAnalyser_bsp//obj/HAL/src/crt0.o' -msys-lib=hal_bsp -L../freqyAnalyser_bsp/   -Wl,-Map=freqyAnalyser.map   -O0 -g -Wall   -mhw-div -mhw-mul -mno-hw-mulx -mgpopt=global  -o freqyAnalyser.elf obj/default/FreeRTOS/croutine.o obj/default/FreeRTOS/event_groups.o obj/default/FreeRTOS/heap.o obj/default/FreeRTOS/list.o obj/default/FreeRTOS/port.o obj/default/FreeRTOS/queue.o obj/default/FreeRTOS/tasks.o obj/default/FreeRTOS/timers.o obj/default/main.o obj/default/FreeRTOS/port_asm.o -lm -msys-lib=m
nios2-elf-insert freqyAnalyser.elf --thread_model hal --cpu_name nios2 --qsys true --simulation_enabled false --id 7 --sidp 0x430f0 --timestamp 1393900972 --stderr_dev jtag_uart --stdin_dev jtag_uart --stdout_dev jtag_uart --sopc_system_name nios2 --quartus_project_dir "H:/COMPSYS723/COMPSYS-723-Assignment-1/ffrequency_analyser" --sopcinfo H:/COMPSYS723/COMPSYS-723-Assignment-1/ffrequency_analyser/software/freqyAnalyser_bsp/../../nios2.sopcinfo
Info: (freqyAnalyser.elf) 633 KBytes program size (code + initialized data).
Info:                     130561 KBytes free for stack + heap.
Info: Creating freqyAnalyser.objdump
nios2-elf-objdump --disassemble --syms --all-header --source freqyAnalyser.elf >freqyAnalyser.objdump
[freqyAnalyser build complete]
17:14:09 **** Incremental Build of configuration Nios II for project freqyAnalyser ****
make all 
Info: Building ../freqyAnalyser_bsp/
C:/intelFPGA/18.1/nios2eds/bin/gnu/H-x86_64-mingw32/bin/make --no-print-directory -C ../freqyAnalyser_bsp/
[BSP build complete]
Info: Compiling main.c to obj/default/main.o
nios2-elf-gcc -xc -MP -MMD -c -I../freqyAnalyser_bsp//HAL/inc -I../freqyAnalyser_bsp/ -I../freqyAnalyser_bsp//drivers/inc  -pipe -D__hal__ -DALT_NO_INSTRUCTION_EMULATION -DALT_SINGLE_THREADED    -O0 -g -Wall   -mhw-div -mhw-mul -mno-hw-mulx -mgpopt=global  -o obj/default/main.o main.c
In file included from main.c:19:0:
main.c: In function 'stabilityMonitorTask':
FreeRTOS/queue.h:421:90: warning: passing argument 2 of 'xQueueGenericSend' discards 'volatile' qualifier from pointer target type [-Wdiscarded-qualifiers]
 #define xQueueSend( xQueue, pvItemToQueue, xTicksToWait ) xQueueGenericSend( ( xQueue ), ( pvItemToQueue ), ( xTicksToWait ), queueSEND_TO_BACK )
                                                                                          ^
main.c:107:13: note: in expansion of macro 'xQueueSend'
             xQueueSend(Q_freq_data, &frequency, pdFALSE);
             ^
FreeRTOS/queue.h:592:12: note: expected 'const void * const' but argument is of type 'volatile double *'
 BaseType_t xQueueGenericSend( QueueHandle_t xQueue, const void * const pvItemToQueue, TickType_t xTicksToWait, const BaseType_t xCopyPosition ) PRIVILEGED_FUNCTION;
            ^
main.c:98:12: warning: variable 'roc_frequency' set but not used [-Wunused-but-set-variable]
     double roc_frequency;
            ^
main.c: In function 'pollingSwitchsTask':
main.c:164:6: warning: unused variable 'led_output' [-Wunused-variable]
  int led_output = 0;
      ^
main.c: In function 'PRVGADraw_Task':
main.c:234:6: warning: operation on 'i' may be undefined [-Wsequence-point]
    i = ++i%100;
      ^
main.c: In function 'LCD_task':
main.c:299:8: warning: variable 'lcd' set but not used [-Wunused-but-set-variable]
  FILE *lcd;
        ^
Info: Linking freqyAnalyser.elf
nios2-elf-g++  -T'../freqyAnalyser_bsp//linker.x' -msys-crt0='../freqyAnalyser_bsp//obj/HAL/src/crt0.o' -msys-lib=hal_bsp -L../freqyAnalyser_bsp/   -Wl,-Map=freqyAnalyser.map   -O0 -g -Wall   -mhw-div -mhw-mul -mno-hw-mulx -mgpopt=global  -o freqyAnalyser.elf obj/default/FreeRTOS/croutine.o obj/default/FreeRTOS/event_groups.o obj/default/FreeRTOS/heap.o obj/default/FreeRTOS/list.o obj/default/FreeRTOS/port.o obj/default/FreeRTOS/queue.o obj/default/FreeRTOS/tasks.o obj/default/FreeRTOS/timers.o obj/default/main.o obj/default/FreeRTOS/port_asm.o -lm -msys-lib=m
nios2-elf-insert freqyAnalyser.elf --thread_model hal --cpu_name nios2 --qsys true --simulation_enabled false --id 7 --sidp 0x430f0 --timestamp 1393900972 --stderr_dev jtag_uart --stdin_dev jtag_uart --stdout_dev jtag_uart --sopc_system_name nios2 --quartus_project_dir "H:/COMPSYS723/COMPSYS-723-Assignment-1/ffrequency_analyser" --sopcinfo H:/COMPSYS723/COMPSYS-723-Assignment-1/ffrequency_analyser/software/freqyAnalyser_bsp/../../nios2.sopcinfo
Info: (freqyAnalyser.elf) 633 KBytes program size (code + initialized data).
Info:                     130561 KBytes free for stack + heap.
Info: Creating freqyAnalyser.objdump
nios2-elf-objdump --disassemble --syms --all-header --source freqyAnalyser.elf >freqyAnalyser.objdump
[freqyAnalyser build complete]
17:15:04 **** Incremental Build of configuration Nios II for project freqyAnalyser ****
make all 
Info: Building ../freqyAnalyser_bsp/
C:/intelFPGA/18.1/nios2eds/bin/gnu/H-x86_64-mingw32/bin/make --no-print-directory -C ../freqyAnalyser_bsp/
[BSP build complete]
Info: Compiling main.c to obj/default/main.o
nios2-elf-gcc -xc -MP -MMD -c -I../freqyAnalyser_bsp//HAL/inc -I../freqyAnalyser_bsp/ -I../freqyAnalyser_bsp//drivers/inc  -pipe -D__hal__ -DALT_NO_INSTRUCTION_EMULATION -DALT_SINGLE_THREADED    -O0 -g -Wall   -mhw-div -mhw-mul -mno-hw-mulx -mgpopt=global  -o obj/default/main.o main.c
In file included from main.c:19:0:
main.c: In function 'stabilityMonitorTask':
FreeRTOS/queue.h:421:90: warning: passing argument 2 of 'xQueueGenericSend' discards 'volatile' qualifier from pointer target type [-Wdiscarded-qualifiers]
 #define xQueueSend( xQueue, pvItemToQueue, xTicksToWait ) xQueueGenericSend( ( xQueue ), ( pvItemToQueue ), ( xTicksToWait ), queueSEND_TO_BACK )
                                                                                          ^
main.c:107:13: note: in expansion of macro 'xQueueSend'
             xQueueSend(Q_freq_data, &frequency, pdFALSE);
             ^
FreeRTOS/queue.h:592:12: note: expected 'const void * const' but argument is of type 'volatile double *'
 BaseType_t xQueueGenericSend( QueueHandle_t xQueue, const void * const pvItemToQueue, TickType_t xTicksToWait, const BaseType_t xCopyPosition ) PRIVILEGED_FUNCTION;
            ^
main.c:113:17: warning: implicit declaration of function 'xQueueSendBackTo' [-Wimplicit-function-declaration]
                 xQueueSendBackTo(loadMonitorTaskQueue, &stability_flag, portMAX_DELAY);
                 ^
main.c:98:12: warning: variable 'roc_frequency' set but not used [-Wunused-but-set-variable]
     double roc_frequency;
            ^
main.c: In function 'pollingSwitchsTask':
main.c:164:6: warning: unused variable 'led_output' [-Wunused-variable]
  int led_output = 0;
      ^
main.c: In function 'PRVGADraw_Task':
main.c:234:6: warning: operation on 'i' may be undefined [-Wsequence-point]
    i = ++i%100;
      ^
main.c: In function 'LCD_task':
main.c:299:8: warning: variable 'lcd' set but not used [-Wunused-but-set-variable]
  FILE *lcd;
        ^
Info: Linking freqyAnalyser.elf
nios2-elf-g++  -T'../freqyAnalyser_bsp//linker.x' -msys-crt0='../freqyAnalyser_bsp//obj/HAL/src/crt0.o' -msys-lib=hal_bsp -L../freqyAnalyser_bsp/   -Wl,-Map=freqyAnalyser.map   -O0 -g -Wall   -mhw-div -mhw-mul -mno-hw-mulx -mgpopt=global  -o freqyAnalyser.elf obj/default/FreeRTOS/croutine.o obj/default/FreeRTOS/event_groups.o obj/default/FreeRTOS/heap.o obj/default/FreeRTOS/list.o obj/default/FreeRTOS/port.o obj/default/FreeRTOS/queue.o obj/default/FreeRTOS/tasks.o obj/default/FreeRTOS/timers.o obj/default/main.o obj/default/FreeRTOS/port_asm.o -lm -msys-lib=m
obj/default/main.o: In function `stabilityMonitorTask':
H:\COMPSYS723\COMPSYS-723-Assignment-1\ffrequency_analyser\software\freqyAnalyser/main.c:113: undefined reference to `xQueueSendBackTo'
collect2.exe: error: ld returned 1 exit status
make: *** [freqyAnalyser.elf] Error 1
17:15:24 **** Incremental Build of configuration Nios II for project freqyAnalyser ****
make all 
Info: Building ../freqyAnalyser_bsp/
C:/intelFPGA/18.1/nios2eds/bin/gnu/H-x86_64-mingw32/bin/make --no-print-directory -C ../freqyAnalyser_bsp/
[BSP build complete]
Info: Compiling main.c to obj/default/main.o
nios2-elf-gcc -xc -MP -MMD -c -I../freqyAnalyser_bsp//HAL/inc -I../freqyAnalyser_bsp/ -I../freqyAnalyser_bsp//drivers/inc  -pipe -D__hal__ -DALT_NO_INSTRUCTION_EMULATION -DALT_SINGLE_THREADED    -O0 -g -Wall   -mhw-div -mhw-mul -mno-hw-mulx -mgpopt=global  -o obj/default/main.o main.c
In file included from main.c:19:0:
main.c: In function 'stabilityMonitorTask':
FreeRTOS/queue.h:421:90: warning: passing argument 2 of 'xQueueGenericSend' discards 'volatile' qualifier from pointer target type [-Wdiscarded-qualifiers]
 #define xQueueSend( xQueue, pvItemToQueue, xTicksToWait ) xQueueGenericSend( ( xQueue ), ( pvItemToQueue ), ( xTicksToWait ), queueSEND_TO_BACK )
                                                                                          ^
main.c:107:13: note: in expansion of macro 'xQueueSend'
             xQueueSend(Q_freq_data, &frequency, pdFALSE);
             ^
FreeRTOS/queue.h:592:12: note: expected 'const void * const' but argument is of type 'volatile double *'
 BaseType_t xQueueGenericSend( QueueHandle_t xQueue, const void * const pvItemToQueue, TickType_t xTicksToWait, const BaseType_t xCopyPosition ) PRIVILEGED_FUNCTION;
            ^
main.c:98:12: warning: variable 'roc_frequency' set but not used [-Wunused-but-set-variable]
     double roc_frequency;
            ^
main.c: In function 'pollingSwitchsTask':
main.c:165:6: warning: unused variable 'led_output' [-Wunused-variable]
  int led_output = 0;
      ^
main.c: In function 'PRVGADraw_Task':
main.c:235:6: warning: operation on 'i' may be undefined [-Wsequence-point]
    i = ++i%100;
      ^
main.c: In function 'LCD_task':
main.c:300:8: warning: variable 'lcd' set but not used [-Wunused-but-set-variable]
  FILE *lcd;
        ^
Info: Linking freqyAnalyser.elf
nios2-elf-g++  -T'../freqyAnalyser_bsp//linker.x' -msys-crt0='../freqyAnalyser_bsp//obj/HAL/src/crt0.o' -msys-lib=hal_bsp -L../freqyAnalyser_bsp/   -Wl,-Map=freqyAnalyser.map   -O0 -g -Wall   -mhw-div -mhw-mul -mno-hw-mulx -mgpopt=global  -o freqyAnalyser.elf obj/default/FreeRTOS/croutine.o obj/default/FreeRTOS/event_groups.o obj/default/FreeRTOS/heap.o obj/default/FreeRTOS/list.o obj/default/FreeRTOS/port.o obj/default/FreeRTOS/queue.o obj/default/FreeRTOS/tasks.o obj/default/FreeRTOS/timers.o obj/default/main.o obj/default/FreeRTOS/port_asm.o -lm -msys-lib=m
nios2-elf-insert freqyAnalyser.elf --thread_model hal --cpu_name nios2 --qsys true --simulation_enabled false --id 7 --sidp 0x430f0 --timestamp 1393900972 --stderr_dev jtag_uart --stdin_dev jtag_uart --stdout_dev jtag_uart --sopc_system_name nios2 --quartus_project_dir "H:/COMPSYS723/COMPSYS-723-Assignment-1/ffrequency_analyser" --sopcinfo H:/COMPSYS723/COMPSYS-723-Assignment-1/ffrequency_analyser/software/freqyAnalyser_bsp/../../nios2.sopcinfo
Info: (freqyAnalyser.elf) 633 KBytes program size (code + initialized data).
Info:                     130561 KBytes free for stack + heap.
Info: Creating freqyAnalyser.objdump
nios2-elf-objdump --disassemble --syms --all-header --source freqyAnalyser.elf >freqyAnalyser.objdump
[freqyAnalyser build complete]
17:18:19 **** Incremental Build of configuration Nios II for project freqyAnalyser ****
make all 
Info: Building ../freqyAnalyser_bsp/
C:/intelFPGA/18.1/nios2eds/bin/gnu/H-x86_64-mingw32/bin/make --no-print-directory -C ../freqyAnalyser_bsp/
[BSP build complete]
Info: Compiling main.c to obj/default/main.o
nios2-elf-gcc -xc -MP -MMD -c -I../freqyAnalyser_bsp//HAL/inc -I../freqyAnalyser_bsp/ -I../freqyAnalyser_bsp//drivers/inc  -pipe -D__hal__ -DALT_NO_INSTRUCTION_EMULATION -DALT_SINGLE_THREADED    -O0 -g -Wall   -mhw-div -mhw-mul -mno-hw-mulx -mgpopt=global  -o obj/default/main.o main.c
In file included from main.c:19:0:
main.c: In function 'stabilityMonitorTask':
FreeRTOS/queue.h:421:90: warning: passing argument 2 of 'xQueueGenericSend' discards 'volatile' qualifier from pointer target type [-Wdiscarded-qualifiers]
 #define xQueueSend( xQueue, pvItemToQueue, xTicksToWait ) xQueueGenericSend( ( xQueue ), ( pvItemToQueue ), ( xTicksToWait ), queueSEND_TO_BACK )
                                                                                          ^
main.c:107:13: note: in expansion of macro 'xQueueSend'
             xQueueSend(Q_freq_data, &frequency, pdFALSE);
             ^
FreeRTOS/queue.h:592:12: note: expected 'const void * const' but argument is of type 'volatile double *'
 BaseType_t xQueueGenericSend( QueueHandle_t xQueue, const void * const pvItemToQueue, TickType_t xTicksToWait, const BaseType_t xCopyPosition ) PRIVILEGED_FUNCTION;
            ^
main.c:98:12: warning: variable 'roc_frequency' set but not used [-Wunused-but-set-variable]
     double roc_frequency;
            ^
main.c: In function 'pollingSwitchsTask':
main.c:165:6: warning: unused variable 'led_output' [-Wunused-variable]
  int led_output = 0;
      ^
main.c: In function 'PRVGADraw_Task':
main.c:235:6: warning: operation on 'i' may be undefined [-Wsequence-point]
    i = ++i%100;
      ^
main.c: In function 'LCD_task':
main.c:300:8: warning: variable 'lcd' set but not used [-Wunused-but-set-variable]
  FILE *lcd;
        ^
main.c: In function 'main':
main.c:319:6: warning: 'return' with no value, in function returning non-void
      return; // Or handle the error appropriately
      ^
Info: Linking freqyAnalyser.elf
nios2-elf-g++  -T'../freqyAnalyser_bsp//linker.x' -msys-crt0='../freqyAnalyser_bsp//obj/HAL/src/crt0.o' -msys-lib=hal_bsp -L../freqyAnalyser_bsp/   -Wl,-Map=freqyAnalyser.map   -O0 -g -Wall   -mhw-div -mhw-mul -mno-hw-mulx -mgpopt=global  -o freqyAnalyser.elf obj/default/FreeRTOS/croutine.o obj/default/FreeRTOS/event_groups.o obj/default/FreeRTOS/heap.o obj/default/FreeRTOS/list.o obj/default/FreeRTOS/port.o obj/default/FreeRTOS/queue.o obj/default/FreeRTOS/tasks.o obj/default/FreeRTOS/timers.o obj/default/main.o obj/default/FreeRTOS/port_asm.o -lm -msys-lib=m
nios2-elf-insert freqyAnalyser.elf --thread_model hal --cpu_name nios2 --qsys true --simulation_enabled false --id 7 --sidp 0x430f0 --timestamp 1393900972 --stderr_dev jtag_uart --stdin_dev jtag_uart --stdout_dev jtag_uart --sopc_system_name nios2 --quartus_project_dir "H:/COMPSYS723/COMPSYS-723-Assignment-1/ffrequency_analyser" --sopcinfo H:/COMPSYS723/COMPSYS-723-Assignment-1/ffrequency_analyser/software/freqyAnalyser_bsp/../../nios2.sopcinfo
Info: (freqyAnalyser.elf) 633 KBytes program size (code + initialized data).
Info:                     130561 KBytes free for stack + heap.
Info: Creating freqyAnalyser.objdump
nios2-elf-objdump --disassemble --syms --all-header --source freqyAnalyser.elf >freqyAnalyser.objdump
[freqyAnalyser build complete]
17:20:12 **** Incremental Build of configuration Nios II for project freqyAnalyser ****
make all 
Info: Building ../freqyAnalyser_bsp/
C:/intelFPGA/18.1/nios2eds/bin/gnu/H-x86_64-mingw32/bin/make --no-print-directory -C ../freqyAnalyser_bsp/
[BSP build complete]
Info: Compiling main.c to obj/default/main.o
nios2-elf-gcc -xc -MP -MMD -c -I../freqyAnalyser_bsp//HAL/inc -I../freqyAnalyser_bsp/ -I../freqyAnalyser_bsp//drivers/inc  -pipe -D__hal__ -DALT_NO_INSTRUCTION_EMULATION -DALT_SINGLE_THREADED    -O0 -g -Wall   -mhw-div -mhw-mul -mno-hw-mulx -mgpopt=global  -o obj/default/main.o main.c
main.c:63:120: warning: data definition has no type or storage class
 TaskHandle_t Timer_Reset1, stabilityTaskHandle, loadMonitorTaskHandle, pollingSwitchsTaskHandle, PRVGADraw, LCD_handle;s;
                                                                                                                        ^
main.c:63:120: warning: type defaults to 'int' in declaration of 's' [-Wimplicit-int]
In file included from main.c:19:0:
main.c: In function 'stabilityMonitorTask':
FreeRTOS/queue.h:421:90: warning: passing argument 2 of 'xQueueGenericSend' discards 'volatile' qualifier from pointer target type [-Wdiscarded-qualifiers]
 #define xQueueSend( xQueue, pvItemToQueue, xTicksToWait ) xQueueGenericSend( ( xQueue ), ( pvItemToQueue ), ( xTicksToWait ), queueSEND_TO_BACK )
                                                                                          ^
main.c:107:13: note: in expansion of macro 'xQueueSend'
             xQueueSend(Q_freq_data, &frequency, pdFALSE);
             ^
FreeRTOS/queue.h:592:12: note: expected 'const void * const' but argument is of type 'volatile double *'
 BaseType_t xQueueGenericSend( QueueHandle_t xQueue, const void * const pvItemToQueue, TickType_t xTicksToWait, const BaseType_t xCopyPosition ) PRIVILEGED_FUNCTION;
            ^
main.c:98:12: warning: variable 'roc_frequency' set but not used [-Wunused-but-set-variable]
     double roc_frequency;
            ^
main.c: In function 'pollingSwitchsTask':
main.c:165:6: warning: unused variable 'led_output' [-Wunused-variable]
  int led_output = 0;
      ^
main.c: In function 'PRVGADraw_Task':
main.c:235:6: warning: operation on 'i' may be undefined [-Wsequence-point]
    i = ++i%100;
      ^
main.c: In function 'LCD_task':
main.c:300:8: warning: variable 'lcd' set but not used [-Wunused-but-set-variable]
  FILE *lcd;
        ^
Info: Linking freqyAnalyser.elf
nios2-elf-g++  -T'../freqyAnalyser_bsp//linker.x' -msys-crt0='../freqyAnalyser_bsp//obj/HAL/src/crt0.o' -msys-lib=hal_bsp -L../freqyAnalyser_bsp/   -Wl,-Map=freqyAnalyser.map   -O0 -g -Wall   -mhw-div -mhw-mul -mno-hw-mulx -mgpopt=global  -o freqyAnalyser.elf obj/default/FreeRTOS/croutine.o obj/default/FreeRTOS/event_groups.o obj/default/FreeRTOS/heap.o obj/default/FreeRTOS/list.o obj/default/FreeRTOS/port.o obj/default/FreeRTOS/queue.o obj/default/FreeRTOS/tasks.o obj/default/FreeRTOS/timers.o obj/default/main.o obj/default/FreeRTOS/port_asm.o -lm -msys-lib=m
nios2-elf-insert freqyAnalyser.elf --thread_model hal --cpu_name nios2 --qsys true --simulation_enabled false --id 7 --sidp 0x430f0 --timestamp 1393900972 --stderr_dev jtag_uart --stdin_dev jtag_uart --stdout_dev jtag_uart --sopc_system_name nios2 --quartus_project_dir "H:/COMPSYS723/COMPSYS-723-Assignment-1/ffrequency_analyser" --sopcinfo H:/COMPSYS723/COMPSYS-723-Assignment-1/ffrequency_analyser/software/freqyAnalyser_bsp/../../nios2.sopcinfo
Info: (freqyAnalyser.elf) 633 KBytes program size (code + initialized data).
Info:                     130561 KBytes free for stack + heap.
Info: Creating freqyAnalyser.objdump
nios2-elf-objdump --disassemble --syms --all-header --source freqyAnalyser.elf >freqyAnalyser.objdump
[freqyAnalyser build complete]
17:21:16 **** Incremental Build of configuration Nios II for project freqyAnalyser ****
make all 
Info: Building ../freqyAnalyser_bsp/
C:/intelFPGA/18.1/nios2eds/bin/gnu/H-x86_64-mingw32/bin/make --no-print-directory -C ../freqyAnalyser_bsp/
[BSP build complete]
Info: Compiling main.c to obj/default/main.o
nios2-elf-gcc -xc -MP -MMD -c -I../freqyAnalyser_bsp//HAL/inc -I../freqyAnalyser_bsp/ -I../freqyAnalyser_bsp//drivers/inc  -pipe -D__hal__ -DALT_NO_INSTRUCTION_EMULATION -DALT_SINGLE_THREADED    -O0 -g -Wall   -mhw-div -mhw-mul -mno-hw-mulx -mgpopt=global  -o obj/default/main.o main.c
main.c:62:84: error: 'vTimerCallback' undeclared here (not in a function)
 TimerHandle_t timer = xTimerCreate("Timer Name", pdMS_TO_TICKS(500), pdTRUE, NULL, vTimerCallback);
                                                                                    ^
main.c:63:120: warning: data definition has no type or storage class
 TaskHandle_t Timer_Reset1, stabilityTaskHandle, loadMonitorTaskHandle, pollingSwitchsTaskHandle, PRVGADraw, LCD_handle;s;
                                                                                                                        ^
main.c:63:120: warning: type defaults to 'int' in declaration of 's' [-Wimplicit-int]
In file included from main.c:19:0:
main.c: In function 'stabilityMonitorTask':
FreeRTOS/queue.h:421:90: warning: passing argument 2 of 'xQueueGenericSend' discards 'volatile' qualifier from pointer target type [-Wdiscarded-qualifiers]
 #define xQueueSend( xQueue, pvItemToQueue, xTicksToWait ) xQueueGenericSend( ( xQueue ), ( pvItemToQueue ), ( xTicksToWait ), queueSEND_TO_BACK )
                                                                                          ^
main.c:107:13: note: in expansion of macro 'xQueueSend'
             xQueueSend(Q_freq_data, &frequency, pdFALSE);
             ^
FreeRTOS/queue.h:592:12: note: expected 'const void * const' but argument is of type 'volatile double *'
 BaseType_t xQueueGenericSend( QueueHandle_t xQueue, const void * const pvItemToQueue, TickType_t xTicksToWait, const BaseType_t xCopyPosition ) PRIVILEGED_FUNCTION;
            ^
main.c:98:12: warning: variable 'roc_frequency' set but not used [-Wunused-but-set-variable]
     double roc_frequency;
            ^
main.c: In function 'pollingSwitchsTask':
main.c:165:6: warning: unused variable 'led_output' [-Wunused-variable]
  int led_output = 0;
      ^
main.c: In function 'PRVGADraw_Task':
main.c:235:6: warning: operation on 'i' may be undefined [-Wsequence-point]
    i = ++i%100;
      ^
main.c: In function 'LCD_task':
main.c:300:8: warning: variable 'lcd' set but not used [-Wunused-but-set-variable]
  FILE *lcd;
        ^
make: *** [obj/default/main.o] Error 1
17:21:47 **** Incremental Build of configuration Nios II for project freqyAnalyser ****
make all 
Info: Building ../freqyAnalyser_bsp/
C:/intelFPGA/18.1/nios2eds/bin/gnu/H-x86_64-mingw32/bin/make --no-print-directory -C ../freqyAnalyser_bsp/
[BSP build complete]
Info: Compiling main.c to obj/default/main.o
nios2-elf-gcc -xc -MP -MMD -c -I../freqyAnalyser_bsp//HAL/inc -I../freqyAnalyser_bsp/ -I../freqyAnalyser_bsp//drivers/inc  -pipe -D__hal__ -DALT_NO_INSTRUCTION_EMULATION -DALT_SINGLE_THREADED    -O0 -g -Wall   -mhw-div -mhw-mul -mno-hw-mulx -mgpopt=global  -o obj/default/main.o main.c
main.c:63:120: warning: data definition has no type or storage class
 TaskHandle_t Timer_Reset1, stabilityTaskHandle, loadMonitorTaskHandle, pollingSwitchsTaskHandle, PRVGADraw, LCD_handle;s;
                                                                                                                        ^
main.c:63:120: warning: type defaults to 'int' in declaration of 's' [-Wimplicit-int]
In file included from main.c:19:0:
main.c: In function 'stabilityMonitorTask':
FreeRTOS/queue.h:421:90: warning: passing argument 2 of 'xQueueGenericSend' discards 'volatile' qualifier from pointer target type [-Wdiscarded-qualifiers]
 #define xQueueSend( xQueue, pvItemToQueue, xTicksToWait ) xQueueGenericSend( ( xQueue ), ( pvItemToQueue ), ( xTicksToWait ), queueSEND_TO_BACK )
                                                                                          ^
main.c:107:13: note: in expansion of macro 'xQueueSend'
             xQueueSend(Q_freq_data, &frequency, pdFALSE);
             ^
FreeRTOS/queue.h:592:12: note: expected 'const void * const' but argument is of type 'volatile double *'
 BaseType_t xQueueGenericSend( QueueHandle_t xQueue, const void * const pvItemToQueue, TickType_t xTicksToWait, const BaseType_t xCopyPosition ) PRIVILEGED_FUNCTION;
            ^
main.c:98:12: warning: variable 'roc_frequency' set but not used [-Wunused-but-set-variable]
     double roc_frequency;
            ^
main.c: In function 'pollingSwitchsTask':
main.c:165:6: warning: unused variable 'led_output' [-Wunused-variable]
  int led_output = 0;
      ^
main.c: In function 'PRVGADraw_Task':
main.c:235:6: warning: operation on 'i' may be undefined [-Wsequence-point]
    i = ++i%100;
      ^
main.c: In function 'LCD_task':
main.c:300:8: warning: variable 'lcd' set but not used [-Wunused-but-set-variable]
  FILE *lcd;
        ^
Info: Linking freqyAnalyser.elf
nios2-elf-g++  -T'../freqyAnalyser_bsp//linker.x' -msys-crt0='../freqyAnalyser_bsp//obj/HAL/src/crt0.o' -msys-lib=hal_bsp -L../freqyAnalyser_bsp/   -Wl,-Map=freqyAnalyser.map   -O0 -g -Wall   -mhw-div -mhw-mul -mno-hw-mulx -mgpopt=global  -o freqyAnalyser.elf obj/default/FreeRTOS/croutine.o obj/default/FreeRTOS/event_groups.o obj/default/FreeRTOS/heap.o obj/default/FreeRTOS/list.o obj/default/FreeRTOS/port.o obj/default/FreeRTOS/queue.o obj/default/FreeRTOS/tasks.o obj/default/FreeRTOS/timers.o obj/default/main.o obj/default/FreeRTOS/port_asm.o -lm -msys-lib=m
nios2-elf-insert freqyAnalyser.elf --thread_model hal --cpu_name nios2 --qsys true --simulation_enabled false --id 7 --sidp 0x430f0 --timestamp 1393900972 --stderr_dev jtag_uart --stdin_dev jtag_uart --stdout_dev jtag_uart --sopc_system_name nios2 --quartus_project_dir "H:/COMPSYS723/COMPSYS-723-Assignment-1/ffrequency_analyser" --sopcinfo H:/COMPSYS723/COMPSYS-723-Assignment-1/ffrequency_analyser/software/freqyAnalyser_bsp/../../nios2.sopcinfo
Info: (freqyAnalyser.elf) 633 KBytes program size (code + initialized data).
Info:                     130561 KBytes free for stack + heap.
Info: Creating freqyAnalyser.objdump
nios2-elf-objdump --disassemble --syms --all-header --source freqyAnalyser.elf >freqyAnalyser.objdump
[freqyAnalyser build complete]
17:22:31 **** Incremental Build of configuration Nios II for project freqyAnalyser ****
make all 
Info: Building ../freqyAnalyser_bsp/
C:/intelFPGA/18.1/nios2eds/bin/gnu/H-x86_64-mingw32/bin/make --no-print-directory -C ../freqyAnalyser_bsp/
[BSP build complete]
Info: Compiling main.c to obj/default/main.o
nios2-elf-gcc -xc -MP -MMD -c -I../freqyAnalyser_bsp//HAL/inc -I../freqyAnalyser_bsp/ -I../freqyAnalyser_bsp//drivers/inc  -pipe -D__hal__ -DALT_NO_INSTRUCTION_EMULATION -DALT_SINGLE_THREADED    -O0 -g -Wall   -mhw-div -mhw-mul -mno-hw-mulx -mgpopt=global  -o obj/default/main.o main.c
main.c:63:120: warning: data definition has no type or storage class
 TaskHandle_t Timer_Reset1, stabilityTaskHandle, loadMonitorTaskHandle, pollingSwitchsTaskHandle, PRVGADraw, LCD_handle;s;
                                                                                                                        ^
main.c:63:120: warning: type defaults to 'int' in declaration of 's' [-Wimplicit-int]
In file included from main.c:19:0:
main.c: In function 'stabilityMonitorTask':
FreeRTOS/queue.h:421:90: warning: passing argument 2 of 'xQueueGenericSend' discards 'volatile' qualifier from pointer target type [-Wdiscarded-qualifiers]
 #define xQueueSend( xQueue, pvItemToQueue, xTicksToWait ) xQueueGenericSend( ( xQueue ), ( pvItemToQueue ), ( xTicksToWait ), queueSEND_TO_BACK )
                                                                                          ^
main.c:107:13: note: in expansion of macro 'xQueueSend'
             xQueueSend(Q_freq_data, &frequency, pdFALSE);
             ^
FreeRTOS/queue.h:592:12: note: expected 'const void * const' but argument is of type 'volatile double *'
 BaseType_t xQueueGenericSend( QueueHandle_t xQueue, const void * const pvItemToQueue, TickType_t xTicksToWait, const BaseType_t xCopyPosition ) PRIVILEGED_FUNCTION;
            ^
main.c:98:12: warning: variable 'roc_frequency' set but not used [-Wunused-but-set-variable]
     double roc_frequency;
            ^
main.c: In function 'pollingSwitchsTask':
main.c:165:6: warning: unused variable 'led_output' [-Wunused-variable]
  int led_output = 0;
      ^
main.c: In function 'PRVGADraw_Task':
main.c:235:6: warning: operation on 'i' may be undefined [-Wsequence-point]
    i = ++i%100;
      ^
In file included from main.c:20:0:
main.c: In function 'Timer_Reset_Task':
main.c:290:17: error: 'timer' undeclared (first use in this function)
    xTimerReset( timer, 10 );
                 ^
FreeRTOS/timers.h:666:69: note: in definition of macro 'xTimerReset'
 #define xTimerReset( xTimer, xTicksToWait ) xTimerGenericCommand( ( xTimer ), tmrCOMMAND_RESET, ( xTaskGetTickCount() ), NULL, ( xTicksToWait ) )
                                                                     ^
main.c:290:17: note: each undeclared identifier is reported only once for each function it appears in
    xTimerReset( timer, 10 );
                 ^
FreeRTOS/timers.h:666:69: note: in definition of macro 'xTimerReset'
 #define xTimerReset( xTimer, xTicksToWait ) xTimerGenericCommand( ( xTimer ), tmrCOMMAND_RESET, ( xTaskGetTickCount() ), NULL, ( xTicksToWait ) )
                                                                     ^
main.c: In function 'LCD_task':
main.c:300:8: warning: variable 'lcd' set but not used [-Wunused-but-set-variable]
  FILE *lcd;
        ^
main.c: In function 'main':
main.c:317:6: error: 'timer' undeclared (first use in this function)
  if (timer == NULL) {
      ^
make: *** [obj/default/main.o] Error 1
17:22:46 **** Incremental Build of configuration Nios II for project freqyAnalyser ****
make all 
Info: Building ../freqyAnalyser_bsp/
C:/intelFPGA/18.1/nios2eds/bin/gnu/H-x86_64-mingw32/bin/make --no-print-directory -C ../freqyAnalyser_bsp/
[BSP build complete]
Info: Compiling main.c to obj/default/main.o
nios2-elf-gcc -xc -MP -MMD -c -I../freqyAnalyser_bsp//HAL/inc -I../freqyAnalyser_bsp/ -I../freqyAnalyser_bsp//drivers/inc  -pipe -D__hal__ -DALT_NO_INSTRUCTION_EMULATION -DALT_SINGLE_THREADED    -O0 -g -Wall   -mhw-div -mhw-mul -mno-hw-mulx -mgpopt=global  -o obj/default/main.o main.c
main.c:63:120: warning: data definition has no type or storage class
 TaskHandle_t Timer_Reset1, stabilityTaskHandle, loadMonitorTaskHandle, pollingSwitchsTaskHandle, PRVGADraw, LCD_handle;s;
                                                                                                                        ^
main.c:63:120: warning: type defaults to 'int' in declaration of 's' [-Wimplicit-int]
In file included from main.c:19:0:
main.c: In function 'stabilityMonitorTask':
FreeRTOS/queue.h:421:90: warning: passing argument 2 of 'xQueueGenericSend' discards 'volatile' qualifier from pointer target type [-Wdiscarded-qualifiers]
 #define xQueueSend( xQueue, pvItemToQueue, xTicksToWait ) xQueueGenericSend( ( xQueue ), ( pvItemToQueue ), ( xTicksToWait ), queueSEND_TO_BACK )
                                                                                          ^
main.c:107:13: note: in expansion of macro 'xQueueSend'
             xQueueSend(Q_freq_data, &frequency, pdFALSE);
             ^
FreeRTOS/queue.h:592:12: note: expected 'const void * const' but argument is of type 'volatile double *'
 BaseType_t xQueueGenericSend( QueueHandle_t xQueue, const void * const pvItemToQueue, TickType_t xTicksToWait, const BaseType_t xCopyPosition ) PRIVILEGED_FUNCTION;
            ^
main.c:98:12: warning: variable 'roc_frequency' set but not used [-Wunused-but-set-variable]
     double roc_frequency;
            ^
main.c: In function 'pollingSwitchsTask':
main.c:165:6: warning: unused variable 'led_output' [-Wunused-variable]
  int led_output = 0;
      ^
main.c: In function 'PRVGADraw_Task':
main.c:235:6: warning: operation on 'i' may be undefined [-Wsequence-point]
    i = ++i%100;
      ^
main.c: In function 'LCD_task':
main.c:300:8: warning: variable 'lcd' set but not used [-Wunused-but-set-variable]
  FILE *lcd;
        ^
Info: Linking freqyAnalyser.elf
nios2-elf-g++  -T'../freqyAnalyser_bsp//linker.x' -msys-crt0='../freqyAnalyser_bsp//obj/HAL/src/crt0.o' -msys-lib=hal_bsp -L../freqyAnalyser_bsp/   -Wl,-Map=freqyAnalyser.map   -O0 -g -Wall   -mhw-div -mhw-mul -mno-hw-mulx -mgpopt=global  -o freqyAnalyser.elf obj/default/FreeRTOS/croutine.o obj/default/FreeRTOS/event_groups.o obj/default/FreeRTOS/heap.o obj/default/FreeRTOS/list.o obj/default/FreeRTOS/port.o obj/default/FreeRTOS/queue.o obj/default/FreeRTOS/tasks.o obj/default/FreeRTOS/timers.o obj/default/main.o obj/default/FreeRTOS/port_asm.o -lm -msys-lib=m
nios2-elf-insert freqyAnalyser.elf --thread_model hal --cpu_name nios2 --qsys true --simulation_enabled false --id 7 --sidp 0x430f0 --timestamp 1393900972 --stderr_dev jtag_uart --stdin_dev jtag_uart --stdout_dev jtag_uart --sopc_system_name nios2 --quartus_project_dir "H:/COMPSYS723/COMPSYS-723-Assignment-1/ffrequency_analyser" --sopcinfo H:/COMPSYS723/COMPSYS-723-Assignment-1/ffrequency_analyser/software/freqyAnalyser_bsp/../../nios2.sopcinfo
Info: (freqyAnalyser.elf) 633 KBytes program size (code + initialized data).
Info:                     130561 KBytes free for stack + heap.
Info: Creating freqyAnalyser.objdump
nios2-elf-objdump --disassemble --syms --all-header --source freqyAnalyser.elf >freqyAnalyser.objdump
[freqyAnalyser build complete]
17:24:18 **** Incremental Build of configuration Nios II for project freqyAnalyser ****
make all 
Info: Building ../freqyAnalyser_bsp/
C:/intelFPGA/18.1/nios2eds/bin/gnu/H-x86_64-mingw32/bin/make --no-print-directory -C ../freqyAnalyser_bsp/
[BSP build complete]
Info: Compiling main.c to obj/default/main.o
nios2-elf-gcc -xc -MP -MMD -c -I../freqyAnalyser_bsp//HAL/inc -I../freqyAnalyser_bsp/ -I../freqyAnalyser_bsp//drivers/inc  -pipe -D__hal__ -DALT_NO_INSTRUCTION_EMULATION -DALT_SINGLE_THREADED    -O0 -g -Wall   -mhw-div -mhw-mul -mno-hw-mulx -mgpopt=global  -o obj/default/main.o main.c
main.c:63:120: warning: data definition has no type or storage class
 TaskHandle_t Timer_Reset1, stabilityTaskHandle, loadMonitorTaskHandle, pollingSwitchsTaskHandle, PRVGADraw, LCD_handle;s;
                                                                                                                        ^
main.c:63:120: warning: type defaults to 'int' in declaration of 's' [-Wimplicit-int]
In file included from main.c:19:0:
main.c: In function 'stabilityMonitorTask':
FreeRTOS/queue.h:421:90: warning: passing argument 2 of 'xQueueGenericSend' discards 'volatile' qualifier from pointer target type [-Wdiscarded-qualifiers]
 #define xQueueSend( xQueue, pvItemToQueue, xTicksToWait ) xQueueGenericSend( ( xQueue ), ( pvItemToQueue ), ( xTicksToWait ), queueSEND_TO_BACK )
                                                                                          ^
main.c:107:13: note: in expansion of macro 'xQueueSend'
             xQueueSend(Q_freq_data, &frequency, pdFALSE);
             ^
FreeRTOS/queue.h:592:12: note: expected 'const void * const' but argument is of type 'volatile double *'
 BaseType_t xQueueGenericSend( QueueHandle_t xQueue, const void * const pvItemToQueue, TickType_t xTicksToWait, const BaseType_t xCopyPosition ) PRIVILEGED_FUNCTION;
            ^
main.c:98:12: warning: variable 'roc_frequency' set but not used [-Wunused-but-set-variable]
     double roc_frequency;
            ^
main.c: In function 'pollingSwitchsTask':
main.c:165:6: warning: unused variable 'led_output' [-Wunused-variable]
  int led_output = 0;
      ^
main.c: In function 'PRVGADraw_Task':
main.c:235:6: warning: operation on 'i' may be undefined [-Wsequence-point]
    i = ++i%100;
      ^
main.c: In function 'LCD_task':
main.c:300:8: warning: variable 'lcd' set but not used [-Wunused-but-set-variable]
  FILE *lcd;
        ^
Info: Linking freqyAnalyser.elf
nios2-elf-g++  -T'../freqyAnalyser_bsp//linker.x' -msys-crt0='../freqyAnalyser_bsp//obj/HAL/src/crt0.o' -msys-lib=hal_bsp -L../freqyAnalyser_bsp/   -Wl,-Map=freqyAnalyser.map   -O0 -g -Wall   -mhw-div -mhw-mul -mno-hw-mulx -mgpopt=global  -o freqyAnalyser.elf obj/default/FreeRTOS/croutine.o obj/default/FreeRTOS/event_groups.o obj/default/FreeRTOS/heap.o obj/default/FreeRTOS/list.o obj/default/FreeRTOS/port.o obj/default/FreeRTOS/queue.o obj/default/FreeRTOS/tasks.o obj/default/FreeRTOS/timers.o obj/default/main.o obj/default/FreeRTOS/port_asm.o -lm -msys-lib=m
nios2-elf-insert freqyAnalyser.elf --thread_model hal --cpu_name nios2 --qsys true --simulation_enabled false --id 7 --sidp 0x430f0 --timestamp 1393900972 --stderr_dev jtag_uart --stdin_dev jtag_uart --stdout_dev jtag_uart --sopc_system_name nios2 --quartus_project_dir "H:/COMPSYS723/COMPSYS-723-Assignment-1/ffrequency_analyser" --sopcinfo H:/COMPSYS723/COMPSYS-723-Assignment-1/ffrequency_analyser/software/freqyAnalyser_bsp/../../nios2.sopcinfo
Info: (freqyAnalyser.elf) 633 KBytes program size (code + initialized data).
Info:                     130561 KBytes free for stack + heap.
Info: Creating freqyAnalyser.objdump
nios2-elf-objdump --disassemble --syms --all-header --source freqyAnalyser.elf >freqyAnalyser.objdump
[freqyAnalyser build complete]
17:25:15 **** Incremental Build of configuration Nios II for project freqyAnalyser ****
make all 
Info: Building ../freqyAnalyser_bsp/
C:/intelFPGA/18.1/nios2eds/bin/gnu/H-x86_64-mingw32/bin/make --no-print-directory -C ../freqyAnalyser_bsp/
[BSP build complete]
Info: Compiling main.c to obj/default/main.o
nios2-elf-gcc -xc -MP -MMD -c -I../freqyAnalyser_bsp//HAL/inc -I../freqyAnalyser_bsp/ -I../freqyAnalyser_bsp//drivers/inc  -pipe -D__hal__ -DALT_NO_INSTRUCTION_EMULATION -DALT_SINGLE_THREADED    -O0 -g -Wall   -mhw-div -mhw-mul -mno-hw-mulx -mgpopt=global  -o obj/default/main.o main.c
main.c:63:120: warning: data definition has no type or storage class
 TaskHandle_t Timer_Reset1, stabilityTaskHandle, loadMonitorTaskHandle, pollingSwitchsTaskHandle, PRVGADraw, LCD_handle;s;
                                                                                                                        ^
main.c:63:120: warning: type defaults to 'int' in declaration of 's' [-Wimplicit-int]
In file included from main.c:19:0:
main.c: In function 'stabilityMonitorTask':
FreeRTOS/queue.h:421:90: warning: passing argument 2 of 'xQueueGenericSend' discards 'volatile' qualifier from pointer target type [-Wdiscarded-qualifiers]
 #define xQueueSend( xQueue, pvItemToQueue, xTicksToWait ) xQueueGenericSend( ( xQueue ), ( pvItemToQueue ), ( xTicksToWait ), queueSEND_TO_BACK )
                                                                                          ^
main.c:107:13: note: in expansion of macro 'xQueueSend'
             xQueueSend(Q_freq_data, &frequency, pdFALSE);
             ^
FreeRTOS/queue.h:592:12: note: expected 'const void * const' but argument is of type 'volatile double *'
 BaseType_t xQueueGenericSend( QueueHandle_t xQueue, const void * const pvItemToQueue, TickType_t xTicksToWait, const BaseType_t xCopyPosition ) PRIVILEGED_FUNCTION;
            ^
main.c:98:12: warning: variable 'roc_frequency' set but not used [-Wunused-but-set-variable]
     double roc_frequency;
            ^
main.c: In function 'pollingSwitchsTask':
main.c:165:6: warning: unused variable 'led_output' [-Wunused-variable]
  int led_output = 0;
      ^
main.c: In function 'PRVGADraw_Task':
main.c:235:6: warning: operation on 'i' may be undefined [-Wsequence-point]
    i = ++i%100;
      ^
main.c: In function 'LCD_task':
main.c:300:8: warning: variable 'lcd' set but not used [-Wunused-but-set-variable]
  FILE *lcd;
        ^
Info: Linking freqyAnalyser.elf
nios2-elf-g++  -T'../freqyAnalyser_bsp//linker.x' -msys-crt0='../freqyAnalyser_bsp//obj/HAL/src/crt0.o' -msys-lib=hal_bsp -L../freqyAnalyser_bsp/   -Wl,-Map=freqyAnalyser.map   -O0 -g -Wall   -mhw-div -mhw-mul -mno-hw-mulx -mgpopt=global  -o freqyAnalyser.elf obj/default/FreeRTOS/croutine.o obj/default/FreeRTOS/event_groups.o obj/default/FreeRTOS/heap.o obj/default/FreeRTOS/list.o obj/default/FreeRTOS/port.o obj/default/FreeRTOS/queue.o obj/default/FreeRTOS/tasks.o obj/default/FreeRTOS/timers.o obj/default/main.o obj/default/FreeRTOS/port_asm.o -lm -msys-lib=m
nios2-elf-insert freqyAnalyser.elf --thread_model hal --cpu_name nios2 --qsys true --simulation_enabled false --id 7 --sidp 0x430f0 --timestamp 1393900972 --stderr_dev jtag_uart --stdin_dev jtag_uart --stdout_dev jtag_uart --sopc_system_name nios2 --quartus_project_dir "H:/COMPSYS723/COMPSYS-723-Assignment-1/ffrequency_analyser" --sopcinfo H:/COMPSYS723/COMPSYS-723-Assignment-1/ffrequency_analyser/software/freqyAnalyser_bsp/../../nios2.sopcinfo
Info: (freqyAnalyser.elf) 633 KBytes program size (code + initialized data).
Info:                     130561 KBytes free for stack + heap.
Info: Creating freqyAnalyser.objdump
nios2-elf-objdump --disassemble --syms --all-header --source freqyAnalyser.elf >freqyAnalyser.objdump
[freqyAnalyser build complete]
17:29:53 **** Incremental Build of configuration Nios II for project freqyAnalyser ****
make all 
Info: Building ../freqyAnalyser_bsp/
C:/intelFPGA/18.1/nios2eds/bin/gnu/H-x86_64-mingw32/bin/make --no-print-directory -C ../freqyAnalyser_bsp/
[BSP build complete]
Info: Compiling main.c to obj/default/main.o
nios2-elf-gcc -xc -MP -MMD -c -I../freqyAnalyser_bsp//HAL/inc -I../freqyAnalyser_bsp/ -I../freqyAnalyser_bsp//drivers/inc  -pipe -D__hal__ -DALT_NO_INSTRUCTION_EMULATION -DALT_SINGLE_THREADED    -O0 -g -Wall   -mhw-div -mhw-mul -mno-hw-mulx -mgpopt=global  -o obj/default/main.o main.c
main.c:63:120: warning: data definition has no type or storage class
 TaskHandle_t Timer_Reset1, stabilityTaskHandle, loadMonitorTaskHandle, pollingSwitchsTaskHandle, PRVGADraw, LCD_handle;s;
                                                                                                                        ^
main.c:63:120: warning: type defaults to 'int' in declaration of 's' [-Wimplicit-int]
In file included from main.c:19:0:
main.c: In function 'stabilityMonitorTask':
FreeRTOS/queue.h:421:90: warning: passing argument 2 of 'xQueueGenericSend' discards 'volatile' qualifier from pointer target type [-Wdiscarded-qualifiers]
 #define xQueueSend( xQueue, pvItemToQueue, xTicksToWait ) xQueueGenericSend( ( xQueue ), ( pvItemToQueue ), ( xTicksToWait ), queueSEND_TO_BACK )
                                                                                          ^
main.c:107:13: note: in expansion of macro 'xQueueSend'
             xQueueSend(Q_freq_data, &frequency, pdFALSE);
             ^
FreeRTOS/queue.h:592:12: note: expected 'const void * const' but argument is of type 'volatile double *'
 BaseType_t xQueueGenericSend( QueueHandle_t xQueue, const void * const pvItemToQueue, TickType_t xTicksToWait, const BaseType_t xCopyPosition ) PRIVILEGED_FUNCTION;
            ^
main.c:98:12: warning: variable 'roc_frequency' set but not used [-Wunused-but-set-variable]
     double roc_frequency;
            ^
main.c: In function 'pollingSwitchsTask':
main.c:165:6: warning: unused variable 'led_output' [-Wunused-variable]
  int led_output = 0;
      ^
main.c: In function 'PRVGADraw_Task':
main.c:235:6: warning: operation on 'i' may be undefined [-Wsequence-point]
    i = ++i%100;
      ^
main.c: In function 'LCD_task':
main.c:300:8: warning: variable 'lcd' set but not used [-Wunused-but-set-variable]
  FILE *lcd;
        ^
Info: Linking freqyAnalyser.elf
nios2-elf-g++  -T'../freqyAnalyser_bsp//linker.x' -msys-crt0='../freqyAnalyser_bsp//obj/HAL/src/crt0.o' -msys-lib=hal_bsp -L../freqyAnalyser_bsp/   -Wl,-Map=freqyAnalyser.map   -O0 -g -Wall   -mhw-div -mhw-mul -mno-hw-mulx -mgpopt=global  -o freqyAnalyser.elf obj/default/FreeRTOS/croutine.o obj/default/FreeRTOS/event_groups.o obj/default/FreeRTOS/heap.o obj/default/FreeRTOS/list.o obj/default/FreeRTOS/port.o obj/default/FreeRTOS/queue.o obj/default/FreeRTOS/tasks.o obj/default/FreeRTOS/timers.o obj/default/main.o obj/default/FreeRTOS/port_asm.o -lm -msys-lib=m
nios2-elf-insert freqyAnalyser.elf --thread_model hal --cpu_name nios2 --qsys true --simulation_enabled false --id 7 --sidp 0x430f0 --timestamp 1393900972 --stderr_dev jtag_uart --stdin_dev jtag_uart --stdout_dev jtag_uart --sopc_system_name nios2 --quartus_project_dir "H:/COMPSYS723/COMPSYS-723-Assignment-1/ffrequency_analyser" --sopcinfo H:/COMPSYS723/COMPSYS-723-Assignment-1/ffrequency_analyser/software/freqyAnalyser_bsp/../../nios2.sopcinfo
Info: (freqyAnalyser.elf) 633 KBytes program size (code + initialized data).
Info:                     130561 KBytes free for stack + heap.
Info: Creating freqyAnalyser.objdump
nios2-elf-objdump --disassemble --syms --all-header --source freqyAnalyser.elf >freqyAnalyser.objdump
[freqyAnalyser build complete]
17:33:30 **** Incremental Build of configuration Nios II for project freqyAnalyser ****
make all 
Info: Building ../freqyAnalyser_bsp/
C:/intelFPGA/18.1/nios2eds/bin/gnu/H-x86_64-mingw32/bin/make --no-print-directory -C ../freqyAnalyser_bsp/
[BSP build complete]
[freqyAnalyser build complete]
17:39:33 **** Incremental Build of configuration Nios II for project freqyAnalyser ****
make all 
Info: Building ../freqyAnalyser_bsp/
C:/intelFPGA/18.1/nios2eds/bin/gnu/H-x86_64-mingw32/bin/make --no-print-directory -C ../freqyAnalyser_bsp/
[BSP build complete]
Info: Compiling main.c to obj/default/main.o
nios2-elf-gcc -xc -MP -MMD -c -I../freqyAnalyser_bsp//HAL/inc -I../freqyAnalyser_bsp/ -I../freqyAnalyser_bsp//drivers/inc  -pipe -D__hal__ -DALT_NO_INSTRUCTION_EMULATION -DALT_SINGLE_THREADED    -O0 -g -Wall   -mhw-div -mhw-mul -mno-hw-mulx -mgpopt=global  -o obj/default/main.o main.c
main.c:63:120: warning: data definition has no type or storage class
 TaskHandle_t Timer_Reset1, stabilityTaskHandle, loadMonitorTaskHandle, pollingSwitchsTaskHandle, PRVGADraw, LCD_handle;s;
                                                                                                                        ^
main.c:63:120: warning: type defaults to 'int' in declaration of 's' [-Wimplicit-int]
In file included from main.c:19:0:
main.c: In function 'stabilityMonitorTask':
FreeRTOS/queue.h:421:90: warning: passing argument 2 of 'xQueueGenericSend' discards 'volatile' qualifier from pointer target type [-Wdiscarded-qualifiers]
 #define xQueueSend( xQueue, pvItemToQueue, xTicksToWait ) xQueueGenericSend( ( xQueue ), ( pvItemToQueue ), ( xTicksToWait ), queueSEND_TO_BACK )
                                                                                          ^
main.c:100:13: note: in expansion of macro 'xQueueSend'
             xQueueSend(Q_freq_data, &frequency, pdFALSE);
             ^
FreeRTOS/queue.h:592:12: note: expected 'const void * const' but argument is of type 'volatile double *'
 BaseType_t xQueueGenericSend( QueueHandle_t xQueue, const void * const pvItemToQueue, TickType_t xTicksToWait, const BaseType_t xCopyPosition ) PRIVILEGED_FUNCTION;
            ^
main.c: In function 'pollingSwitchsTask':
main.c:159:6: warning: unused variable 'led_output' [-Wunused-variable]
  int led_output = 0;
      ^
main.c: In function 'PRVGADraw_Task':
main.c:229:6: warning: operation on 'i' may be undefined [-Wsequence-point]
    i = ++i%100;
      ^
main.c: In function 'LCD_task':
main.c:294:8: warning: variable 'lcd' set but not used [-Wunused-but-set-variable]
  FILE *lcd;
        ^
Info: Linking freqyAnalyser.elf
nios2-elf-g++  -T'../freqyAnalyser_bsp//linker.x' -msys-crt0='../freqyAnalyser_bsp//obj/HAL/src/crt0.o' -msys-lib=hal_bsp -L../freqyAnalyser_bsp/   -Wl,-Map=freqyAnalyser.map   -O0 -g -Wall   -mhw-div -mhw-mul -mno-hw-mulx -mgpopt=global  -o freqyAnalyser.elf obj/default/FreeRTOS/croutine.o obj/default/FreeRTOS/event_groups.o obj/default/FreeRTOS/heap.o obj/default/FreeRTOS/list.o obj/default/FreeRTOS/port.o obj/default/FreeRTOS/queue.o obj/default/FreeRTOS/tasks.o obj/default/FreeRTOS/timers.o obj/default/main.o obj/default/FreeRTOS/port_asm.o -lm -msys-lib=m
nios2-elf-insert freqyAnalyser.elf --thread_model hal --cpu_name nios2 --qsys true --simulation_enabled false --id 7 --sidp 0x430f0 --timestamp 1393900972 --stderr_dev jtag_uart --stdin_dev jtag_uart --stdout_dev jtag_uart --sopc_system_name nios2 --quartus_project_dir "H:/COMPSYS723/COMPSYS-723-Assignment-1/ffrequency_analyser" --sopcinfo H:/COMPSYS723/COMPSYS-723-Assignment-1/ffrequency_analyser/software/freqyAnalyser_bsp/../../nios2.sopcinfo
Info: (freqyAnalyser.elf) 633 KBytes program size (code + initialized data).
Info:                     130561 KBytes free for stack + heap.
Info: Creating freqyAnalyser.objdump
nios2-elf-objdump --disassemble --syms --all-header --source freqyAnalyser.elf >freqyAnalyser.objdump
[freqyAnalyser build complete]
17:42:09 **** Incremental Build of configuration Nios II for project freqyAnalyser ****
make all 
Info: Building ../freqyAnalyser_bsp/
C:/intelFPGA/18.1/nios2eds/bin/gnu/H-x86_64-mingw32/bin/make --no-print-directory -C ../freqyAnalyser_bsp/
[BSP build complete]
Info: Compiling main.c to obj/default/main.o
nios2-elf-gcc -xc -MP -MMD -c -I../freqyAnalyser_bsp//HAL/inc -I../freqyAnalyser_bsp/ -I../freqyAnalyser_bsp//drivers/inc  -pipe -D__hal__ -DALT_NO_INSTRUCTION_EMULATION -DALT_SINGLE_THREADED    -O0 -g -Wall   -mhw-div -mhw-mul -mno-hw-mulx -mgpopt=global  -o obj/default/main.o main.c
In file included from main.c:19:0:
main.c: In function 'stabilityMonitorTask':
FreeRTOS/queue.h:421:90: warning: passing argument 2 of 'xQueueGenericSend' discards 'volatile' qualifier from pointer target type [-Wdiscarded-qualifiers]
 #define xQueueSend( xQueue, pvItemToQueue, xTicksToWait ) xQueueGenericSend( ( xQueue ), ( pvItemToQueue ), ( xTicksToWait ), queueSEND_TO_BACK )
                                                                                          ^
main.c:100:13: note: in expansion of macro 'xQueueSend'
             xQueueSend(Q_freq_data, &frequency, pdFALSE);
             ^
FreeRTOS/queue.h:592:12: note: expected 'const void * const' but argument is of type 'volatile double *'
 BaseType_t xQueueGenericSend( QueueHandle_t xQueue, const void * const pvItemToQueue, TickType_t xTicksToWait, const BaseType_t xCopyPosition ) PRIVILEGED_FUNCTION;
            ^
main.c: In function 'pollingSwitchsTask':
main.c:159:6: warning: unused variable 'led_output' [-Wunused-variable]
  int led_output = 0;
      ^
main.c: In function 'PRVGADraw_Task':
main.c:229:6: warning: operation on 'i' may be undefined [-Wsequence-point]
    i = ++i%100;
      ^
Info: Linking freqyAnalyser.elf
nios2-elf-g++  -T'../freqyAnalyser_bsp//linker.x' -msys-crt0='../freqyAnalyser_bsp//obj/HAL/src/crt0.o' -msys-lib=hal_bsp -L../freqyAnalyser_bsp/   -Wl,-Map=freqyAnalyser.map   -O0 -g -Wall   -mhw-div -mhw-mul -mno-hw-mulx -mgpopt=global  -o freqyAnalyser.elf obj/default/FreeRTOS/croutine.o obj/default/FreeRTOS/event_groups.o obj/default/FreeRTOS/heap.o obj/default/FreeRTOS/list.o obj/default/FreeRTOS/port.o obj/default/FreeRTOS/queue.o obj/default/FreeRTOS/tasks.o obj/default/FreeRTOS/timers.o obj/default/main.o obj/default/FreeRTOS/port_asm.o -lm -msys-lib=m
nios2-elf-insert freqyAnalyser.elf --thread_model hal --cpu_name nios2 --qsys true --simulation_enabled false --id 7 --sidp 0x430f0 --timestamp 1393900972 --stderr_dev jtag_uart --stdin_dev jtag_uart --stdout_dev jtag_uart --sopc_system_name nios2 --quartus_project_dir "H:/COMPSYS723/COMPSYS-723-Assignment-1/ffrequency_analyser" --sopcinfo H:/COMPSYS723/COMPSYS-723-Assignment-1/ffrequency_analyser/software/freqyAnalyser_bsp/../../nios2.sopcinfo
Info: (freqyAnalyser.elf) 633 KBytes program size (code + initialized data).
Info:                     130561 KBytes free for stack + heap.
Info: Creating freqyAnalyser.objdump
nios2-elf-objdump --disassemble --syms --all-header --source freqyAnalyser.elf >freqyAnalyser.objdump
[freqyAnalyser build complete]
17:43:03 **** Incremental Build of configuration Nios II for project freqyAnalyser ****
make all 
Info: Building ../freqyAnalyser_bsp/
C:/intelFPGA/18.1/nios2eds/bin/gnu/H-x86_64-mingw32/bin/make --no-print-directory -C ../freqyAnalyser_bsp/
[BSP build complete]
Info: Compiling main.c to obj/default/main.o
nios2-elf-gcc -xc -MP -MMD -c -I../freqyAnalyser_bsp//HAL/inc -I../freqyAnalyser_bsp/ -I../freqyAnalyser_bsp//drivers/inc  -pipe -D__hal__ -DALT_NO_INSTRUCTION_EMULATION -DALT_SINGLE_THREADED    -O0 -g -Wall   -mhw-div -mhw-mul -mno-hw-mulx -mgpopt=global  -o obj/default/main.o main.c
In file included from main.c:19:0:
main.c: In function 'stabilityMonitorTask':
FreeRTOS/queue.h:421:90: warning: passing argument 2 of 'xQueueGenericSend' discards 'volatile' qualifier from pointer target type [-Wdiscarded-qualifiers]
 #define xQueueSend( xQueue, pvItemToQueue, xTicksToWait ) xQueueGenericSend( ( xQueue ), ( pvItemToQueue ), ( xTicksToWait ), queueSEND_TO_BACK )
                                                                                          ^
main.c:100:13: note: in expansion of macro 'xQueueSend'
             xQueueSend(Q_freq_data, &frequency, pdFALSE);
             ^
FreeRTOS/queue.h:592:12: note: expected 'const void * const' but argument is of type 'volatile double *'
 BaseType_t xQueueGenericSend( QueueHandle_t xQueue, const void * const pvItemToQueue, TickType_t xTicksToWait, const BaseType_t xCopyPosition ) PRIVILEGED_FUNCTION;
            ^
main.c: In function 'pollingSwitchsTask':
main.c:157:6: warning: unused variable 'led_output' [-Wunused-variable]
  int led_output = 0;
      ^
main.c: In function 'PRVGADraw_Task':
main.c:227:6: warning: operation on 'i' may be undefined [-Wsequence-point]
    i = ++i%100;
      ^
Info: Linking freqyAnalyser.elf
nios2-elf-g++  -T'../freqyAnalyser_bsp//linker.x' -msys-crt0='../freqyAnalyser_bsp//obj/HAL/src/crt0.o' -msys-lib=hal_bsp -L../freqyAnalyser_bsp/   -Wl,-Map=freqyAnalyser.map   -O0 -g -Wall   -mhw-div -mhw-mul -mno-hw-mulx -mgpopt=global  -o freqyAnalyser.elf obj/default/FreeRTOS/croutine.o obj/default/FreeRTOS/event_groups.o obj/default/FreeRTOS/heap.o obj/default/FreeRTOS/list.o obj/default/FreeRTOS/port.o obj/default/FreeRTOS/queue.o obj/default/FreeRTOS/tasks.o obj/default/FreeRTOS/timers.o obj/default/main.o obj/default/FreeRTOS/port_asm.o -lm -msys-lib=m
nios2-elf-insert freqyAnalyser.elf --thread_model hal --cpu_name nios2 --qsys true --simulation_enabled false --id 7 --sidp 0x430f0 --timestamp 1393900972 --stderr_dev jtag_uart --stdin_dev jtag_uart --stdout_dev jtag_uart --sopc_system_name nios2 --quartus_project_dir "H:/COMPSYS723/COMPSYS-723-Assignment-1/ffrequency_analyser" --sopcinfo H:/COMPSYS723/COMPSYS-723-Assignment-1/ffrequency_analyser/software/freqyAnalyser_bsp/../../nios2.sopcinfo
Info: (freqyAnalyser.elf) 633 KBytes program size (code + initialized data).
Info:                     130561 KBytes free for stack + heap.
Info: Creating freqyAnalyser.objdump
nios2-elf-objdump --disassemble --syms --all-header --source freqyAnalyser.elf >freqyAnalyser.objdump
[freqyAnalyser build complete]
17:44:01 **** Incremental Build of configuration Nios II for project freqyAnalyser ****
make all 
Info: Building ../freqyAnalyser_bsp/
C:/intelFPGA/18.1/nios2eds/bin/gnu/H-x86_64-mingw32/bin/make --no-print-directory -C ../freqyAnalyser_bsp/
[BSP build complete]
Info: Compiling main.c to obj/default/main.o
nios2-elf-gcc -xc -MP -MMD -c -I../freqyAnalyser_bsp//HAL/inc -I../freqyAnalyser_bsp/ -I../freqyAnalyser_bsp//drivers/inc  -pipe -D__hal__ -DALT_NO_INSTRUCTION_EMULATION -DALT_SINGLE_THREADED    -O0 -g -Wall   -mhw-div -mhw-mul -mno-hw-mulx -mgpopt=global  -o obj/default/main.o main.c
In file included from main.c:19:0:
main.c: In function 'stabilityMonitorTask':
FreeRTOS/queue.h:421:90: warning: passing argument 2 of 'xQueueGenericSend' discards 'volatile' qualifier from pointer target type [-Wdiscarded-qualifiers]
 #define xQueueSend( xQueue, pvItemToQueue, xTicksToWait ) xQueueGenericSend( ( xQueue ), ( pvItemToQueue ), ( xTicksToWait ), queueSEND_TO_BACK )
                                                                                          ^
main.c:100:13: note: in expansion of macro 'xQueueSend'
             xQueueSend(Q_freq_data, &frequency, pdFALSE);
             ^
FreeRTOS/queue.h:592:12: note: expected 'const void * const' but argument is of type 'volatile double *'
 BaseType_t xQueueGenericSend( QueueHandle_t xQueue, const void * const pvItemToQueue, TickType_t xTicksToWait, const BaseType_t xCopyPosition ) PRIVILEGED_FUNCTION;
            ^
main.c: In function 'pollingSwitchsTask':
main.c:157:6: warning: unused variable 'led_output' [-Wunused-variable]
  int led_output = 0;
      ^
main.c: In function 'PRVGADraw_Task':
main.c:227:6: warning: operation on 'i' may be undefined [-Wsequence-point]
    i = ++i%100;
      ^
Info: Linking freqyAnalyser.elf
nios2-elf-g++  -T'../freqyAnalyser_bsp//linker.x' -msys-crt0='../freqyAnalyser_bsp//obj/HAL/src/crt0.o' -msys-lib=hal_bsp -L../freqyAnalyser_bsp/   -Wl,-Map=freqyAnalyser.map   -O0 -g -Wall   -mhw-div -mhw-mul -mno-hw-mulx -mgpopt=global  -o freqyAnalyser.elf obj/default/FreeRTOS/croutine.o obj/default/FreeRTOS/event_groups.o obj/default/FreeRTOS/heap.o obj/default/FreeRTOS/list.o obj/default/FreeRTOS/port.o obj/default/FreeRTOS/queue.o obj/default/FreeRTOS/tasks.o obj/default/FreeRTOS/timers.o obj/default/main.o obj/default/FreeRTOS/port_asm.o -lm -msys-lib=m
nios2-elf-insert freqyAnalyser.elf --thread_model hal --cpu_name nios2 --qsys true --simulation_enabled false --id 7 --sidp 0x430f0 --timestamp 1393900972 --stderr_dev jtag_uart --stdin_dev jtag_uart --stdout_dev jtag_uart --sopc_system_name nios2 --quartus_project_dir "H:/COMPSYS723/COMPSYS-723-Assignment-1/ffrequency_analyser" --sopcinfo H:/COMPSYS723/COMPSYS-723-Assignment-1/ffrequency_analyser/software/freqyAnalyser_bsp/../../nios2.sopcinfo
Info: (freqyAnalyser.elf) 633 KBytes program size (code + initialized data).
Info:                     130561 KBytes free for stack + heap.
Info: Creating freqyAnalyser.objdump
nios2-elf-objdump --disassemble --syms --all-header --source freqyAnalyser.elf >freqyAnalyser.objdump
[freqyAnalyser build complete]
17:46:05 **** Incremental Build of configuration Nios II for project freqyAnalyser ****
make all 
Info: Building ../freqyAnalyser_bsp/
C:/intelFPGA/18.1/nios2eds/bin/gnu/H-x86_64-mingw32/bin/make --no-print-directory -C ../freqyAnalyser_bsp/
[BSP build complete]
Info: Compiling main.c to obj/default/main.o
nios2-elf-gcc -xc -MP -MMD -c -I../freqyAnalyser_bsp//HAL/inc -I../freqyAnalyser_bsp/ -I../freqyAnalyser_bsp//drivers/inc  -pipe -D__hal__ -DALT_NO_INSTRUCTION_EMULATION -DALT_SINGLE_THREADED    -O0 -g -Wall   -mhw-div -mhw-mul -mno-hw-mulx -mgpopt=global  -o obj/default/main.o main.c
In file included from main.c:19:0:
main.c: In function 'stabilityMonitorTask':
FreeRTOS/queue.h:421:90: warning: passing argument 2 of 'xQueueGenericSend' discards 'volatile' qualifier from pointer target type [-Wdiscarded-qualifiers]
 #define xQueueSend( xQueue, pvItemToQueue, xTicksToWait ) xQueueGenericSend( ( xQueue ), ( pvItemToQueue ), ( xTicksToWait ), queueSEND_TO_BACK )
                                                                                          ^
main.c:100:13: note: in expansion of macro 'xQueueSend'
             xQueueSend(Q_freq_data, &frequency, pdFALSE);
             ^
FreeRTOS/queue.h:592:12: note: expected 'const void * const' but argument is of type 'volatile double *'
 BaseType_t xQueueGenericSend( QueueHandle_t xQueue, const void * const pvItemToQueue, TickType_t xTicksToWait, const BaseType_t xCopyPosition ) PRIVILEGED_FUNCTION;
            ^
main.c: In function 'pollingSwitchsTask':
main.c:157:6: warning: unused variable 'led_output' [-Wunused-variable]
  int led_output = 0;
      ^
main.c: In function 'PRVGADraw_Task':
main.c:227:6: warning: operation on 'i' may be undefined [-Wsequence-point]
    i = ++i%100;
      ^
Info: Linking freqyAnalyser.elf
nios2-elf-g++  -T'../freqyAnalyser_bsp//linker.x' -msys-crt0='../freqyAnalyser_bsp//obj/HAL/src/crt0.o' -msys-lib=hal_bsp -L../freqyAnalyser_bsp/   -Wl,-Map=freqyAnalyser.map   -O0 -g -Wall   -mhw-div -mhw-mul -mno-hw-mulx -mgpopt=global  -o freqyAnalyser.elf obj/default/FreeRTOS/croutine.o obj/default/FreeRTOS/event_groups.o obj/default/FreeRTOS/heap.o obj/default/FreeRTOS/list.o obj/default/FreeRTOS/port.o obj/default/FreeRTOS/queue.o obj/default/FreeRTOS/tasks.o obj/default/FreeRTOS/timers.o obj/default/main.o obj/default/FreeRTOS/port_asm.o -lm -msys-lib=m
nios2-elf-insert freqyAnalyser.elf --thread_model hal --cpu_name nios2 --qsys true --simulation_enabled false --id 7 --sidp 0x430f0 --timestamp 1393900972 --stderr_dev jtag_uart --stdin_dev jtag_uart --stdout_dev jtag_uart --sopc_system_name nios2 --quartus_project_dir "H:/COMPSYS723/COMPSYS-723-Assignment-1/ffrequency_analyser" --sopcinfo H:/COMPSYS723/COMPSYS-723-Assignment-1/ffrequency_analyser/software/freqyAnalyser_bsp/../../nios2.sopcinfo
Info: (freqyAnalyser.elf) 633 KBytes program size (code + initialized data).
Info:                     130561 KBytes free for stack + heap.
Info: Creating freqyAnalyser.objdump
nios2-elf-objdump --disassemble --syms --all-header --source freqyAnalyser.elf >freqyAnalyser.objdump
[freqyAnalyser build complete]
17:47:05 **** Incremental Build of configuration Nios II for project freqyAnalyser ****
make all 
Info: Building ../freqyAnalyser_bsp/
C:/intelFPGA/18.1/nios2eds/bin/gnu/H-x86_64-mingw32/bin/make --no-print-directory -C ../freqyAnalyser_bsp/
[BSP build complete]
Info: Compiling main.c to obj/default/main.o
nios2-elf-gcc -xc -MP -MMD -c -I../freqyAnalyser_bsp//HAL/inc -I../freqyAnalyser_bsp/ -I../freqyAnalyser_bsp//drivers/inc  -pipe -D__hal__ -DALT_NO_INSTRUCTION_EMULATION -DALT_SINGLE_THREADED    -O0 -g -Wall   -mhw-div -mhw-mul -mno-hw-mulx -mgpopt=global  -o obj/default/main.o main.c
In file included from main.c:19:0:
main.c: In function 'stabilityMonitorTask':
FreeRTOS/queue.h:421:90: warning: passing argument 2 of 'xQueueGenericSend' discards 'volatile' qualifier from pointer target type [-Wdiscarded-qualifiers]
 #define xQueueSend( xQueue, pvItemToQueue, xTicksToWait ) xQueueGenericSend( ( xQueue ), ( pvItemToQueue ), ( xTicksToWait ), queueSEND_TO_BACK )
                                                                                          ^
main.c:100:13: note: in expansion of macro 'xQueueSend'
             xQueueSend(Q_freq_data, &frequency, pdFALSE);
             ^
FreeRTOS/queue.h:592:12: note: expected 'const void * const' but argument is of type 'volatile double *'
 BaseType_t xQueueGenericSend( QueueHandle_t xQueue, const void * const pvItemToQueue, TickType_t xTicksToWait, const BaseType_t xCopyPosition ) PRIVILEGED_FUNCTION;
            ^
main.c: In function 'loadMonitorTask':
main.c:119:3: warning: implicit declaration of function 'uTaskNotifyTake' [-Wimplicit-function-declaration]
   uTaskNotifyTake(pdTRUE, portMAX_DELAY);
   ^
main.c: In function 'pollingSwitchsTask':
main.c:158:6: warning: unused variable 'led_output' [-Wunused-variable]
  int led_output = 0;
      ^
main.c: In function 'PRVGADraw_Task':
main.c:228:6: warning: operation on 'i' may be undefined [-Wsequence-point]
    i = ++i%100;
      ^
Info: Linking freqyAnalyser.elf
nios2-elf-g++  -T'../freqyAnalyser_bsp//linker.x' -msys-crt0='../freqyAnalyser_bsp//obj/HAL/src/crt0.o' -msys-lib=hal_bsp -L../freqyAnalyser_bsp/   -Wl,-Map=freqyAnalyser.map   -O0 -g -Wall   -mhw-div -mhw-mul -mno-hw-mulx -mgpopt=global  -o freqyAnalyser.elf obj/default/FreeRTOS/croutine.o obj/default/FreeRTOS/event_groups.o obj/default/FreeRTOS/heap.o obj/default/FreeRTOS/list.o obj/default/FreeRTOS/port.o obj/default/FreeRTOS/queue.o obj/default/FreeRTOS/tasks.o obj/default/FreeRTOS/timers.o obj/default/main.o obj/default/FreeRTOS/port_asm.o -lm -msys-lib=m
obj/default/main.o: In function `loadMonitorTask':
H:\COMPSYS723\COMPSYS-723-Assignment-1\ffrequency_analyser\software\freqyAnalyser/main.c:119: undefined reference to `uTaskNotifyTake'
collect2.exe: error: ld returned 1 exit status
make: *** [freqyAnalyser.elf] Error 1
17:47:20 **** Incremental Build of configuration Nios II for project freqyAnalyser ****
make all 
Info: Building ../freqyAnalyser_bsp/
C:/intelFPGA/18.1/nios2eds/bin/gnu/H-x86_64-mingw32/bin/make --no-print-directory -C ../freqyAnalyser_bsp/
[BSP build complete]
Info: Compiling main.c to obj/default/main.o
nios2-elf-gcc -xc -MP -MMD -c -I../freqyAnalyser_bsp//HAL/inc -I../freqyAnalyser_bsp/ -I../freqyAnalyser_bsp//drivers/inc  -pipe -D__hal__ -DALT_NO_INSTRUCTION_EMULATION -DALT_SINGLE_THREADED    -O0 -g -Wall   -mhw-div -mhw-mul -mno-hw-mulx -mgpopt=global  -o obj/default/main.o main.c
In file included from main.c:19:0:
main.c: In function 'stabilityMonitorTask':
FreeRTOS/queue.h:421:90: warning: passing argument 2 of 'xQueueGenericSend' discards 'volatile' qualifier from pointer target type [-Wdiscarded-qualifiers]
 #define xQueueSend( xQueue, pvItemToQueue, xTicksToWait ) xQueueGenericSend( ( xQueue ), ( pvItemToQueue ), ( xTicksToWait ), queueSEND_TO_BACK )
                                                                                          ^
main.c:100:13: note: in expansion of macro 'xQueueSend'
             xQueueSend(Q_freq_data, &frequency, pdFALSE);
             ^
FreeRTOS/queue.h:592:12: note: expected 'const void * const' but argument is of type 'volatile double *'
 BaseType_t xQueueGenericSend( QueueHandle_t xQueue, const void * const pvItemToQueue, TickType_t xTicksToWait, const BaseType_t xCopyPosition ) PRIVILEGED_FUNCTION;
            ^
main.c: In function 'pollingSwitchsTask':
main.c:158:6: warning: unused variable 'led_output' [-Wunused-variable]
  int led_output = 0;
      ^
main.c: In function 'PRVGADraw_Task':
main.c:228:6: warning: operation on 'i' may be undefined [-Wsequence-point]
    i = ++i%100;
      ^
Info: Linking freqyAnalyser.elf
nios2-elf-g++  -T'../freqyAnalyser_bsp//linker.x' -msys-crt0='../freqyAnalyser_bsp//obj/HAL/src/crt0.o' -msys-lib=hal_bsp -L../freqyAnalyser_bsp/   -Wl,-Map=freqyAnalyser.map   -O0 -g -Wall   -mhw-div -mhw-mul -mno-hw-mulx -mgpopt=global  -o freqyAnalyser.elf obj/default/FreeRTOS/croutine.o obj/default/FreeRTOS/event_groups.o obj/default/FreeRTOS/heap.o obj/default/FreeRTOS/list.o obj/default/FreeRTOS/port.o obj/default/FreeRTOS/queue.o obj/default/FreeRTOS/tasks.o obj/default/FreeRTOS/timers.o obj/default/main.o obj/default/FreeRTOS/port_asm.o -lm -msys-lib=m
nios2-elf-insert freqyAnalyser.elf --thread_model hal --cpu_name nios2 --qsys true --simulation_enabled false --id 7 --sidp 0x430f0 --timestamp 1393900972 --stderr_dev jtag_uart --stdin_dev jtag_uart --stdout_dev jtag_uart --sopc_system_name nios2 --quartus_project_dir "H:/COMPSYS723/COMPSYS-723-Assignment-1/ffrequency_analyser" --sopcinfo H:/COMPSYS723/COMPSYS-723-Assignment-1/ffrequency_analyser/software/freqyAnalyser_bsp/../../nios2.sopcinfo
Info: (freqyAnalyser.elf) 633 KBytes program size (code + initialized data).
Info:                     130561 KBytes free for stack + heap.
Info: Creating freqyAnalyser.objdump
nios2-elf-objdump --disassemble --syms --all-header --source freqyAnalyser.elf >freqyAnalyser.objdump
[freqyAnalyser build complete]
17:51:19 **** Incremental Build of configuration Nios II for project freqyAnalyser ****
make all 
Info: Building ../freqyAnalyser_bsp/
C:/intelFPGA/18.1/nios2eds/bin/gnu/H-x86_64-mingw32/bin/make --no-print-directory -C ../freqyAnalyser_bsp/
[BSP build complete]
Info: Compiling main.c to obj/default/main.o
nios2-elf-gcc -xc -MP -MMD -c -I../freqyAnalyser_bsp//HAL/inc -I../freqyAnalyser_bsp/ -I../freqyAnalyser_bsp//drivers/inc  -pipe -D__hal__ -DALT_NO_INSTRUCTION_EMULATION -DALT_SINGLE_THREADED    -O0 -g -Wall   -mhw-div -mhw-mul -mno-hw-mulx -mgpopt=global  -o obj/default/main.o main.c
In file included from main.c:19:0:
main.c: In function 'stabilityMonitorTask':
FreeRTOS/queue.h:421:90: warning: passing argument 2 of 'xQueueGenericSend' discards 'volatile' qualifier from pointer target type [-Wdiscarded-qualifiers]
 #define xQueueSend( xQueue, pvItemToQueue, xTicksToWait ) xQueueGenericSend( ( xQueue ), ( pvItemToQueue ), ( xTicksToWait ), queueSEND_TO_BACK )
                                                                                          ^
main.c:100:13: note: in expansion of macro 'xQueueSend'
             xQueueSend(Q_freq_data, &frequency, pdFALSE);
             ^
FreeRTOS/queue.h:592:12: note: expected 'const void * const' but argument is of type 'volatile double *'
 BaseType_t xQueueGenericSend( QueueHandle_t xQueue, const void * const pvItemToQueue, TickType_t xTicksToWait, const BaseType_t xCopyPosition ) PRIVILEGED_FUNCTION;
            ^
main.c: In function 'pollingSwitchsTask':
main.c:160:6: warning: unused variable 'led_output' [-Wunused-variable]
  int led_output = 0;
      ^
main.c: In function 'PRVGADraw_Task':
main.c:230:6: warning: operation on 'i' may be undefined [-Wsequence-point]
    i = ++i%100;
      ^
Info: Linking freqyAnalyser.elf
nios2-elf-g++  -T'../freqyAnalyser_bsp//linker.x' -msys-crt0='../freqyAnalyser_bsp//obj/HAL/src/crt0.o' -msys-lib=hal_bsp -L../freqyAnalyser_bsp/   -Wl,-Map=freqyAnalyser.map   -O0 -g -Wall   -mhw-div -mhw-mul -mno-hw-mulx -mgpopt=global  -o freqyAnalyser.elf obj/default/FreeRTOS/croutine.o obj/default/FreeRTOS/event_groups.o obj/default/FreeRTOS/heap.o obj/default/FreeRTOS/list.o obj/default/FreeRTOS/port.o obj/default/FreeRTOS/queue.o obj/default/FreeRTOS/tasks.o obj/default/FreeRTOS/timers.o obj/default/main.o obj/default/FreeRTOS/port_asm.o -lm -msys-lib=m
nios2-elf-insert freqyAnalyser.elf --thread_model hal --cpu_name nios2 --qsys true --simulation_enabled false --id 7 --sidp 0x430f0 --timestamp 1393900972 --stderr_dev jtag_uart --stdin_dev jtag_uart --stdout_dev jtag_uart --sopc_system_name nios2 --quartus_project_dir "H:/COMPSYS723/COMPSYS-723-Assignment-1/ffrequency_analyser" --sopcinfo H:/COMPSYS723/COMPSYS-723-Assignment-1/ffrequency_analyser/software/freqyAnalyser_bsp/../../nios2.sopcinfo
Info: (freqyAnalyser.elf) 633 KBytes program size (code + initialized data).
Info:                     130561 KBytes free for stack + heap.
Info: Creating freqyAnalyser.objdump
nios2-elf-objdump --disassemble --syms --all-header --source freqyAnalyser.elf >freqyAnalyser.objdump
[freqyAnalyser build complete]
17:51:51 **** Incremental Build of configuration Nios II for project freqyAnalyser ****
make all 
Info: Building ../freqyAnalyser_bsp/
C:/intelFPGA/18.1/nios2eds/bin/gnu/H-x86_64-mingw32/bin/make --no-print-directory -C ../freqyAnalyser_bsp/
[BSP build complete]
Info: Compiling main.c to obj/default/main.o
nios2-elf-gcc -xc -MP -MMD -c -I../freqyAnalyser_bsp//HAL/inc -I../freqyAnalyser_bsp/ -I../freqyAnalyser_bsp//drivers/inc  -pipe -D__hal__ -DALT_NO_INSTRUCTION_EMULATION -DALT_SINGLE_THREADED    -O0 -g -Wall   -mhw-div -mhw-mul -mno-hw-mulx -mgpopt=global  -o obj/default/main.o main.c
In file included from main.c:19:0:
main.c: In function 'stabilityMonitorTask':
FreeRTOS/queue.h:421:90: warning: passing argument 2 of 'xQueueGenericSend' discards 'volatile' qualifier from pointer target type [-Wdiscarded-qualifiers]
 #define xQueueSend( xQueue, pvItemToQueue, xTicksToWait ) xQueueGenericSend( ( xQueue ), ( pvItemToQueue ), ( xTicksToWait ), queueSEND_TO_BACK )
                                                                                          ^
main.c:100:13: note: in expansion of macro 'xQueueSend'
             xQueueSend(Q_freq_data, &frequency, pdFALSE);
             ^
FreeRTOS/queue.h:592:12: note: expected 'const void * const' but argument is of type 'volatile double *'
 BaseType_t xQueueGenericSend( QueueHandle_t xQueue, const void * const pvItemToQueue, TickType_t xTicksToWait, const BaseType_t xCopyPosition ) PRIVILEGED_FUNCTION;
            ^
main.c: In function 'pollingSwitchsTask':
main.c:161:6: warning: unused variable 'led_output' [-Wunused-variable]
  int led_output = 0;
      ^
main.c: In function 'PRVGADraw_Task':
main.c:231:6: warning: operation on 'i' may be undefined [-Wsequence-point]
    i = ++i%100;
      ^
Info: Linking freqyAnalyser.elf
nios2-elf-g++  -T'../freqyAnalyser_bsp//linker.x' -msys-crt0='../freqyAnalyser_bsp//obj/HAL/src/crt0.o' -msys-lib=hal_bsp -L../freqyAnalyser_bsp/   -Wl,-Map=freqyAnalyser.map   -O0 -g -Wall   -mhw-div -mhw-mul -mno-hw-mulx -mgpopt=global  -o freqyAnalyser.elf obj/default/FreeRTOS/croutine.o obj/default/FreeRTOS/event_groups.o obj/default/FreeRTOS/heap.o obj/default/FreeRTOS/list.o obj/default/FreeRTOS/port.o obj/default/FreeRTOS/queue.o obj/default/FreeRTOS/tasks.o obj/default/FreeRTOS/timers.o obj/default/main.o obj/default/FreeRTOS/port_asm.o -lm -msys-lib=m
nios2-elf-insert freqyAnalyser.elf --thread_model hal --cpu_name nios2 --qsys true --simulation_enabled false --id 7 --sidp 0x430f0 --timestamp 1393900972 --stderr_dev jtag_uart --stdin_dev jtag_uart --stdout_dev jtag_uart --sopc_system_name nios2 --quartus_project_dir "H:/COMPSYS723/COMPSYS-723-Assignment-1/ffrequency_analyser" --sopcinfo H:/COMPSYS723/COMPSYS-723-Assignment-1/ffrequency_analyser/software/freqyAnalyser_bsp/../../nios2.sopcinfo
Info: (freqyAnalyser.elf) 633 KBytes program size (code + initialized data).
Info:                     130561 KBytes free for stack + heap.
Info: Creating freqyAnalyser.objdump
nios2-elf-objdump --disassemble --syms --all-header --source freqyAnalyser.elf >freqyAnalyser.objdump
[freqyAnalyser build complete]
18:10:50 **** Incremental Build of configuration Nios II for project freqyAnalyser ****
make all 
Info: Building ../freqyAnalyser_bsp/
C:/intelFPGA/18.1/nios2eds/bin/gnu/H-x86_64-mingw32/bin/make --no-print-directory -C ../freqyAnalyser_bsp/
[BSP build complete]
[freqyAnalyser build complete]
18:12:46 **** Incremental Build of configuration Nios II for project freqyAnalyser ****
make all 
Info: Building ../freqyAnalyser_bsp/
C:/intelFPGA/18.1/nios2eds/bin/gnu/H-x86_64-mingw32/bin/make --no-print-directory -C ../freqyAnalyser_bsp/
[BSP build complete]
Info: Compiling main.c to obj/default/main.o
nios2-elf-gcc -xc -MP -MMD -c -I../freqyAnalyser_bsp//HAL/inc -I../freqyAnalyser_bsp/ -I../freqyAnalyser_bsp//drivers/inc  -pipe -D__hal__ -DALT_NO_INSTRUCTION_EMULATION -DALT_SINGLE_THREADED    -O0 -g -Wall   -mhw-div -mhw-mul -mno-hw-mulx -mgpopt=global  -o obj/default/main.o main.c
In file included from main.c:19:0:
main.c: In function 'stabilityMonitorTask':
FreeRTOS/queue.h:421:90: warning: passing argument 2 of 'xQueueGenericSend' discards 'volatile' qualifier from pointer target type [-Wdiscarded-qualifiers]
 #define xQueueSend( xQueue, pvItemToQueue, xTicksToWait ) xQueueGenericSend( ( xQueue ), ( pvItemToQueue ), ( xTicksToWait ), queueSEND_TO_BACK )
                                                                                          ^
main.c:100:13: note: in expansion of macro 'xQueueSend'
             xQueueSend(Q_freq_data, &frequency, pdFALSE);
             ^
FreeRTOS/queue.h:592:12: note: expected 'const void * const' but argument is of type 'volatile double *'
 BaseType_t xQueueGenericSend( QueueHandle_t xQueue, const void * const pvItemToQueue, TickType_t xTicksToWait, const BaseType_t xCopyPosition ) PRIVILEGED_FUNCTION;
            ^
main.c: In function 'pollingSwitchsTask':
main.c:158:6: warning: unused variable 'led_output' [-Wunused-variable]
  int led_output = 0;
      ^
main.c: In function 'PRVGADraw_Task':
main.c:228:6: warning: operation on 'i' may be undefined [-Wsequence-point]
    i = ++i%100;
      ^
Info: Linking freqyAnalyser.elf
nios2-elf-g++  -T'../freqyAnalyser_bsp//linker.x' -msys-crt0='../freqyAnalyser_bsp//obj/HAL/src/crt0.o' -msys-lib=hal_bsp -L../freqyAnalyser_bsp/   -Wl,-Map=freqyAnalyser.map   -O0 -g -Wall   -mhw-div -mhw-mul -mno-hw-mulx -mgpopt=global  -o freqyAnalyser.elf obj/default/FreeRTOS/croutine.o obj/default/FreeRTOS/event_groups.o obj/default/FreeRTOS/heap.o obj/default/FreeRTOS/list.o obj/default/FreeRTOS/port.o obj/default/FreeRTOS/queue.o obj/default/FreeRTOS/tasks.o obj/default/FreeRTOS/timers.o obj/default/main.o obj/default/FreeRTOS/port_asm.o -lm -msys-lib=m
nios2-elf-insert freqyAnalyser.elf --thread_model hal --cpu_name nios2 --qsys true --simulation_enabled false --id 7 --sidp 0x430f0 --timestamp 1393900972 --stderr_dev jtag_uart --stdin_dev jtag_uart --stdout_dev jtag_uart --sopc_system_name nios2 --quartus_project_dir "H:/COMPSYS723/COMPSYS-723-Assignment-1/ffrequency_analyser" --sopcinfo H:/COMPSYS723/COMPSYS-723-Assignment-1/ffrequency_analyser/software/freqyAnalyser_bsp/../../nios2.sopcinfo
Info: (freqyAnalyser.elf) 633 KBytes program size (code + initialized data).
Info:                     130561 KBytes free for stack + heap.
Info: Creating freqyAnalyser.objdump
nios2-elf-objdump --disassemble --syms --all-header --source freqyAnalyser.elf >freqyAnalyser.objdump
[freqyAnalyser build complete]
18:13:14 **** Incremental Build of configuration Nios II for project freqyAnalyser ****
make all 
Info: Building ../freqyAnalyser_bsp/
C:/intelFPGA/18.1/nios2eds/bin/gnu/H-x86_64-mingw32/bin/make --no-print-directory -C ../freqyAnalyser_bsp/
[BSP build complete]
Info: Compiling main.c to obj/default/main.o
nios2-elf-gcc -xc -MP -MMD -c -I../freqyAnalyser_bsp//HAL/inc -I../freqyAnalyser_bsp/ -I../freqyAnalyser_bsp//drivers/inc  -pipe -D__hal__ -DALT_NO_INSTRUCTION_EMULATION -DALT_SINGLE_THREADED    -O0 -g -Wall   -mhw-div -mhw-mul -mno-hw-mulx -mgpopt=global  -o obj/default/main.o main.c
In file included from main.c:19:0:
main.c: In function 'stabilityMonitorTask':
FreeRTOS/queue.h:421:90: warning: passing argument 2 of 'xQueueGenericSend' discards 'volatile' qualifier from pointer target type [-Wdiscarded-qualifiers]
 #define xQueueSend( xQueue, pvItemToQueue, xTicksToWait ) xQueueGenericSend( ( xQueue ), ( pvItemToQueue ), ( xTicksToWait ), queueSEND_TO_BACK )
                                                                                          ^
main.c:100:13: note: in expansion of macro 'xQueueSend'
             xQueueSend(Q_freq_data, &frequency, pdFALSE);
             ^
FreeRTOS/queue.h:592:12: note: expected 'const void * const' but argument is of type 'volatile double *'
 BaseType_t xQueueGenericSend( QueueHandle_t xQueue, const void * const pvItemToQueue, TickType_t xTicksToWait, const BaseType_t xCopyPosition ) PRIVILEGED_FUNCTION;
            ^
main.c: In function 'pollingSwitchsTask':
main.c:158:6: warning: unused variable 'led_output' [-Wunused-variable]
  int led_output = 0;
      ^
main.c: In function 'PRVGADraw_Task':
main.c:228:6: warning: operation on 'i' may be undefined [-Wsequence-point]
    i = ++i%100;
      ^
Info: Linking freqyAnalyser.elf
nios2-elf-g++  -T'../freqyAnalyser_bsp//linker.x' -msys-crt0='../freqyAnalyser_bsp//obj/HAL/src/crt0.o' -msys-lib=hal_bsp -L../freqyAnalyser_bsp/   -Wl,-Map=freqyAnalyser.map   -O0 -g -Wall   -mhw-div -mhw-mul -mno-hw-mulx -mgpopt=global  -o freqyAnalyser.elf obj/default/FreeRTOS/croutine.o obj/default/FreeRTOS/event_groups.o obj/default/FreeRTOS/heap.o obj/default/FreeRTOS/list.o obj/default/FreeRTOS/port.o obj/default/FreeRTOS/queue.o obj/default/FreeRTOS/tasks.o obj/default/FreeRTOS/timers.o obj/default/main.o obj/default/FreeRTOS/port_asm.o -lm -msys-lib=m
nios2-elf-insert freqyAnalyser.elf --thread_model hal --cpu_name nios2 --qsys true --simulation_enabled false --id 7 --sidp 0x430f0 --timestamp 1393900972 --stderr_dev jtag_uart --stdin_dev jtag_uart --stdout_dev jtag_uart --sopc_system_name nios2 --quartus_project_dir "H:/COMPSYS723/COMPSYS-723-Assignment-1/ffrequency_analyser" --sopcinfo H:/COMPSYS723/COMPSYS-723-Assignment-1/ffrequency_analyser/software/freqyAnalyser_bsp/../../nios2.sopcinfo
Info: (freqyAnalyser.elf) 633 KBytes program size (code + initialized data).
Info:                     130561 KBytes free for stack + heap.
Info: Creating freqyAnalyser.objdump
nios2-elf-objdump --disassemble --syms --all-header --source freqyAnalyser.elf >freqyAnalyser.objdump
[freqyAnalyser build complete]
18:14:26 **** Incremental Build of configuration Nios II for project freqyAnalyser ****
make all 
Info: Building ../freqyAnalyser_bsp/
C:/intelFPGA/18.1/nios2eds/bin/gnu/H-x86_64-mingw32/bin/make --no-print-directory -C ../freqyAnalyser_bsp/
[BSP build complete]
Info: Compiling main.c to obj/default/main.o
nios2-elf-gcc -xc -MP -MMD -c -I../freqyAnalyser_bsp//HAL/inc -I../freqyAnalyser_bsp/ -I../freqyAnalyser_bsp//drivers/inc  -pipe -D__hal__ -DALT_NO_INSTRUCTION_EMULATION -DALT_SINGLE_THREADED    -O0 -g -Wall   -mhw-div -mhw-mul -mno-hw-mulx -mgpopt=global  -o obj/default/main.o main.c
In file included from main.c:19:0:
main.c: In function 'stabilityMonitorTask':
FreeRTOS/queue.h:421:90: warning: passing argument 2 of 'xQueueGenericSend' discards 'volatile' qualifier from pointer target type [-Wdiscarded-qualifiers]
 #define xQueueSend( xQueue, pvItemToQueue, xTicksToWait ) xQueueGenericSend( ( xQueue ), ( pvItemToQueue ), ( xTicksToWait ), queueSEND_TO_BACK )
                                                                                          ^
main.c:100:13: note: in expansion of macro 'xQueueSend'
             xQueueSend(Q_freq_data, &frequency, pdFALSE);
             ^
FreeRTOS/queue.h:592:12: note: expected 'const void * const' but argument is of type 'volatile double *'
 BaseType_t xQueueGenericSend( QueueHandle_t xQueue, const void * const pvItemToQueue, TickType_t xTicksToWait, const BaseType_t xCopyPosition ) PRIVILEGED_FUNCTION;
            ^
main.c: In function 'pollingSwitchsTask':
main.c:159:6: warning: unused variable 'led_output' [-Wunused-variable]
  int led_output = 0;
      ^
main.c: In function 'PRVGADraw_Task':
main.c:229:6: warning: operation on 'i' may be undefined [-Wsequence-point]
    i = ++i%100;
      ^
Info: Linking freqyAnalyser.elf
nios2-elf-g++  -T'../freqyAnalyser_bsp//linker.x' -msys-crt0='../freqyAnalyser_bsp//obj/HAL/src/crt0.o' -msys-lib=hal_bsp -L../freqyAnalyser_bsp/   -Wl,-Map=freqyAnalyser.map   -O0 -g -Wall   -mhw-div -mhw-mul -mno-hw-mulx -mgpopt=global  -o freqyAnalyser.elf obj/default/FreeRTOS/croutine.o obj/default/FreeRTOS/event_groups.o obj/default/FreeRTOS/heap.o obj/default/FreeRTOS/list.o obj/default/FreeRTOS/port.o obj/default/FreeRTOS/queue.o obj/default/FreeRTOS/tasks.o obj/default/FreeRTOS/timers.o obj/default/main.o obj/default/FreeRTOS/port_asm.o -lm -msys-lib=m
nios2-elf-insert freqyAnalyser.elf --thread_model hal --cpu_name nios2 --qsys true --simulation_enabled false --id 7 --sidp 0x430f0 --timestamp 1393900972 --stderr_dev jtag_uart --stdin_dev jtag_uart --stdout_dev jtag_uart --sopc_system_name nios2 --quartus_project_dir "H:/COMPSYS723/COMPSYS-723-Assignment-1/ffrequency_analyser" --sopcinfo H:/COMPSYS723/COMPSYS-723-Assignment-1/ffrequency_analyser/software/freqyAnalyser_bsp/../../nios2.sopcinfo
Info: (freqyAnalyser.elf) 633 KBytes program size (code + initialized data).
Info:                     130561 KBytes free for stack + heap.
Info: Creating freqyAnalyser.objdump
nios2-elf-objdump --disassemble --syms --all-header --source freqyAnalyser.elf >freqyAnalyser.objdump
[freqyAnalyser build complete]
18:15:01 **** Incremental Build of configuration Nios II for project freqyAnalyser ****
make all 
Info: Building ../freqyAnalyser_bsp/
C:/intelFPGA/18.1/nios2eds/bin/gnu/H-x86_64-mingw32/bin/make --no-print-directory -C ../freqyAnalyser_bsp/
[BSP build complete]
Info: Compiling main.c to obj/default/main.o
nios2-elf-gcc -xc -MP -MMD -c -I../freqyAnalyser_bsp//HAL/inc -I../freqyAnalyser_bsp/ -I../freqyAnalyser_bsp//drivers/inc  -pipe -D__hal__ -DALT_NO_INSTRUCTION_EMULATION -DALT_SINGLE_THREADED    -O0 -g -Wall   -mhw-div -mhw-mul -mno-hw-mulx -mgpopt=global  -o obj/default/main.o main.c
In file included from main.c:19:0:
main.c: In function 'stabilityMonitorTask':
FreeRTOS/queue.h:421:90: warning: passing argument 2 of 'xQueueGenericSend' discards 'volatile' qualifier from pointer target type [-Wdiscarded-qualifiers]
 #define xQueueSend( xQueue, pvItemToQueue, xTicksToWait ) xQueueGenericSend( ( xQueue ), ( pvItemToQueue ), ( xTicksToWait ), queueSEND_TO_BACK )
                                                                                          ^
main.c:100:13: note: in expansion of macro 'xQueueSend'
             xQueueSend(Q_freq_data, &frequency, pdFALSE);
             ^
FreeRTOS/queue.h:592:12: note: expected 'const void * const' but argument is of type 'volatile double *'
 BaseType_t xQueueGenericSend( QueueHandle_t xQueue, const void * const pvItemToQueue, TickType_t xTicksToWait, const BaseType_t xCopyPosition ) PRIVILEGED_FUNCTION;
            ^
main.c: In function 'pollingSwitchsTask':
main.c:159:6: warning: unused variable 'led_output' [-Wunused-variable]
  int led_output = 0;
      ^
main.c: In function 'PRVGADraw_Task':
main.c:229:6: warning: operation on 'i' may be undefined [-Wsequence-point]
    i = ++i%100;
      ^
Info: Linking freqyAnalyser.elf
nios2-elf-g++  -T'../freqyAnalyser_bsp//linker.x' -msys-crt0='../freqyAnalyser_bsp//obj/HAL/src/crt0.o' -msys-lib=hal_bsp -L../freqyAnalyser_bsp/   -Wl,-Map=freqyAnalyser.map   -O0 -g -Wall   -mhw-div -mhw-mul -mno-hw-mulx -mgpopt=global  -o freqyAnalyser.elf obj/default/FreeRTOS/croutine.o obj/default/FreeRTOS/event_groups.o obj/default/FreeRTOS/heap.o obj/default/FreeRTOS/list.o obj/default/FreeRTOS/port.o obj/default/FreeRTOS/queue.o obj/default/FreeRTOS/tasks.o obj/default/FreeRTOS/timers.o obj/default/main.o obj/default/FreeRTOS/port_asm.o -lm -msys-lib=m
nios2-elf-insert freqyAnalyser.elf --thread_model hal --cpu_name nios2 --qsys true --simulation_enabled false --id 7 --sidp 0x430f0 --timestamp 1393900972 --stderr_dev jtag_uart --stdin_dev jtag_uart --stdout_dev jtag_uart --sopc_system_name nios2 --quartus_project_dir "H:/COMPSYS723/COMPSYS-723-Assignment-1/ffrequency_analyser" --sopcinfo H:/COMPSYS723/COMPSYS-723-Assignment-1/ffrequency_analyser/software/freqyAnalyser_bsp/../../nios2.sopcinfo
Info: (freqyAnalyser.elf) 633 KBytes program size (code + initialized data).
Info:                     130561 KBytes free for stack + heap.
Info: Creating freqyAnalyser.objdump
nios2-elf-objdump --disassemble --syms --all-header --source freqyAnalyser.elf >freqyAnalyser.objdump
[freqyAnalyser build complete]
18:16:32 **** Incremental Build of configuration Nios II for project freqyAnalyser ****
make all 
Info: Building ../freqyAnalyser_bsp/
C:/intelFPGA/18.1/nios2eds/bin/gnu/H-x86_64-mingw32/bin/make --no-print-directory -C ../freqyAnalyser_bsp/
[BSP build complete]
Info: Compiling main.c to obj/default/main.o
nios2-elf-gcc -xc -MP -MMD -c -I../freqyAnalyser_bsp//HAL/inc -I../freqyAnalyser_bsp/ -I../freqyAnalyser_bsp//drivers/inc  -pipe -D__hal__ -DALT_NO_INSTRUCTION_EMULATION -DALT_SINGLE_THREADED    -O0 -g -Wall   -mhw-div -mhw-mul -mno-hw-mulx -mgpopt=global  -o obj/default/main.o main.c
In file included from main.c:19:0:
main.c: In function 'stabilityMonitorTask':
FreeRTOS/queue.h:421:90: warning: passing argument 2 of 'xQueueGenericSend' discards 'volatile' qualifier from pointer target type [-Wdiscarded-qualifiers]
 #define xQueueSend( xQueue, pvItemToQueue, xTicksToWait ) xQueueGenericSend( ( xQueue ), ( pvItemToQueue ), ( xTicksToWait ), queueSEND_TO_BACK )
                                                                                          ^
main.c:100:13: note: in expansion of macro 'xQueueSend'
             xQueueSend(Q_freq_data, &frequency, pdFALSE);
             ^
FreeRTOS/queue.h:592:12: note: expected 'const void * const' but argument is of type 'volatile double *'
 BaseType_t xQueueGenericSend( QueueHandle_t xQueue, const void * const pvItemToQueue, TickType_t xTicksToWait, const BaseType_t xCopyPosition ) PRIVILEGED_FUNCTION;
            ^
main.c: In function 'pollingSwitchsTask':
main.c:159:6: warning: unused variable 'led_output' [-Wunused-variable]
  int led_output = 0;
      ^
main.c: In function 'PRVGADraw_Task':
main.c:229:6: warning: operation on 'i' may be undefined [-Wsequence-point]
    i = ++i%100;
      ^
Info: Linking freqyAnalyser.elf
nios2-elf-g++  -T'../freqyAnalyser_bsp//linker.x' -msys-crt0='../freqyAnalyser_bsp//obj/HAL/src/crt0.o' -msys-lib=hal_bsp -L../freqyAnalyser_bsp/   -Wl,-Map=freqyAnalyser.map   -O0 -g -Wall   -mhw-div -mhw-mul -mno-hw-mulx -mgpopt=global  -o freqyAnalyser.elf obj/default/FreeRTOS/croutine.o obj/default/FreeRTOS/event_groups.o obj/default/FreeRTOS/heap.o obj/default/FreeRTOS/list.o obj/default/FreeRTOS/port.o obj/default/FreeRTOS/queue.o obj/default/FreeRTOS/tasks.o obj/default/FreeRTOS/timers.o obj/default/main.o obj/default/FreeRTOS/port_asm.o -lm -msys-lib=m
nios2-elf-insert freqyAnalyser.elf --thread_model hal --cpu_name nios2 --qsys true --simulation_enabled false --id 7 --sidp 0x430f0 --timestamp 1393900972 --stderr_dev jtag_uart --stdin_dev jtag_uart --stdout_dev jtag_uart --sopc_system_name nios2 --quartus_project_dir "H:/COMPSYS723/COMPSYS-723-Assignment-1/ffrequency_analyser" --sopcinfo H:/COMPSYS723/COMPSYS-723-Assignment-1/ffrequency_analyser/software/freqyAnalyser_bsp/../../nios2.sopcinfo
Info: (freqyAnalyser.elf) 633 KBytes program size (code + initialized data).
Info:                     130561 KBytes free for stack + heap.
Info: Creating freqyAnalyser.objdump
nios2-elf-objdump --disassemble --syms --all-header --source freqyAnalyser.elf >freqyAnalyser.objdump
[freqyAnalyser build complete]
18:18:42 **** Incremental Build of configuration Nios II for project freqyAnalyser ****
make all 
Info: Building ../freqyAnalyser_bsp/
C:/intelFPGA/18.1/nios2eds/bin/gnu/H-x86_64-mingw32/bin/make --no-print-directory -C ../freqyAnalyser_bsp/
[BSP build complete]
Info: Compiling main.c to obj/default/main.o
nios2-elf-gcc -xc -MP -MMD -c -I../freqyAnalyser_bsp//HAL/inc -I../freqyAnalyser_bsp/ -I../freqyAnalyser_bsp//drivers/inc  -pipe -D__hal__ -DALT_NO_INSTRUCTION_EMULATION -DALT_SINGLE_THREADED    -O0 -g -Wall   -mhw-div -mhw-mul -mno-hw-mulx -mgpopt=global  -o obj/default/main.o main.c
In file included from main.c:19:0:
main.c: In function 'stabilityMonitorTask':
FreeRTOS/queue.h:421:90: warning: passing argument 2 of 'xQueueGenericSend' discards 'volatile' qualifier from pointer target type [-Wdiscarded-qualifiers]
 #define xQueueSend( xQueue, pvItemToQueue, xTicksToWait ) xQueueGenericSend( ( xQueue ), ( pvItemToQueue ), ( xTicksToWait ), queueSEND_TO_BACK )
                                                                                          ^
main.c:100:13: note: in expansion of macro 'xQueueSend'
             xQueueSend(Q_freq_data, &frequency, pdFALSE);
             ^
FreeRTOS/queue.h:592:12: note: expected 'const void * const' but argument is of type 'volatile double *'
 BaseType_t xQueueGenericSend( QueueHandle_t xQueue, const void * const pvItemToQueue, TickType_t xTicksToWait, const BaseType_t xCopyPosition ) PRIVILEGED_FUNCTION;
            ^
main.c: In function 'pollingSwitchsTask':
main.c:159:6: warning: unused variable 'led_output' [-Wunused-variable]
  int led_output = 0;
      ^
main.c: In function 'PRVGADraw_Task':
main.c:229:6: warning: operation on 'i' may be undefined [-Wsequence-point]
    i = ++i%100;
      ^
Info: Linking freqyAnalyser.elf
nios2-elf-g++  -T'../freqyAnalyser_bsp//linker.x' -msys-crt0='../freqyAnalyser_bsp//obj/HAL/src/crt0.o' -msys-lib=hal_bsp -L../freqyAnalyser_bsp/   -Wl,-Map=freqyAnalyser.map   -O0 -g -Wall   -mhw-div -mhw-mul -mno-hw-mulx -mgpopt=global  -o freqyAnalyser.elf obj/default/FreeRTOS/croutine.o obj/default/FreeRTOS/event_groups.o obj/default/FreeRTOS/heap.o obj/default/FreeRTOS/list.o obj/default/FreeRTOS/port.o obj/default/FreeRTOS/queue.o obj/default/FreeRTOS/tasks.o obj/default/FreeRTOS/timers.o obj/default/main.o obj/default/FreeRTOS/port_asm.o -lm -msys-lib=m
nios2-elf-insert freqyAnalyser.elf --thread_model hal --cpu_name nios2 --qsys true --simulation_enabled false --id 7 --sidp 0x430f0 --timestamp 1393900972 --stderr_dev jtag_uart --stdin_dev jtag_uart --stdout_dev jtag_uart --sopc_system_name nios2 --quartus_project_dir "H:/COMPSYS723/COMPSYS-723-Assignment-1/ffrequency_analyser" --sopcinfo H:/COMPSYS723/COMPSYS-723-Assignment-1/ffrequency_analyser/software/freqyAnalyser_bsp/../../nios2.sopcinfo
Info: (freqyAnalyser.elf) 633 KBytes program size (code + initialized data).
Info:                     130561 KBytes free for stack + heap.
Info: Creating freqyAnalyser.objdump
nios2-elf-objdump --disassemble --syms --all-header --source freqyAnalyser.elf >freqyAnalyser.objdump
[freqyAnalyser build complete]
18:20:15 **** Incremental Build of configuration Nios II for project freqyAnalyser ****
make all 
Info: Building ../freqyAnalyser_bsp/
C:/intelFPGA/18.1/nios2eds/bin/gnu/H-x86_64-mingw32/bin/make --no-print-directory -C ../freqyAnalyser_bsp/
[BSP build complete]
Info: Compiling main.c to obj/default/main.o
nios2-elf-gcc -xc -MP -MMD -c -I../freqyAnalyser_bsp//HAL/inc -I../freqyAnalyser_bsp/ -I../freqyAnalyser_bsp//drivers/inc  -pipe -D__hal__ -DALT_NO_INSTRUCTION_EMULATION -DALT_SINGLE_THREADED    -O0 -g -Wall   -mhw-div -mhw-mul -mno-hw-mulx -mgpopt=global  -o obj/default/main.o main.c
In file included from main.c:19:0:
main.c: In function 'stabilityMonitorTask':
FreeRTOS/queue.h:421:90: warning: passing argument 2 of 'xQueueGenericSend' discards 'volatile' qualifier from pointer target type [-Wdiscarded-qualifiers]
 #define xQueueSend( xQueue, pvItemToQueue, xTicksToWait ) xQueueGenericSend( ( xQueue ), ( pvItemToQueue ), ( xTicksToWait ), queueSEND_TO_BACK )
                                                                                          ^
main.c:100:13: note: in expansion of macro 'xQueueSend'
             xQueueSend(Q_freq_data, &frequency, pdFALSE);
             ^
FreeRTOS/queue.h:592:12: note: expected 'const void * const' but argument is of type 'volatile double *'
 BaseType_t xQueueGenericSend( QueueHandle_t xQueue, const void * const pvItemToQueue, TickType_t xTicksToWait, const BaseType_t xCopyPosition ) PRIVILEGED_FUNCTION;
            ^
main.c:94:13: warning: unused variable 'prev' [-Wunused-variable]
     uint8_t prev = stability_flag;
             ^
main.c: In function 'pollingSwitchsTask':
main.c:161:6: warning: unused variable 'led_output' [-Wunused-variable]
  int led_output = 0;
      ^
main.c: In function 'PRVGADraw_Task':
main.c:231:6: warning: operation on 'i' may be undefined [-Wsequence-point]
    i = ++i%100;
      ^
Info: Linking freqyAnalyser.elf
nios2-elf-g++  -T'../freqyAnalyser_bsp//linker.x' -msys-crt0='../freqyAnalyser_bsp//obj/HAL/src/crt0.o' -msys-lib=hal_bsp -L../freqyAnalyser_bsp/   -Wl,-Map=freqyAnalyser.map   -O0 -g -Wall   -mhw-div -mhw-mul -mno-hw-mulx -mgpopt=global  -o freqyAnalyser.elf obj/default/FreeRTOS/croutine.o obj/default/FreeRTOS/event_groups.o obj/default/FreeRTOS/heap.o obj/default/FreeRTOS/list.o obj/default/FreeRTOS/port.o obj/default/FreeRTOS/queue.o obj/default/FreeRTOS/tasks.o obj/default/FreeRTOS/timers.o obj/default/main.o obj/default/FreeRTOS/port_asm.o -lm -msys-lib=m
nios2-elf-insert freqyAnalyser.elf --thread_model hal --cpu_name nios2 --qsys true --simulation_enabled false --id 7 --sidp 0x430f0 --timestamp 1393900972 --stderr_dev jtag_uart --stdin_dev jtag_uart --stdout_dev jtag_uart --sopc_system_name nios2 --quartus_project_dir "H:/COMPSYS723/COMPSYS-723-Assignment-1/ffrequency_analyser" --sopcinfo H:/COMPSYS723/COMPSYS-723-Assignment-1/ffrequency_analyser/software/freqyAnalyser_bsp/../../nios2.sopcinfo
Info: (freqyAnalyser.elf) 633 KBytes program size (code + initialized data).
Info:                     130561 KBytes free for stack + heap.
Info: Creating freqyAnalyser.objdump
nios2-elf-objdump --disassemble --syms --all-header --source freqyAnalyser.elf >freqyAnalyser.objdump
[freqyAnalyser build complete]
18:21:05 **** Incremental Build of configuration Nios II for project freqyAnalyser ****
make all 
Info: Building ../freqyAnalyser_bsp/
C:/intelFPGA/18.1/nios2eds/bin/gnu/H-x86_64-mingw32/bin/make --no-print-directory -C ../freqyAnalyser_bsp/
[BSP build complete]
Info: Compiling main.c to obj/default/main.o
nios2-elf-gcc -xc -MP -MMD -c -I../freqyAnalyser_bsp//HAL/inc -I../freqyAnalyser_bsp/ -I../freqyAnalyser_bsp//drivers/inc  -pipe -D__hal__ -DALT_NO_INSTRUCTION_EMULATION -DALT_SINGLE_THREADED    -O0 -g -Wall   -mhw-div -mhw-mul -mno-hw-mulx -mgpopt=global  -o obj/default/main.o main.c
In file included from main.c:19:0:
main.c: In function 'stabilityMonitorTask':
FreeRTOS/queue.h:421:90: warning: passing argument 2 of 'xQueueGenericSend' discards 'volatile' qualifier from pointer target type [-Wdiscarded-qualifiers]
 #define xQueueSend( xQueue, pvItemToQueue, xTicksToWait ) xQueueGenericSend( ( xQueue ), ( pvItemToQueue ), ( xTicksToWait ), queueSEND_TO_BACK )
                                                                                          ^
main.c:100:13: note: in expansion of macro 'xQueueSend'
             xQueueSend(Q_freq_data, &frequency, pdFALSE);
             ^
FreeRTOS/queue.h:592:12: note: expected 'const void * const' but argument is of type 'volatile double *'
 BaseType_t xQueueGenericSend( QueueHandle_t xQueue, const void * const pvItemToQueue, TickType_t xTicksToWait, const BaseType_t xCopyPosition ) PRIVILEGED_FUNCTION;
            ^
main.c:94:13: warning: unused variable 'prev' [-Wunused-variable]
     uint8_t prev = stability_flag;
             ^
main.c: In function 'pollingSwitchsTask':
main.c:161:6: warning: unused variable 'led_output' [-Wunused-variable]
  int led_output = 0;
      ^
main.c: In function 'PRVGADraw_Task':
main.c:231:6: warning: operation on 'i' may be undefined [-Wsequence-point]
    i = ++i%100;
      ^
Info: Linking freqyAnalyser.elf
nios2-elf-g++  -T'../freqyAnalyser_bsp//linker.x' -msys-crt0='../freqyAnalyser_bsp//obj/HAL/src/crt0.o' -msys-lib=hal_bsp -L../freqyAnalyser_bsp/   -Wl,-Map=freqyAnalyser.map   -O0 -g -Wall   -mhw-div -mhw-mul -mno-hw-mulx -mgpopt=global  -o freqyAnalyser.elf obj/default/FreeRTOS/croutine.o obj/default/FreeRTOS/event_groups.o obj/default/FreeRTOS/heap.o obj/default/FreeRTOS/list.o obj/default/FreeRTOS/port.o obj/default/FreeRTOS/queue.o obj/default/FreeRTOS/tasks.o obj/default/FreeRTOS/timers.o obj/default/main.o obj/default/FreeRTOS/port_asm.o -lm -msys-lib=m
nios2-elf-insert freqyAnalyser.elf --thread_model hal --cpu_name nios2 --qsys true --simulation_enabled false --id 7 --sidp 0x430f0 --timestamp 1393900972 --stderr_dev jtag_uart --stdin_dev jtag_uart --stdout_dev jtag_uart --sopc_system_name nios2 --quartus_project_dir "H:/COMPSYS723/COMPSYS-723-Assignment-1/ffrequency_analyser" --sopcinfo H:/COMPSYS723/COMPSYS-723-Assignment-1/ffrequency_analyser/software/freqyAnalyser_bsp/../../nios2.sopcinfo
Info: (freqyAnalyser.elf) 633 KBytes program size (code + initialized data).
Info:                     130561 KBytes free for stack + heap.
Info: Creating freqyAnalyser.objdump
nios2-elf-objdump --disassemble --syms --all-header --source freqyAnalyser.elf >freqyAnalyser.objdump
[freqyAnalyser build complete]
18:22:30 **** Incremental Build of configuration Nios II for project freqyAnalyser ****
make all 
Info: Building ../freqyAnalyser_bsp/
C:/intelFPGA/18.1/nios2eds/bin/gnu/H-x86_64-mingw32/bin/make --no-print-directory -C ../freqyAnalyser_bsp/
[BSP build complete]
Info: Compiling main.c to obj/default/main.o
nios2-elf-gcc -xc -MP -MMD -c -I../freqyAnalyser_bsp//HAL/inc -I../freqyAnalyser_bsp/ -I../freqyAnalyser_bsp//drivers/inc  -pipe -D__hal__ -DALT_NO_INSTRUCTION_EMULATION -DALT_SINGLE_THREADED    -O0 -g -Wall   -mhw-div -mhw-mul -mno-hw-mulx -mgpopt=global  -o obj/default/main.o main.c
In file included from main.c:19:0:
main.c: In function 'stabilityMonitorTask':
FreeRTOS/queue.h:421:90: warning: passing argument 2 of 'xQueueGenericSend' discards 'volatile' qualifier from pointer target type [-Wdiscarded-qualifiers]
 #define xQueueSend( xQueue, pvItemToQueue, xTicksToWait ) xQueueGenericSend( ( xQueue ), ( pvItemToQueue ), ( xTicksToWait ), queueSEND_TO_BACK )
                                                                                          ^
main.c:100:13: note: in expansion of macro 'xQueueSend'
             xQueueSend(Q_freq_data, &frequency, pdFALSE);
             ^
FreeRTOS/queue.h:592:12: note: expected 'const void * const' but argument is of type 'volatile double *'
 BaseType_t xQueueGenericSend( QueueHandle_t xQueue, const void * const pvItemToQueue, TickType_t xTicksToWait, const BaseType_t xCopyPosition ) PRIVILEGED_FUNCTION;
            ^
main.c:94:13: warning: unused variable 'prev' [-Wunused-variable]
     uint8_t prev = stability_flag;
             ^
main.c: In function 'pollingSwitchsTask':
main.c:161:6: warning: unused variable 'led_output' [-Wunused-variable]
  int led_output = 0;
      ^
main.c: In function 'PRVGADraw_Task':
main.c:231:6: warning: operation on 'i' may be undefined [-Wsequence-point]
    i = ++i%100;
      ^
Info: Linking freqyAnalyser.elf
nios2-elf-g++  -T'../freqyAnalyser_bsp//linker.x' -msys-crt0='../freqyAnalyser_bsp//obj/HAL/src/crt0.o' -msys-lib=hal_bsp -L../freqyAnalyser_bsp/   -Wl,-Map=freqyAnalyser.map   -O0 -g -Wall   -mhw-div -mhw-mul -mno-hw-mulx -mgpopt=global  -o freqyAnalyser.elf obj/default/FreeRTOS/croutine.o obj/default/FreeRTOS/event_groups.o obj/default/FreeRTOS/heap.o obj/default/FreeRTOS/list.o obj/default/FreeRTOS/port.o obj/default/FreeRTOS/queue.o obj/default/FreeRTOS/tasks.o obj/default/FreeRTOS/timers.o obj/default/main.o obj/default/FreeRTOS/port_asm.o -lm -msys-lib=m
nios2-elf-insert freqyAnalyser.elf --thread_model hal --cpu_name nios2 --qsys true --simulation_enabled false --id 7 --sidp 0x430f0 --timestamp 1393900972 --stderr_dev jtag_uart --stdin_dev jtag_uart --stdout_dev jtag_uart --sopc_system_name nios2 --quartus_project_dir "H:/COMPSYS723/COMPSYS-723-Assignment-1/ffrequency_analyser" --sopcinfo H:/COMPSYS723/COMPSYS-723-Assignment-1/ffrequency_analyser/software/freqyAnalyser_bsp/../../nios2.sopcinfo
Info: (freqyAnalyser.elf) 633 KBytes program size (code + initialized data).
Info:                     130561 KBytes free for stack + heap.
Info: Creating freqyAnalyser.objdump
nios2-elf-objdump --disassemble --syms --all-header --source freqyAnalyser.elf >freqyAnalyser.objdump
[freqyAnalyser build complete]
18:22:58 **** Incremental Build of configuration Nios II for project freqyAnalyser ****
make all 
Info: Building ../freqyAnalyser_bsp/
C:/intelFPGA/18.1/nios2eds/bin/gnu/H-x86_64-mingw32/bin/make --no-print-directory -C ../freqyAnalyser_bsp/
[BSP build complete]
Info: Compiling main.c to obj/default/main.o
nios2-elf-gcc -xc -MP -MMD -c -I../freqyAnalyser_bsp//HAL/inc -I../freqyAnalyser_bsp/ -I../freqyAnalyser_bsp//drivers/inc  -pipe -D__hal__ -DALT_NO_INSTRUCTION_EMULATION -DALT_SINGLE_THREADED    -O0 -g -Wall   -mhw-div -mhw-mul -mno-hw-mulx -mgpopt=global  -o obj/default/main.o main.c
In file included from main.c:19:0:
main.c: In function 'stabilityMonitorTask':
FreeRTOS/queue.h:421:90: warning: passing argument 2 of 'xQueueGenericSend' discards 'volatile' qualifier from pointer target type [-Wdiscarded-qualifiers]
 #define xQueueSend( xQueue, pvItemToQueue, xTicksToWait ) xQueueGenericSend( ( xQueue ), ( pvItemToQueue ), ( xTicksToWait ), queueSEND_TO_BACK )
                                                                                          ^
main.c:100:13: note: in expansion of macro 'xQueueSend'
             xQueueSend(Q_freq_data, &frequency, pdFALSE);
             ^
FreeRTOS/queue.h:592:12: note: expected 'const void * const' but argument is of type 'volatile double *'
 BaseType_t xQueueGenericSend( QueueHandle_t xQueue, const void * const pvItemToQueue, TickType_t xTicksToWait, const BaseType_t xCopyPosition ) PRIVILEGED_FUNCTION;
            ^
main.c:94:13: warning: unused variable 'prev' [-Wunused-variable]
     uint8_t prev = stability_flag;
             ^
main.c: In function 'pollingSwitchsTask':
main.c:161:6: warning: unused variable 'led_output' [-Wunused-variable]
  int led_output = 0;
      ^
main.c: In function 'PRVGADraw_Task':
main.c:231:6: warning: operation on 'i' may be undefined [-Wsequence-point]
    i = ++i%100;
      ^
Info: Linking freqyAnalyser.elf
nios2-elf-g++  -T'../freqyAnalyser_bsp//linker.x' -msys-crt0='../freqyAnalyser_bsp//obj/HAL/src/crt0.o' -msys-lib=hal_bsp -L../freqyAnalyser_bsp/   -Wl,-Map=freqyAnalyser.map   -O0 -g -Wall   -mhw-div -mhw-mul -mno-hw-mulx -mgpopt=global  -o freqyAnalyser.elf obj/default/FreeRTOS/croutine.o obj/default/FreeRTOS/event_groups.o obj/default/FreeRTOS/heap.o obj/default/FreeRTOS/list.o obj/default/FreeRTOS/port.o obj/default/FreeRTOS/queue.o obj/default/FreeRTOS/tasks.o obj/default/FreeRTOS/timers.o obj/default/main.o obj/default/FreeRTOS/port_asm.o -lm -msys-lib=m
nios2-elf-insert freqyAnalyser.elf --thread_model hal --cpu_name nios2 --qsys true --simulation_enabled false --id 7 --sidp 0x430f0 --timestamp 1393900972 --stderr_dev jtag_uart --stdin_dev jtag_uart --stdout_dev jtag_uart --sopc_system_name nios2 --quartus_project_dir "H:/COMPSYS723/COMPSYS-723-Assignment-1/ffrequency_analyser" --sopcinfo H:/COMPSYS723/COMPSYS-723-Assignment-1/ffrequency_analyser/software/freqyAnalyser_bsp/../../nios2.sopcinfo
Info: (freqyAnalyser.elf) 633 KBytes program size (code + initialized data).
Info:                     130561 KBytes free for stack + heap.
Info: Creating freqyAnalyser.objdump
nios2-elf-objdump --disassemble --syms --all-header --source freqyAnalyser.elf >freqyAnalyser.objdump
[freqyAnalyser build complete]
18:23:37 **** Incremental Build of configuration Nios II for project freqyAnalyser ****
make all 
Info: Building ../freqyAnalyser_bsp/
C:/intelFPGA/18.1/nios2eds/bin/gnu/H-x86_64-mingw32/bin/make --no-print-directory -C ../freqyAnalyser_bsp/
[BSP build complete]
Info: Compiling main.c to obj/default/main.o
nios2-elf-gcc -xc -MP -MMD -c -I../freqyAnalyser_bsp//HAL/inc -I../freqyAnalyser_bsp/ -I../freqyAnalyser_bsp//drivers/inc  -pipe -D__hal__ -DALT_NO_INSTRUCTION_EMULATION -DALT_SINGLE_THREADED    -O0 -g -Wall   -mhw-div -mhw-mul -mno-hw-mulx -mgpopt=global  -o obj/default/main.o main.c
In file included from main.c:19:0:
main.c: In function 'stabilityMonitorTask':
FreeRTOS/queue.h:421:90: warning: passing argument 2 of 'xQueueGenericSend' discards 'volatile' qualifier from pointer target type [-Wdiscarded-qualifiers]
 #define xQueueSend( xQueue, pvItemToQueue, xTicksToWait ) xQueueGenericSend( ( xQueue ), ( pvItemToQueue ), ( xTicksToWait ), queueSEND_TO_BACK )
                                                                                          ^
main.c:100:13: note: in expansion of macro 'xQueueSend'
             xQueueSend(Q_freq_data, &frequency, pdFALSE);
             ^
FreeRTOS/queue.h:592:12: note: expected 'const void * const' but argument is of type 'volatile double *'
 BaseType_t xQueueGenericSend( QueueHandle_t xQueue, const void * const pvItemToQueue, TickType_t xTicksToWait, const BaseType_t xCopyPosition ) PRIVILEGED_FUNCTION;
            ^
main.c:94:13: warning: unused variable 'prev' [-Wunused-variable]
     uint8_t prev = stability_flag;
             ^
main.c: In function 'pollingSwitchsTask':
main.c:161:6: warning: unused variable 'led_output' [-Wunused-variable]
  int led_output = 0;
      ^
main.c: In function 'PRVGADraw_Task':
main.c:231:6: warning: operation on 'i' may be undefined [-Wsequence-point]
    i = ++i%100;
      ^
Info: Linking freqyAnalyser.elf
nios2-elf-g++  -T'../freqyAnalyser_bsp//linker.x' -msys-crt0='../freqyAnalyser_bsp//obj/HAL/src/crt0.o' -msys-lib=hal_bsp -L../freqyAnalyser_bsp/   -Wl,-Map=freqyAnalyser.map   -O0 -g -Wall   -mhw-div -mhw-mul -mno-hw-mulx -mgpopt=global  -o freqyAnalyser.elf obj/default/FreeRTOS/croutine.o obj/default/FreeRTOS/event_groups.o obj/default/FreeRTOS/heap.o obj/default/FreeRTOS/list.o obj/default/FreeRTOS/port.o obj/default/FreeRTOS/queue.o obj/default/FreeRTOS/tasks.o obj/default/FreeRTOS/timers.o obj/default/main.o obj/default/FreeRTOS/port_asm.o -lm -msys-lib=m
nios2-elf-insert freqyAnalyser.elf --thread_model hal --cpu_name nios2 --qsys true --simulation_enabled false --id 7 --sidp 0x430f0 --timestamp 1393900972 --stderr_dev jtag_uart --stdin_dev jtag_uart --stdout_dev jtag_uart --sopc_system_name nios2 --quartus_project_dir "H:/COMPSYS723/COMPSYS-723-Assignment-1/ffrequency_analyser" --sopcinfo H:/COMPSYS723/COMPSYS-723-Assignment-1/ffrequency_analyser/software/freqyAnalyser_bsp/../../nios2.sopcinfo
Info: (freqyAnalyser.elf) 633 KBytes program size (code + initialized data).
Info:                     130561 KBytes free for stack + heap.
Info: Creating freqyAnalyser.objdump
nios2-elf-objdump --disassemble --syms --all-header --source freqyAnalyser.elf >freqyAnalyser.objdump
[freqyAnalyser build complete]
18:24:11 **** Incremental Build of configuration Nios II for project freqyAnalyser ****
make all 
Info: Building ../freqyAnalyser_bsp/
C:/intelFPGA/18.1/nios2eds/bin/gnu/H-x86_64-mingw32/bin/make --no-print-directory -C ../freqyAnalyser_bsp/
[BSP build complete]
Info: Compiling main.c to obj/default/main.o
nios2-elf-gcc -xc -MP -MMD -c -I../freqyAnalyser_bsp//HAL/inc -I../freqyAnalyser_bsp/ -I../freqyAnalyser_bsp//drivers/inc  -pipe -D__hal__ -DALT_NO_INSTRUCTION_EMULATION -DALT_SINGLE_THREADED    -O0 -g -Wall   -mhw-div -mhw-mul -mno-hw-mulx -mgpopt=global  -o obj/default/main.o main.c
In file included from main.c:19:0:
main.c: In function 'stabilityMonitorTask':
FreeRTOS/queue.h:421:90: warning: passing argument 2 of 'xQueueGenericSend' discards 'volatile' qualifier from pointer target type [-Wdiscarded-qualifiers]
 #define xQueueSend( xQueue, pvItemToQueue, xTicksToWait ) xQueueGenericSend( ( xQueue ), ( pvItemToQueue ), ( xTicksToWait ), queueSEND_TO_BACK )
                                                                                          ^
main.c:100:13: note: in expansion of macro 'xQueueSend'
             xQueueSend(Q_freq_data, &frequency, pdFALSE);
             ^
FreeRTOS/queue.h:592:12: note: expected 'const void * const' but argument is of type 'volatile double *'
 BaseType_t xQueueGenericSend( QueueHandle_t xQueue, const void * const pvItemToQueue, TickType_t xTicksToWait, const BaseType_t xCopyPosition ) PRIVILEGED_FUNCTION;
            ^
main.c:94:13: warning: unused variable 'prev' [-Wunused-variable]
     uint8_t prev = stability_flag;
             ^
main.c: In function 'pollingSwitchsTask':
main.c:161:6: warning: unused variable 'led_output' [-Wunused-variable]
  int led_output = 0;
      ^
main.c: In function 'PRVGADraw_Task':
main.c:231:6: warning: operation on 'i' may be undefined [-Wsequence-point]
    i = ++i%100;
      ^
Info: Linking freqyAnalyser.elf
nios2-elf-g++  -T'../freqyAnalyser_bsp//linker.x' -msys-crt0='../freqyAnalyser_bsp//obj/HAL/src/crt0.o' -msys-lib=hal_bsp -L../freqyAnalyser_bsp/   -Wl,-Map=freqyAnalyser.map   -O0 -g -Wall   -mhw-div -mhw-mul -mno-hw-mulx -mgpopt=global  -o freqyAnalyser.elf obj/default/FreeRTOS/croutine.o obj/default/FreeRTOS/event_groups.o obj/default/FreeRTOS/heap.o obj/default/FreeRTOS/list.o obj/default/FreeRTOS/port.o obj/default/FreeRTOS/queue.o obj/default/FreeRTOS/tasks.o obj/default/FreeRTOS/timers.o obj/default/main.o obj/default/FreeRTOS/port_asm.o -lm -msys-lib=m
nios2-elf-insert freqyAnalyser.elf --thread_model hal --cpu_name nios2 --qsys true --simulation_enabled false --id 7 --sidp 0x430f0 --timestamp 1393900972 --stderr_dev jtag_uart --stdin_dev jtag_uart --stdout_dev jtag_uart --sopc_system_name nios2 --quartus_project_dir "H:/COMPSYS723/COMPSYS-723-Assignment-1/ffrequency_analyser" --sopcinfo H:/COMPSYS723/COMPSYS-723-Assignment-1/ffrequency_analyser/software/freqyAnalyser_bsp/../../nios2.sopcinfo
Info: (freqyAnalyser.elf) 632 KBytes program size (code + initialized data).
Info:                     130561 KBytes free for stack + heap.
Info: Creating freqyAnalyser.objdump
nios2-elf-objdump --disassemble --syms --all-header --source freqyAnalyser.elf >freqyAnalyser.objdump
[freqyAnalyser build complete]
18:28:58 **** Incremental Build of configuration Nios II for project freqyAnalyser ****
make all 
Info: Building ../freqyAnalyser_bsp/
C:/intelFPGA/18.1/nios2eds/bin/gnu/H-x86_64-mingw32/bin/make --no-print-directory -C ../freqyAnalyser_bsp/
[BSP build complete]
Info: Compiling main.c to obj/default/main.o
nios2-elf-gcc -xc -MP -MMD -c -I../freqyAnalyser_bsp//HAL/inc -I../freqyAnalyser_bsp/ -I../freqyAnalyser_bsp//drivers/inc  -pipe -D__hal__ -DALT_NO_INSTRUCTION_EMULATION -DALT_SINGLE_THREADED    -O0 -g -Wall   -mhw-div -mhw-mul -mno-hw-mulx -mgpopt=global  -o obj/default/main.o main.c
In file included from main.c:19:0:
main.c: In function 'stabilityMonitorTask':
FreeRTOS/queue.h:421:90: warning: passing argument 2 of 'xQueueGenericSend' discards 'volatile' qualifier from pointer target type [-Wdiscarded-qualifiers]
 #define xQueueSend( xQueue, pvItemToQueue, xTicksToWait ) xQueueGenericSend( ( xQueue ), ( pvItemToQueue ), ( xTicksToWait ), queueSEND_TO_BACK )
                                                                                          ^
main.c:101:13: note: in expansion of macro 'xQueueSend'
             xQueueSend(Q_freq_data, &frequency, pdFALSE);
             ^
FreeRTOS/queue.h:592:12: note: expected 'const void * const' but argument is of type 'volatile double *'
 BaseType_t xQueueGenericSend( QueueHandle_t xQueue, const void * const pvItemToQueue, TickType_t xTicksToWait, const BaseType_t xCopyPosition ) PRIVILEGED_FUNCTION;
            ^
main.c:95:13: warning: unused variable 'prev' [-Wunused-variable]
     uint8_t prev = stability_flag;
             ^
main.c: In function 'pollingSwitchsTask':
main.c:161:6: warning: unused variable 'led_output' [-Wunused-variable]
  int led_output = 0;
      ^
main.c: In function 'PRVGADraw_Task':
main.c:231:6: warning: operation on 'i' may be undefined [-Wsequence-point]
    i = ++i%100;
      ^
main.c: At top level:
main.c:296:6: warning: 'Timer_Reset_Task' defined but not used [-Wunused-function]
 void Timer_Reset_Task(void *pvParameters ){ //reset timer if any of the push button is pressed
      ^
Info: Linking freqyAnalyser.elf
nios2-elf-g++  -T'../freqyAnalyser_bsp//linker.x' -msys-crt0='../freqyAnalyser_bsp//obj/HAL/src/crt0.o' -msys-lib=hal_bsp -L../freqyAnalyser_bsp/   -Wl,-Map=freqyAnalyser.map   -O0 -g -Wall   -mhw-div -mhw-mul -mno-hw-mulx -mgpopt=global  -o freqyAnalyser.elf obj/default/FreeRTOS/croutine.o obj/default/FreeRTOS/event_groups.o obj/default/FreeRTOS/heap.o obj/default/FreeRTOS/list.o obj/default/FreeRTOS/port.o obj/default/FreeRTOS/queue.o obj/default/FreeRTOS/tasks.o obj/default/FreeRTOS/timers.o obj/default/main.o obj/default/FreeRTOS/port_asm.o -lm -msys-lib=m
nios2-elf-insert freqyAnalyser.elf --thread_model hal --cpu_name nios2 --qsys true --simulation_enabled false --id 7 --sidp 0x430f0 --timestamp 1393900972 --stderr_dev jtag_uart --stdin_dev jtag_uart --stdout_dev jtag_uart --sopc_system_name nios2 --quartus_project_dir "H:/COMPSYS723/COMPSYS-723-Assignment-1/ffrequency_analyser" --sopcinfo H:/COMPSYS723/COMPSYS-723-Assignment-1/ffrequency_analyser/software/freqyAnalyser_bsp/../../nios2.sopcinfo
Info: (freqyAnalyser.elf) 633 KBytes program size (code + initialized data).
Info:                     130561 KBytes free for stack + heap.
Info: Creating freqyAnalyser.objdump
nios2-elf-objdump --disassemble --syms --all-header --source freqyAnalyser.elf >freqyAnalyser.objdump
[freqyAnalyser build complete]
18:31:17 **** Incremental Build of configuration Nios II for project freqyAnalyser ****
make all 
Info: Building ../freqyAnalyser_bsp/
C:/intelFPGA/18.1/nios2eds/bin/gnu/H-x86_64-mingw32/bin/make --no-print-directory -C ../freqyAnalyser_bsp/
[BSP build complete]
Info: Compiling main.c to obj/default/main.o
nios2-elf-gcc -xc -MP -MMD -c -I../freqyAnalyser_bsp//HAL/inc -I../freqyAnalyser_bsp/ -I../freqyAnalyser_bsp//drivers/inc  -pipe -D__hal__ -DALT_NO_INSTRUCTION_EMULATION -DALT_SINGLE_THREADED    -O0 -g -Wall   -mhw-div -mhw-mul -mno-hw-mulx -mgpopt=global  -o obj/default/main.o main.c
In file included from main.c:19:0:
main.c: In function 'stabilityMonitorTask':
FreeRTOS/queue.h:421:90: warning: passing argument 2 of 'xQueueGenericSend' discards 'volatile' qualifier from pointer target type [-Wdiscarded-qualifiers]
 #define xQueueSend( xQueue, pvItemToQueue, xTicksToWait ) xQueueGenericSend( ( xQueue ), ( pvItemToQueue ), ( xTicksToWait ), queueSEND_TO_BACK )
                                                                                          ^
main.c:101:13: note: in expansion of macro 'xQueueSend'
             xQueueSend(Q_freq_data, &frequency, pdFALSE);
             ^
FreeRTOS/queue.h:592:12: note: expected 'const void * const' but argument is of type 'volatile double *'
 BaseType_t xQueueGenericSend( QueueHandle_t xQueue, const void * const pvItemToQueue, TickType_t xTicksToWait, const BaseType_t xCopyPosition ) PRIVILEGED_FUNCTION;
            ^
main.c:95:13: warning: unused variable 'prev' [-Wunused-variable]
     uint8_t prev = stability_flag;
             ^
main.c: In function 'pollingSwitchsTask':
main.c:161:6: warning: unused variable 'led_output' [-Wunused-variable]
  int led_output = 0;
      ^
main.c: In function 'PRVGADraw_Task':
main.c:231:6: warning: operation on 'i' may be undefined [-Wsequence-point]
    i = ++i%100;
      ^
main.c: At top level:
main.c:296:6: warning: 'Timer_Reset_Task' defined but not used [-Wunused-function]
 void Timer_Reset_Task(void *pvParameters ){ //reset timer if any of the push button is pressed
      ^
Info: Linking freqyAnalyser.elf
nios2-elf-g++  -T'../freqyAnalyser_bsp//linker.x' -msys-crt0='../freqyAnalyser_bsp//obj/HAL/src/crt0.o' -msys-lib=hal_bsp -L../freqyAnalyser_bsp/   -Wl,-Map=freqyAnalyser.map   -O0 -g -Wall   -mhw-div -mhw-mul -mno-hw-mulx -mgpopt=global  -o freqyAnalyser.elf obj/default/FreeRTOS/croutine.o obj/default/FreeRTOS/event_groups.o obj/default/FreeRTOS/heap.o obj/default/FreeRTOS/list.o obj/default/FreeRTOS/port.o obj/default/FreeRTOS/queue.o obj/default/FreeRTOS/tasks.o obj/default/FreeRTOS/timers.o obj/default/main.o obj/default/FreeRTOS/port_asm.o -lm -msys-lib=m
nios2-elf-insert freqyAnalyser.elf --thread_model hal --cpu_name nios2 --qsys true --simulation_enabled false --id 7 --sidp 0x430f0 --timestamp 1393900972 --stderr_dev jtag_uart --stdin_dev jtag_uart --stdout_dev jtag_uart --sopc_system_name nios2 --quartus_project_dir "H:/COMPSYS723/COMPSYS-723-Assignment-1/ffrequency_analyser" --sopcinfo H:/COMPSYS723/COMPSYS-723-Assignment-1/ffrequency_analyser/software/freqyAnalyser_bsp/../../nios2.sopcinfo
Info: (freqyAnalyser.elf) 633 KBytes program size (code + initialized data).
Info:                     130561 KBytes free for stack + heap.
Info: Creating freqyAnalyser.objdump
nios2-elf-objdump --disassemble --syms --all-header --source freqyAnalyser.elf >freqyAnalyser.objdump
[freqyAnalyser build complete]
18:32:12 **** Incremental Build of configuration Nios II for project freqyAnalyser ****
make all 
Info: Building ../freqyAnalyser_bsp/
C:/intelFPGA/18.1/nios2eds/bin/gnu/H-x86_64-mingw32/bin/make --no-print-directory -C ../freqyAnalyser_bsp/
[BSP build complete]
Info: Compiling main.c to obj/default/main.o
nios2-elf-gcc -xc -MP -MMD -c -I../freqyAnalyser_bsp//HAL/inc -I../freqyAnalyser_bsp/ -I../freqyAnalyser_bsp//drivers/inc  -pipe -D__hal__ -DALT_NO_INSTRUCTION_EMULATION -DALT_SINGLE_THREADED    -O0 -g -Wall   -mhw-div -mhw-mul -mno-hw-mulx -mgpopt=global  -o obj/default/main.o main.c
In file included from main.c:19:0:
main.c: In function 'stabilityMonitorTask':
FreeRTOS/queue.h:421:90: warning: passing argument 2 of 'xQueueGenericSend' discards 'volatile' qualifier from pointer target type [-Wdiscarded-qualifiers]
 #define xQueueSend( xQueue, pvItemToQueue, xTicksToWait ) xQueueGenericSend( ( xQueue ), ( pvItemToQueue ), ( xTicksToWait ), queueSEND_TO_BACK )
                                                                                          ^
main.c:101:13: note: in expansion of macro 'xQueueSend'
             xQueueSend(Q_freq_data, &frequency, pdFALSE);
             ^
FreeRTOS/queue.h:592:12: note: expected 'const void * const' but argument is of type 'volatile double *'
 BaseType_t xQueueGenericSend( QueueHandle_t xQueue, const void * const pvItemToQueue, TickType_t xTicksToWait, const BaseType_t xCopyPosition ) PRIVILEGED_FUNCTION;
            ^
main.c:95:13: warning: unused variable 'prev' [-Wunused-variable]
     uint8_t prev = stability_flag;
             ^
main.c: In function 'pollingSwitchsTask':
main.c:161:6: warning: unused variable 'led_output' [-Wunused-variable]
  int led_output = 0;
      ^
main.c: In function 'PRVGADraw_Task':
main.c:231:6: warning: operation on 'i' may be undefined [-Wsequence-point]
    i = ++i%100;
      ^
main.c: At top level:
main.c:296:6: warning: 'Timer_Reset_Task' defined but not used [-Wunused-function]
 void Timer_Reset_Task(void *pvParameters ){ //reset timer if any of the push button is pressed
      ^
Info: Linking freqyAnalyser.elf
nios2-elf-g++  -T'../freqyAnalyser_bsp//linker.x' -msys-crt0='../freqyAnalyser_bsp//obj/HAL/src/crt0.o' -msys-lib=hal_bsp -L../freqyAnalyser_bsp/   -Wl,-Map=freqyAnalyser.map   -O0 -g -Wall   -mhw-div -mhw-mul -mno-hw-mulx -mgpopt=global  -o freqyAnalyser.elf obj/default/FreeRTOS/croutine.o obj/default/FreeRTOS/event_groups.o obj/default/FreeRTOS/heap.o obj/default/FreeRTOS/list.o obj/default/FreeRTOS/port.o obj/default/FreeRTOS/queue.o obj/default/FreeRTOS/tasks.o obj/default/FreeRTOS/timers.o obj/default/main.o obj/default/FreeRTOS/port_asm.o -lm -msys-lib=m
nios2-elf-insert freqyAnalyser.elf --thread_model hal --cpu_name nios2 --qsys true --simulation_enabled false --id 7 --sidp 0x430f0 --timestamp 1393900972 --stderr_dev jtag_uart --stdin_dev jtag_uart --stdout_dev jtag_uart --sopc_system_name nios2 --quartus_project_dir "H:/COMPSYS723/COMPSYS-723-Assignment-1/ffrequency_analyser" --sopcinfo H:/COMPSYS723/COMPSYS-723-Assignment-1/ffrequency_analyser/software/freqyAnalyser_bsp/../../nios2.sopcinfo
Info: (freqyAnalyser.elf) 633 KBytes program size (code + initialized data).
Info:                     130561 KBytes free for stack + heap.
Info: Creating freqyAnalyser.objdump
nios2-elf-objdump --disassemble --syms --all-header --source freqyAnalyser.elf >freqyAnalyser.objdump
[freqyAnalyser build complete]
18:32:28 **** Incremental Build of configuration Nios II for project freqyAnalyser ****
make all 
Info: Building ../freqyAnalyser_bsp/
C:/intelFPGA/18.1/nios2eds/bin/gnu/H-x86_64-mingw32/bin/make --no-print-directory -C ../freqyAnalyser_bsp/
[BSP build complete]
[freqyAnalyser build complete]
18:33:08 **** Incremental Build of configuration Nios II for project freqyAnalyser ****
make all 
Info: Building ../freqyAnalyser_bsp/
C:/intelFPGA/18.1/nios2eds/bin/gnu/H-x86_64-mingw32/bin/make --no-print-directory -C ../freqyAnalyser_bsp/
[BSP build complete]
Info: Compiling main.c to obj/default/main.o
nios2-elf-gcc -xc -MP -MMD -c -I../freqyAnalyser_bsp//HAL/inc -I../freqyAnalyser_bsp/ -I../freqyAnalyser_bsp//drivers/inc  -pipe -D__hal__ -DALT_NO_INSTRUCTION_EMULATION -DALT_SINGLE_THREADED    -O0 -g -Wall   -mhw-div -mhw-mul -mno-hw-mulx -mgpopt=global  -o obj/default/main.o main.c
In file included from main.c:19:0:
main.c: In function 'stabilityMonitorTask':
FreeRTOS/queue.h:421:90: warning: passing argument 2 of 'xQueueGenericSend' discards 'volatile' qualifier from pointer target type [-Wdiscarded-qualifiers]
 #define xQueueSend( xQueue, pvItemToQueue, xTicksToWait ) xQueueGenericSend( ( xQueue ), ( pvItemToQueue ), ( xTicksToWait ), queueSEND_TO_BACK )
                                                                                          ^
main.c:101:13: note: in expansion of macro 'xQueueSend'
             xQueueSend(Q_freq_data, &frequency, pdFALSE);
             ^
FreeRTOS/queue.h:592:12: note: expected 'const void * const' but argument is of type 'volatile double *'
 BaseType_t xQueueGenericSend( QueueHandle_t xQueue, const void * const pvItemToQueue, TickType_t xTicksToWait, const BaseType_t xCopyPosition ) PRIVILEGED_FUNCTION;
            ^
main.c:95:13: warning: unused variable 'prev' [-Wunused-variable]
     uint8_t prev = stability_flag;
             ^
main.c: In function 'pollingSwitchsTask':
main.c:161:6: warning: unused variable 'led_output' [-Wunused-variable]
  int led_output = 0;
      ^
main.c: In function 'PRVGADraw_Task':
main.c:231:6: warning: operation on 'i' may be undefined [-Wsequence-point]
    i = ++i%100;
      ^
main.c: At top level:
main.c:296:6: warning: 'Timer_Reset_Task' defined but not used [-Wunused-function]
 void Timer_Reset_Task(void *pvParameters ){ //reset timer if any of the push button is pressed
      ^
Info: Linking freqyAnalyser.elf
nios2-elf-g++  -T'../freqyAnalyser_bsp//linker.x' -msys-crt0='../freqyAnalyser_bsp//obj/HAL/src/crt0.o' -msys-lib=hal_bsp -L../freqyAnalyser_bsp/   -Wl,-Map=freqyAnalyser.map   -O0 -g -Wall   -mhw-div -mhw-mul -mno-hw-mulx -mgpopt=global  -o freqyAnalyser.elf obj/default/FreeRTOS/croutine.o obj/default/FreeRTOS/event_groups.o obj/default/FreeRTOS/heap.o obj/default/FreeRTOS/list.o obj/default/FreeRTOS/port.o obj/default/FreeRTOS/queue.o obj/default/FreeRTOS/tasks.o obj/default/FreeRTOS/timers.o obj/default/main.o obj/default/FreeRTOS/port_asm.o -lm -msys-lib=m
nios2-elf-insert freqyAnalyser.elf --thread_model hal --cpu_name nios2 --qsys true --simulation_enabled false --id 7 --sidp 0x430f0 --timestamp 1393900972 --stderr_dev jtag_uart --stdin_dev jtag_uart --stdout_dev jtag_uart --sopc_system_name nios2 --quartus_project_dir "H:/COMPSYS723/COMPSYS-723-Assignment-1/ffrequency_analyser" --sopcinfo H:/COMPSYS723/COMPSYS-723-Assignment-1/ffrequency_analyser/software/freqyAnalyser_bsp/../../nios2.sopcinfo
Info: (freqyAnalyser.elf) 633 KBytes program size (code + initialized data).
Info:                     130561 KBytes free for stack + heap.
Info: Creating freqyAnalyser.objdump
nios2-elf-objdump --disassemble --syms --all-header --source freqyAnalyser.elf >freqyAnalyser.objdump
[freqyAnalyser build complete]
18:35:01 **** Incremental Build of configuration Nios II for project freqyAnalyser ****
make all 
Info: Building ../freqyAnalyser_bsp/
C:/intelFPGA/18.1/nios2eds/bin/gnu/H-x86_64-mingw32/bin/make --no-print-directory -C ../freqyAnalyser_bsp/
[BSP build complete]
Info: Compiling main.c to obj/default/main.o
nios2-elf-gcc -xc -MP -MMD -c -I../freqyAnalyser_bsp//HAL/inc -I../freqyAnalyser_bsp/ -I../freqyAnalyser_bsp//drivers/inc  -pipe -D__hal__ -DALT_NO_INSTRUCTION_EMULATION -DALT_SINGLE_THREADED    -O0 -g -Wall   -mhw-div -mhw-mul -mno-hw-mulx -mgpopt=global  -o obj/default/main.o main.c
In file included from main.c:19:0:
main.c: In function 'stabilityMonitorTask':
FreeRTOS/queue.h:421:90: warning: passing argument 2 of 'xQueueGenericSend' discards 'volatile' qualifier from pointer target type [-Wdiscarded-qualifiers]
 #define xQueueSend( xQueue, pvItemToQueue, xTicksToWait ) xQueueGenericSend( ( xQueue ), ( pvItemToQueue ), ( xTicksToWait ), queueSEND_TO_BACK )
                                                                                          ^
main.c:101:13: note: in expansion of macro 'xQueueSend'
             xQueueSend(Q_freq_data, &frequency, pdFALSE);
             ^
FreeRTOS/queue.h:592:12: note: expected 'const void * const' but argument is of type 'volatile double *'
 BaseType_t xQueueGenericSend( QueueHandle_t xQueue, const void * const pvItemToQueue, TickType_t xTicksToWait, const BaseType_t xCopyPosition ) PRIVILEGED_FUNCTION;
            ^
main.c:95:13: warning: unused variable 'prev' [-Wunused-variable]
     uint8_t prev = stability_flag;
             ^
main.c: In function 'pollingSwitchsTask':
main.c:161:6: warning: unused variable 'led_output' [-Wunused-variable]
  int led_output = 0;
      ^
main.c: In function 'PRVGADraw_Task':
main.c:231:6: warning: operation on 'i' may be undefined [-Wsequence-point]
    i = ++i%100;
      ^
main.c: At top level:
main.c:296:6: warning: 'Timer_Reset_Task' defined but not used [-Wunused-function]
 void Timer_Reset_Task(void *pvParameters ){ //reset timer if any of the push button is pressed
      ^
Info: Linking freqyAnalyser.elf
nios2-elf-g++  -T'../freqyAnalyser_bsp//linker.x' -msys-crt0='../freqyAnalyser_bsp//obj/HAL/src/crt0.o' -msys-lib=hal_bsp -L../freqyAnalyser_bsp/   -Wl,-Map=freqyAnalyser.map   -O0 -g -Wall   -mhw-div -mhw-mul -mno-hw-mulx -mgpopt=global  -o freqyAnalyser.elf obj/default/FreeRTOS/croutine.o obj/default/FreeRTOS/event_groups.o obj/default/FreeRTOS/heap.o obj/default/FreeRTOS/list.o obj/default/FreeRTOS/port.o obj/default/FreeRTOS/queue.o obj/default/FreeRTOS/tasks.o obj/default/FreeRTOS/timers.o obj/default/main.o obj/default/FreeRTOS/port_asm.o -lm -msys-lib=m
nios2-elf-insert freqyAnalyser.elf --thread_model hal --cpu_name nios2 --qsys true --simulation_enabled false --id 7 --sidp 0x430f0 --timestamp 1393900972 --stderr_dev jtag_uart --stdin_dev jtag_uart --stdout_dev jtag_uart --sopc_system_name nios2 --quartus_project_dir "H:/COMPSYS723/COMPSYS-723-Assignment-1/ffrequency_analyser" --sopcinfo H:/COMPSYS723/COMPSYS-723-Assignment-1/ffrequency_analyser/software/freqyAnalyser_bsp/../../nios2.sopcinfo
Info: (freqyAnalyser.elf) 633 KBytes program size (code + initialized data).
Info:                     130561 KBytes free for stack + heap.
Info: Creating freqyAnalyser.objdump
nios2-elf-objdump --disassemble --syms --all-header --source freqyAnalyser.elf >freqyAnalyser.objdump
[freqyAnalyser build complete]
18:37:33 **** Incremental Build of configuration Nios II for project freqyAnalyser ****
make all 
Info: Building ../freqyAnalyser_bsp/
C:/intelFPGA/18.1/nios2eds/bin/gnu/H-x86_64-mingw32/bin/make --no-print-directory -C ../freqyAnalyser_bsp/
[BSP build complete]
Info: Compiling main.c to obj/default/main.o
nios2-elf-gcc -xc -MP -MMD -c -I../freqyAnalyser_bsp//HAL/inc -I../freqyAnalyser_bsp/ -I../freqyAnalyser_bsp//drivers/inc  -pipe -D__hal__ -DALT_NO_INSTRUCTION_EMULATION -DALT_SINGLE_THREADED    -O0 -g -Wall   -mhw-div -mhw-mul -mno-hw-mulx -mgpopt=global  -o obj/default/main.o main.c
In file included from main.c:19:0:
main.c: In function 'stabilityMonitorTask':
FreeRTOS/queue.h:421:90: warning: passing argument 2 of 'xQueueGenericSend' discards 'volatile' qualifier from pointer target type [-Wdiscarded-qualifiers]
 #define xQueueSend( xQueue, pvItemToQueue, xTicksToWait ) xQueueGenericSend( ( xQueue ), ( pvItemToQueue ), ( xTicksToWait ), queueSEND_TO_BACK )
                                                                                          ^
main.c:101:13: note: in expansion of macro 'xQueueSend'
             xQueueSend(Q_freq_data, &frequency, pdFALSE);
             ^
FreeRTOS/queue.h:592:12: note: expected 'const void * const' but argument is of type 'volatile double *'
 BaseType_t xQueueGenericSend( QueueHandle_t xQueue, const void * const pvItemToQueue, TickType_t xTicksToWait, const BaseType_t xCopyPosition ) PRIVILEGED_FUNCTION;
            ^
main.c:95:13: warning: unused variable 'prev' [-Wunused-variable]
     uint8_t prev = stability_flag;
             ^
main.c: In function 'pollingSwitchsTask':
main.c:162:6: warning: unused variable 'led_output' [-Wunused-variable]
  int led_output = 0;
      ^
main.c: In function 'PRVGADraw_Task':
main.c:232:6: warning: operation on 'i' may be undefined [-Wsequence-point]
    i = ++i%100;
      ^
main.c: At top level:
main.c:297:6: warning: 'Timer_Reset_Task' defined but not used [-Wunused-function]
 void Timer_Reset_Task(void *pvParameters ){ //reset timer if any of the push button is pressed
      ^
Info: Linking freqyAnalyser.elf
nios2-elf-g++  -T'../freqyAnalyser_bsp//linker.x' -msys-crt0='../freqyAnalyser_bsp//obj/HAL/src/crt0.o' -msys-lib=hal_bsp -L../freqyAnalyser_bsp/   -Wl,-Map=freqyAnalyser.map   -O0 -g -Wall   -mhw-div -mhw-mul -mno-hw-mulx -mgpopt=global  -o freqyAnalyser.elf obj/default/FreeRTOS/croutine.o obj/default/FreeRTOS/event_groups.o obj/default/FreeRTOS/heap.o obj/default/FreeRTOS/list.o obj/default/FreeRTOS/port.o obj/default/FreeRTOS/queue.o obj/default/FreeRTOS/tasks.o obj/default/FreeRTOS/timers.o obj/default/main.o obj/default/FreeRTOS/port_asm.o -lm -msys-lib=m
nios2-elf-insert freqyAnalyser.elf --thread_model hal --cpu_name nios2 --qsys true --simulation_enabled false --id 7 --sidp 0x430f0 --timestamp 1393900972 --stderr_dev jtag_uart --stdin_dev jtag_uart --stdout_dev jtag_uart --sopc_system_name nios2 --quartus_project_dir "H:/COMPSYS723/COMPSYS-723-Assignment-1/ffrequency_analyser" --sopcinfo H:/COMPSYS723/COMPSYS-723-Assignment-1/ffrequency_analyser/software/freqyAnalyser_bsp/../../nios2.sopcinfo
Info: (freqyAnalyser.elf) 633 KBytes program size (code + initialized data).
Info:                     130561 KBytes free for stack + heap.
Info: Creating freqyAnalyser.objdump
nios2-elf-objdump --disassemble --syms --all-header --source freqyAnalyser.elf >freqyAnalyser.objdump
[freqyAnalyser build complete]
18:39:43 **** Incremental Build of configuration Nios II for project freqyAnalyser ****
make all 
Info: Building ../freqyAnalyser_bsp/
C:/intelFPGA/18.1/nios2eds/bin/gnu/H-x86_64-mingw32/bin/make --no-print-directory -C ../freqyAnalyser_bsp/
[BSP build complete]
Info: Compiling main.c to obj/default/main.o
nios2-elf-gcc -xc -MP -MMD -c -I../freqyAnalyser_bsp//HAL/inc -I../freqyAnalyser_bsp/ -I../freqyAnalyser_bsp//drivers/inc  -pipe -D__hal__ -DALT_NO_INSTRUCTION_EMULATION -DALT_SINGLE_THREADED    -O0 -g -Wall   -mhw-div -mhw-mul -mno-hw-mulx -mgpopt=global  -o obj/default/main.o main.c
In file included from main.c:19:0:
main.c: In function 'stabilityMonitorTask':
FreeRTOS/queue.h:421:90: warning: passing argument 2 of 'xQueueGenericSend' discards 'volatile' qualifier from pointer target type [-Wdiscarded-qualifiers]
 #define xQueueSend( xQueue, pvItemToQueue, xTicksToWait ) xQueueGenericSend( ( xQueue ), ( pvItemToQueue ), ( xTicksToWait ), queueSEND_TO_BACK )
                                                                                          ^
main.c:101:13: note: in expansion of macro 'xQueueSend'
             xQueueSend(Q_freq_data, &frequency, pdFALSE);
             ^
FreeRTOS/queue.h:592:12: note: expected 'const void * const' but argument is of type 'volatile double *'
 BaseType_t xQueueGenericSend( QueueHandle_t xQueue, const void * const pvItemToQueue, TickType_t xTicksToWait, const BaseType_t xCopyPosition ) PRIVILEGED_FUNCTION;
            ^
main.c:103:20: warning: format '%i' expects argument of type 'int', but argument 2 has type 'double' [-Wformat=]
             printf("%i\n", frequency);
                    ^
main.c:103:20: warning: format '%i' expects argument of type 'int', but argument 2 has type 'double' [-Wformat=]
main.c:95:13: warning: unused variable 'prev' [-Wunused-variable]
     uint8_t prev = stability_flag;
             ^
main.c: In function 'pollingSwitchsTask':
main.c:165:6: warning: unused variable 'led_output' [-Wunused-variable]
  int led_output = 0;
      ^
main.c: In function 'PRVGADraw_Task':
main.c:235:6: warning: operation on 'i' may be undefined [-Wsequence-point]
    i = ++i%100;
      ^
main.c: At top level:
main.c:300:6: warning: 'Timer_Reset_Task' defined but not used [-Wunused-function]
 void Timer_Reset_Task(void *pvParameters ){ //reset timer if any of the push button is pressed
      ^
Info: Linking freqyAnalyser.elf
nios2-elf-g++  -T'../freqyAnalyser_bsp//linker.x' -msys-crt0='../freqyAnalyser_bsp//obj/HAL/src/crt0.o' -msys-lib=hal_bsp -L../freqyAnalyser_bsp/   -Wl,-Map=freqyAnalyser.map   -O0 -g -Wall   -mhw-div -mhw-mul -mno-hw-mulx -mgpopt=global  -o freqyAnalyser.elf obj/default/FreeRTOS/croutine.o obj/default/FreeRTOS/event_groups.o obj/default/FreeRTOS/heap.o obj/default/FreeRTOS/list.o obj/default/FreeRTOS/port.o obj/default/FreeRTOS/queue.o obj/default/FreeRTOS/tasks.o obj/default/FreeRTOS/timers.o obj/default/main.o obj/default/FreeRTOS/port_asm.o -lm -msys-lib=m
nios2-elf-insert freqyAnalyser.elf --thread_model hal --cpu_name nios2 --qsys true --simulation_enabled false --id 7 --sidp 0x430f0 --timestamp 1393900972 --stderr_dev jtag_uart --stdin_dev jtag_uart --stdout_dev jtag_uart --sopc_system_name nios2 --quartus_project_dir "H:/COMPSYS723/COMPSYS-723-Assignment-1/ffrequency_analyser" --sopcinfo H:/COMPSYS723/COMPSYS-723-Assignment-1/ffrequency_analyser/software/freqyAnalyser_bsp/../../nios2.sopcinfo
Info: (freqyAnalyser.elf) 633 KBytes program size (code + initialized data).
Info:                     130561 KBytes free for stack + heap.
Info: Creating freqyAnalyser.objdump
nios2-elf-objdump --disassemble --syms --all-header --source freqyAnalyser.elf >freqyAnalyser.objdump
[freqyAnalyser build complete]
18:40:07 **** Incremental Build of configuration Nios II for project freqyAnalyser ****
make all 
Info: Building ../freqyAnalyser_bsp/
C:/intelFPGA/18.1/nios2eds/bin/gnu/H-x86_64-mingw32/bin/make --no-print-directory -C ../freqyAnalyser_bsp/
[BSP build complete]
Info: Compiling main.c to obj/default/main.o
nios2-elf-gcc -xc -MP -MMD -c -I../freqyAnalyser_bsp//HAL/inc -I../freqyAnalyser_bsp/ -I../freqyAnalyser_bsp//drivers/inc  -pipe -D__hal__ -DALT_NO_INSTRUCTION_EMULATION -DALT_SINGLE_THREADED    -O0 -g -Wall   -mhw-div -mhw-mul -mno-hw-mulx -mgpopt=global  -o obj/default/main.o main.c
In file included from main.c:19:0:
main.c: In function 'stabilityMonitorTask':
FreeRTOS/queue.h:421:90: warning: passing argument 2 of 'xQueueGenericSend' discards 'volatile' qualifier from pointer target type [-Wdiscarded-qualifiers]
 #define xQueueSend( xQueue, pvItemToQueue, xTicksToWait ) xQueueGenericSend( ( xQueue ), ( pvItemToQueue ), ( xTicksToWait ), queueSEND_TO_BACK )
                                                                                          ^
main.c:101:13: note: in expansion of macro 'xQueueSend'
             xQueueSend(Q_freq_data, &frequency, pdFALSE);
             ^
FreeRTOS/queue.h:592:12: note: expected 'const void * const' but argument is of type 'volatile double *'
 BaseType_t xQueueGenericSend( QueueHandle_t xQueue, const void * const pvItemToQueue, TickType_t xTicksToWait, const BaseType_t xCopyPosition ) PRIVILEGED_FUNCTION;
            ^
main.c:95:13: warning: unused variable 'prev' [-Wunused-variable]
     uint8_t prev = stability_flag;
             ^
main.c: In function 'pollingSwitchsTask':
main.c:165:6: warning: unused variable 'led_output' [-Wunused-variable]
  int led_output = 0;
      ^
main.c: In function 'PRVGADraw_Task':
main.c:235:6: warning: operation on 'i' may be undefined [-Wsequence-point]
    i = ++i%100;
      ^
main.c: At top level:
main.c:300:6: warning: 'Timer_Reset_Task' defined but not used [-Wunused-function]
 void Timer_Reset_Task(void *pvParameters ){ //reset timer if any of the push button is pressed
      ^
Info: Linking freqyAnalyser.elf
nios2-elf-g++  -T'../freqyAnalyser_bsp//linker.x' -msys-crt0='../freqyAnalyser_bsp//obj/HAL/src/crt0.o' -msys-lib=hal_bsp -L../freqyAnalyser_bsp/   -Wl,-Map=freqyAnalyser.map   -O0 -g -Wall   -mhw-div -mhw-mul -mno-hw-mulx -mgpopt=global  -o freqyAnalyser.elf obj/default/FreeRTOS/croutine.o obj/default/FreeRTOS/event_groups.o obj/default/FreeRTOS/heap.o obj/default/FreeRTOS/list.o obj/default/FreeRTOS/port.o obj/default/FreeRTOS/queue.o obj/default/FreeRTOS/tasks.o obj/default/FreeRTOS/timers.o obj/default/main.o obj/default/FreeRTOS/port_asm.o -lm -msys-lib=m
nios2-elf-insert freqyAnalyser.elf --thread_model hal --cpu_name nios2 --qsys true --simulation_enabled false --id 7 --sidp 0x430f0 --timestamp 1393900972 --stderr_dev jtag_uart --stdin_dev jtag_uart --stdout_dev jtag_uart --sopc_system_name nios2 --quartus_project_dir "H:/COMPSYS723/COMPSYS-723-Assignment-1/ffrequency_analyser" --sopcinfo H:/COMPSYS723/COMPSYS-723-Assignment-1/ffrequency_analyser/software/freqyAnalyser_bsp/../../nios2.sopcinfo
Info: (freqyAnalyser.elf) 633 KBytes program size (code + initialized data).
Info:                     130561 KBytes free for stack + heap.
Info: Creating freqyAnalyser.objdump
nios2-elf-objdump --disassemble --syms --all-header --source freqyAnalyser.elf >freqyAnalyser.objdump
[freqyAnalyser build complete]
18:40:57 **** Incremental Build of configuration Nios II for project freqyAnalyser ****
make all 
Info: Building ../freqyAnalyser_bsp/
C:/intelFPGA/18.1/nios2eds/bin/gnu/H-x86_64-mingw32/bin/make --no-print-directory -C ../freqyAnalyser_bsp/
[BSP build complete]
Info: Compiling main.c to obj/default/main.o
nios2-elf-gcc -xc -MP -MMD -c -I../freqyAnalyser_bsp//HAL/inc -I../freqyAnalyser_bsp/ -I../freqyAnalyser_bsp//drivers/inc  -pipe -D__hal__ -DALT_NO_INSTRUCTION_EMULATION -DALT_SINGLE_THREADED    -O0 -g -Wall   -mhw-div -mhw-mul -mno-hw-mulx -mgpopt=global  -o obj/default/main.o main.c
In file included from main.c:19:0:
main.c: In function 'stabilityMonitorTask':
FreeRTOS/queue.h:421:90: warning: passing argument 2 of 'xQueueGenericSend' discards 'volatile' qualifier from pointer target type [-Wdiscarded-qualifiers]
 #define xQueueSend( xQueue, pvItemToQueue, xTicksToWait ) xQueueGenericSend( ( xQueue ), ( pvItemToQueue ), ( xTicksToWait ), queueSEND_TO_BACK )
                                                                                          ^
main.c:101:13: note: in expansion of macro 'xQueueSend'
             xQueueSend(Q_freq_data, &frequency, pdFALSE);
             ^
FreeRTOS/queue.h:592:12: note: expected 'const void * const' but argument is of type 'volatile double *'
 BaseType_t xQueueGenericSend( QueueHandle_t xQueue, const void * const pvItemToQueue, TickType_t xTicksToWait, const BaseType_t xCopyPosition ) PRIVILEGED_FUNCTION;
            ^
main.c:95:13: warning: unused variable 'prev' [-Wunused-variable]
     uint8_t prev = stability_flag;
             ^
main.c: In function 'pollingSwitchsTask':
main.c:167:6: warning: unused variable 'led_output' [-Wunused-variable]
  int led_output = 0;
      ^
main.c: In function 'PRVGADraw_Task':
main.c:237:6: warning: operation on 'i' may be undefined [-Wsequence-point]
    i = ++i%100;
      ^
main.c: At top level:
main.c:302:6: warning: 'Timer_Reset_Task' defined but not used [-Wunused-function]
 void Timer_Reset_Task(void *pvParameters ){ //reset timer if any of the push button is pressed
      ^
Info: Linking freqyAnalyser.elf
nios2-elf-g++  -T'../freqyAnalyser_bsp//linker.x' -msys-crt0='../freqyAnalyser_bsp//obj/HAL/src/crt0.o' -msys-lib=hal_bsp -L../freqyAnalyser_bsp/   -Wl,-Map=freqyAnalyser.map   -O0 -g -Wall   -mhw-div -mhw-mul -mno-hw-mulx -mgpopt=global  -o freqyAnalyser.elf obj/default/FreeRTOS/croutine.o obj/default/FreeRTOS/event_groups.o obj/default/FreeRTOS/heap.o obj/default/FreeRTOS/list.o obj/default/FreeRTOS/port.o obj/default/FreeRTOS/queue.o obj/default/FreeRTOS/tasks.o obj/default/FreeRTOS/timers.o obj/default/main.o obj/default/FreeRTOS/port_asm.o -lm -msys-lib=m
nios2-elf-insert freqyAnalyser.elf --thread_model hal --cpu_name nios2 --qsys true --simulation_enabled false --id 7 --sidp 0x430f0 --timestamp 1393900972 --stderr_dev jtag_uart --stdin_dev jtag_uart --stdout_dev jtag_uart --sopc_system_name nios2 --quartus_project_dir "H:/COMPSYS723/COMPSYS-723-Assignment-1/ffrequency_analyser" --sopcinfo H:/COMPSYS723/COMPSYS-723-Assignment-1/ffrequency_analyser/software/freqyAnalyser_bsp/../../nios2.sopcinfo
Info: (freqyAnalyser.elf) 633 KBytes program size (code + initialized data).
Info:                     130561 KBytes free for stack + heap.
Info: Creating freqyAnalyser.objdump
nios2-elf-objdump --disassemble --syms --all-header --source freqyAnalyser.elf >freqyAnalyser.objdump
[freqyAnalyser build complete]
18:41:17 **** Incremental Build of configuration Nios II for project freqyAnalyser ****
make all 
Info: Building ../freqyAnalyser_bsp/
C:/intelFPGA/18.1/nios2eds/bin/gnu/H-x86_64-mingw32/bin/make --no-print-directory -C ../freqyAnalyser_bsp/
[BSP build complete]
Info: Compiling main.c to obj/default/main.o
nios2-elf-gcc -xc -MP -MMD -c -I../freqyAnalyser_bsp//HAL/inc -I../freqyAnalyser_bsp/ -I../freqyAnalyser_bsp//drivers/inc  -pipe -D__hal__ -DALT_NO_INSTRUCTION_EMULATION -DALT_SINGLE_THREADED    -O0 -g -Wall   -mhw-div -mhw-mul -mno-hw-mulx -mgpopt=global  -o obj/default/main.o main.c
In file included from main.c:19:0:
main.c: In function 'stabilityMonitorTask':
FreeRTOS/queue.h:421:90: warning: passing argument 2 of 'xQueueGenericSend' discards 'volatile' qualifier from pointer target type [-Wdiscarded-qualifiers]
 #define xQueueSend( xQueue, pvItemToQueue, xTicksToWait ) xQueueGenericSend( ( xQueue ), ( pvItemToQueue ), ( xTicksToWait ), queueSEND_TO_BACK )
                                                                                          ^
main.c:101:13: note: in expansion of macro 'xQueueSend'
             xQueueSend(Q_freq_data, &frequency, pdFALSE);
             ^
FreeRTOS/queue.h:592:12: note: expected 'const void * const' but argument is of type 'volatile double *'
 BaseType_t xQueueGenericSend( QueueHandle_t xQueue, const void * const pvItemToQueue, TickType_t xTicksToWait, const BaseType_t xCopyPosition ) PRIVILEGED_FUNCTION;
            ^
main.c:95:13: warning: unused variable 'prev' [-Wunused-variable]
     uint8_t prev = stability_flag;
             ^
main.c: In function 'pollingSwitchsTask':
main.c:167:6: warning: unused variable 'led_output' [-Wunused-variable]
  int led_output = 0;
      ^
main.c: In function 'PRVGADraw_Task':
main.c:237:6: warning: operation on 'i' may be undefined [-Wsequence-point]
    i = ++i%100;
      ^
main.c: At top level:
main.c:302:6: warning: 'Timer_Reset_Task' defined but not used [-Wunused-function]
 void Timer_Reset_Task(void *pvParameters ){ //reset timer if any of the push button is pressed
      ^
Info: Linking freqyAnalyser.elf
nios2-elf-g++  -T'../freqyAnalyser_bsp//linker.x' -msys-crt0='../freqyAnalyser_bsp//obj/HAL/src/crt0.o' -msys-lib=hal_bsp -L../freqyAnalyser_bsp/   -Wl,-Map=freqyAnalyser.map   -O0 -g -Wall   -mhw-div -mhw-mul -mno-hw-mulx -mgpopt=global  -o freqyAnalyser.elf obj/default/FreeRTOS/croutine.o obj/default/FreeRTOS/event_groups.o obj/default/FreeRTOS/heap.o obj/default/FreeRTOS/list.o obj/default/FreeRTOS/port.o obj/default/FreeRTOS/queue.o obj/default/FreeRTOS/tasks.o obj/default/FreeRTOS/timers.o obj/default/main.o obj/default/FreeRTOS/port_asm.o -lm -msys-lib=m
nios2-elf-insert freqyAnalyser.elf --thread_model hal --cpu_name nios2 --qsys true --simulation_enabled false --id 7 --sidp 0x430f0 --timestamp 1393900972 --stderr_dev jtag_uart --stdin_dev jtag_uart --stdout_dev jtag_uart --sopc_system_name nios2 --quartus_project_dir "H:/COMPSYS723/COMPSYS-723-Assignment-1/ffrequency_analyser" --sopcinfo H:/COMPSYS723/COMPSYS-723-Assignment-1/ffrequency_analyser/software/freqyAnalyser_bsp/../../nios2.sopcinfo
Info: (freqyAnalyser.elf) 633 KBytes program size (code + initialized data).
Info:                     130561 KBytes free for stack + heap.
Info: Creating freqyAnalyser.objdump
nios2-elf-objdump --disassemble --syms --all-header --source freqyAnalyser.elf >freqyAnalyser.objdump
[freqyAnalyser build complete]
18:41:52 **** Incremental Build of configuration Nios II for project freqyAnalyser ****
make all 
Info: Building ../freqyAnalyser_bsp/
C:/intelFPGA/18.1/nios2eds/bin/gnu/H-x86_64-mingw32/bin/make --no-print-directory -C ../freqyAnalyser_bsp/
[BSP build complete]
Info: Compiling main.c to obj/default/main.o
nios2-elf-gcc -xc -MP -MMD -c -I../freqyAnalyser_bsp//HAL/inc -I../freqyAnalyser_bsp/ -I../freqyAnalyser_bsp//drivers/inc  -pipe -D__hal__ -DALT_NO_INSTRUCTION_EMULATION -DALT_SINGLE_THREADED    -O0 -g -Wall   -mhw-div -mhw-mul -mno-hw-mulx -mgpopt=global  -o obj/default/main.o main.c
In file included from main.c:19:0:
main.c: In function 'stabilityMonitorTask':
FreeRTOS/queue.h:421:90: warning: passing argument 2 of 'xQueueGenericSend' discards 'volatile' qualifier from pointer target type [-Wdiscarded-qualifiers]
 #define xQueueSend( xQueue, pvItemToQueue, xTicksToWait ) xQueueGenericSend( ( xQueue ), ( pvItemToQueue ), ( xTicksToWait ), queueSEND_TO_BACK )
                                                                                          ^
main.c:101:13: note: in expansion of macro 'xQueueSend'
             xQueueSend(Q_freq_data, &frequency, pdFALSE);
             ^
FreeRTOS/queue.h:592:12: note: expected 'const void * const' but argument is of type 'volatile double *'
 BaseType_t xQueueGenericSend( QueueHandle_t xQueue, const void * const pvItemToQueue, TickType_t xTicksToWait, const BaseType_t xCopyPosition ) PRIVILEGED_FUNCTION;
            ^
main.c:95:13: warning: unused variable 'prev' [-Wunused-variable]
     uint8_t prev = stability_flag;
             ^
main.c: In function 'pollingSwitchsTask':
main.c:167:6: warning: unused variable 'led_output' [-Wunused-variable]
  int led_output = 0;
      ^
main.c: In function 'PRVGADraw_Task':
main.c:237:6: warning: operation on 'i' may be undefined [-Wsequence-point]
    i = ++i%100;
      ^
main.c: At top level:
main.c:302:6: warning: 'Timer_Reset_Task' defined but not used [-Wunused-function]
 void Timer_Reset_Task(void *pvParameters ){ //reset timer if any of the push button is pressed
      ^
Info: Linking freqyAnalyser.elf
nios2-elf-g++  -T'../freqyAnalyser_bsp//linker.x' -msys-crt0='../freqyAnalyser_bsp//obj/HAL/src/crt0.o' -msys-lib=hal_bsp -L../freqyAnalyser_bsp/   -Wl,-Map=freqyAnalyser.map   -O0 -g -Wall   -mhw-div -mhw-mul -mno-hw-mulx -mgpopt=global  -o freqyAnalyser.elf obj/default/FreeRTOS/croutine.o obj/default/FreeRTOS/event_groups.o obj/default/FreeRTOS/heap.o obj/default/FreeRTOS/list.o obj/default/FreeRTOS/port.o obj/default/FreeRTOS/queue.o obj/default/FreeRTOS/tasks.o obj/default/FreeRTOS/timers.o obj/default/main.o obj/default/FreeRTOS/port_asm.o -lm -msys-lib=m
nios2-elf-insert freqyAnalyser.elf --thread_model hal --cpu_name nios2 --qsys true --simulation_enabled false --id 7 --sidp 0x430f0 --timestamp 1393900972 --stderr_dev jtag_uart --stdin_dev jtag_uart --stdout_dev jtag_uart --sopc_system_name nios2 --quartus_project_dir "H:/COMPSYS723/COMPSYS-723-Assignment-1/ffrequency_analyser" --sopcinfo H:/COMPSYS723/COMPSYS-723-Assignment-1/ffrequency_analyser/software/freqyAnalyser_bsp/../../nios2.sopcinfo
Info: (freqyAnalyser.elf) 633 KBytes program size (code + initialized data).
Info:                     130561 KBytes free for stack + heap.
Info: Creating freqyAnalyser.objdump
nios2-elf-objdump --disassemble --syms --all-header --source freqyAnalyser.elf >freqyAnalyser.objdump
[freqyAnalyser build complete]
18:42:15 **** Incremental Build of configuration Nios II for project freqyAnalyser ****
make all 
Info: Building ../freqyAnalyser_bsp/
C:/intelFPGA/18.1/nios2eds/bin/gnu/H-x86_64-mingw32/bin/make --no-print-directory -C ../freqyAnalyser_bsp/
[BSP build complete]
[freqyAnalyser build complete]
18:42:53 **** Incremental Build of configuration Nios II for project freqyAnalyser ****
make all 
Info: Building ../freqyAnalyser_bsp/
C:/intelFPGA/18.1/nios2eds/bin/gnu/H-x86_64-mingw32/bin/make --no-print-directory -C ../freqyAnalyser_bsp/
[BSP build complete]
Info: Compiling main.c to obj/default/main.o
nios2-elf-gcc -xc -MP -MMD -c -I../freqyAnalyser_bsp//HAL/inc -I../freqyAnalyser_bsp/ -I../freqyAnalyser_bsp//drivers/inc  -pipe -D__hal__ -DALT_NO_INSTRUCTION_EMULATION -DALT_SINGLE_THREADED    -O0 -g -Wall   -mhw-div -mhw-mul -mno-hw-mulx -mgpopt=global  -o obj/default/main.o main.c
In file included from main.c:19:0:
main.c: In function 'stabilityMonitorTask':
FreeRTOS/queue.h:421:90: warning: passing argument 2 of 'xQueueGenericSend' discards 'volatile' qualifier from pointer target type [-Wdiscarded-qualifiers]
 #define xQueueSend( xQueue, pvItemToQueue, xTicksToWait ) xQueueGenericSend( ( xQueue ), ( pvItemToQueue ), ( xTicksToWait ), queueSEND_TO_BACK )
                                                                                          ^
main.c:101:13: note: in expansion of macro 'xQueueSend'
             xQueueSend(Q_freq_data, &frequency, pdFALSE);
             ^
FreeRTOS/queue.h:592:12: note: expected 'const void * const' but argument is of type 'volatile double *'
 BaseType_t xQueueGenericSend( QueueHandle_t xQueue, const void * const pvItemToQueue, TickType_t xTicksToWait, const BaseType_t xCopyPosition ) PRIVILEGED_FUNCTION;
            ^
main.c:95:13: warning: unused variable 'prev' [-Wunused-variable]
     uint8_t prev = stability_flag;
             ^
main.c: In function 'pollingSwitchsTask':
main.c:166:6: warning: unused variable 'led_output' [-Wunused-variable]
  int led_output = 0;
      ^
main.c: In function 'PRVGADraw_Task':
main.c:236:6: warning: operation on 'i' may be undefined [-Wsequence-point]
    i = ++i%100;
      ^
main.c: At top level:
main.c:301:6: warning: 'Timer_Reset_Task' defined but not used [-Wunused-function]
 void Timer_Reset_Task(void *pvParameters ){ //reset timer if any of the push button is pressed
      ^
Info: Linking freqyAnalyser.elf
nios2-elf-g++  -T'../freqyAnalyser_bsp//linker.x' -msys-crt0='../freqyAnalyser_bsp//obj/HAL/src/crt0.o' -msys-lib=hal_bsp -L../freqyAnalyser_bsp/   -Wl,-Map=freqyAnalyser.map   -O0 -g -Wall   -mhw-div -mhw-mul -mno-hw-mulx -mgpopt=global  -o freqyAnalyser.elf obj/default/FreeRTOS/croutine.o obj/default/FreeRTOS/event_groups.o obj/default/FreeRTOS/heap.o obj/default/FreeRTOS/list.o obj/default/FreeRTOS/port.o obj/default/FreeRTOS/queue.o obj/default/FreeRTOS/tasks.o obj/default/FreeRTOS/timers.o obj/default/main.o obj/default/FreeRTOS/port_asm.o -lm -msys-lib=m
nios2-elf-insert freqyAnalyser.elf --thread_model hal --cpu_name nios2 --qsys true --simulation_enabled false --id 7 --sidp 0x430f0 --timestamp 1393900972 --stderr_dev jtag_uart --stdin_dev jtag_uart --stdout_dev jtag_uart --sopc_system_name nios2 --quartus_project_dir "H:/COMPSYS723/COMPSYS-723-Assignment-1/ffrequency_analyser" --sopcinfo H:/COMPSYS723/COMPSYS-723-Assignment-1/ffrequency_analyser/software/freqyAnalyser_bsp/../../nios2.sopcinfo
Info: (freqyAnalyser.elf) 633 KBytes program size (code + initialized data).
Info:                     130561 KBytes free for stack + heap.
Info: Creating freqyAnalyser.objdump
nios2-elf-objdump --disassemble --syms --all-header --source freqyAnalyser.elf >freqyAnalyser.objdump
[freqyAnalyser build complete]
18:43:22 **** Incremental Build of configuration Nios II for project freqyAnalyser ****
make all 
Info: Building ../freqyAnalyser_bsp/
C:/intelFPGA/18.1/nios2eds/bin/gnu/H-x86_64-mingw32/bin/make --no-print-directory -C ../freqyAnalyser_bsp/
[BSP build complete]
Info: Compiling main.c to obj/default/main.o
nios2-elf-gcc -xc -MP -MMD -c -I../freqyAnalyser_bsp//HAL/inc -I../freqyAnalyser_bsp/ -I../freqyAnalyser_bsp//drivers/inc  -pipe -D__hal__ -DALT_NO_INSTRUCTION_EMULATION -DALT_SINGLE_THREADED    -O0 -g -Wall   -mhw-div -mhw-mul -mno-hw-mulx -mgpopt=global  -o obj/default/main.o main.c
In file included from main.c:19:0:
main.c: In function 'stabilityMonitorTask':
FreeRTOS/queue.h:421:90: warning: passing argument 2 of 'xQueueGenericSend' discards 'volatile' qualifier from pointer target type [-Wdiscarded-qualifiers]
 #define xQueueSend( xQueue, pvItemToQueue, xTicksToWait ) xQueueGenericSend( ( xQueue ), ( pvItemToQueue ), ( xTicksToWait ), queueSEND_TO_BACK )
                                                                                          ^
main.c:101:13: note: in expansion of macro 'xQueueSend'
             xQueueSend(Q_freq_data, &frequency, pdFALSE);
             ^
FreeRTOS/queue.h:592:12: note: expected 'const void * const' but argument is of type 'volatile double *'
 BaseType_t xQueueGenericSend( QueueHandle_t xQueue, const void * const pvItemToQueue, TickType_t xTicksToWait, const BaseType_t xCopyPosition ) PRIVILEGED_FUNCTION;
            ^
main.c:95:13: warning: unused variable 'prev' [-Wunused-variable]
     uint8_t prev = stability_flag;
             ^
main.c: In function 'pollingSwitchsTask':
main.c:166:6: warning: unused variable 'led_output' [-Wunused-variable]
  int led_output = 0;
      ^
main.c: In function 'PRVGADraw_Task':
main.c:236:6: warning: operation on 'i' may be undefined [-Wsequence-point]
    i = ++i%100;
      ^
main.c: At top level:
main.c:301:6: warning: 'Timer_Reset_Task' defined but not used [-Wunused-function]
 void Timer_Reset_Task(void *pvParameters ){ //reset timer if any of the push button is pressed
      ^
Info: Linking freqyAnalyser.elf
nios2-elf-g++  -T'../freqyAnalyser_bsp//linker.x' -msys-crt0='../freqyAnalyser_bsp//obj/HAL/src/crt0.o' -msys-lib=hal_bsp -L../freqyAnalyser_bsp/   -Wl,-Map=freqyAnalyser.map   -O0 -g -Wall   -mhw-div -mhw-mul -mno-hw-mulx -mgpopt=global  -o freqyAnalyser.elf obj/default/FreeRTOS/croutine.o obj/default/FreeRTOS/event_groups.o obj/default/FreeRTOS/heap.o obj/default/FreeRTOS/list.o obj/default/FreeRTOS/port.o obj/default/FreeRTOS/queue.o obj/default/FreeRTOS/tasks.o obj/default/FreeRTOS/timers.o obj/default/main.o obj/default/FreeRTOS/port_asm.o -lm -msys-lib=m
nios2-elf-insert freqyAnalyser.elf --thread_model hal --cpu_name nios2 --qsys true --simulation_enabled false --id 7 --sidp 0x430f0 --timestamp 1393900972 --stderr_dev jtag_uart --stdin_dev jtag_uart --stdout_dev jtag_uart --sopc_system_name nios2 --quartus_project_dir "H:/COMPSYS723/COMPSYS-723-Assignment-1/ffrequency_analyser" --sopcinfo H:/COMPSYS723/COMPSYS-723-Assignment-1/ffrequency_analyser/software/freqyAnalyser_bsp/../../nios2.sopcinfo
Info: (freqyAnalyser.elf) 633 KBytes program size (code + initialized data).
Info:                     130561 KBytes free for stack + heap.
Info: Creating freqyAnalyser.objdump
nios2-elf-objdump --disassemble --syms --all-header --source freqyAnalyser.elf >freqyAnalyser.objdump
[freqyAnalyser build complete]
18:44:18 **** Incremental Build of configuration Nios II for project freqyAnalyser ****
make all 
Info: Building ../freqyAnalyser_bsp/
C:/intelFPGA/18.1/nios2eds/bin/gnu/H-x86_64-mingw32/bin/make --no-print-directory -C ../freqyAnalyser_bsp/
[BSP build complete]
Info: Compiling main.c to obj/default/main.o
nios2-elf-gcc -xc -MP -MMD -c -I../freqyAnalyser_bsp//HAL/inc -I../freqyAnalyser_bsp/ -I../freqyAnalyser_bsp//drivers/inc  -pipe -D__hal__ -DALT_NO_INSTRUCTION_EMULATION -DALT_SINGLE_THREADED    -O0 -g -Wall   -mhw-div -mhw-mul -mno-hw-mulx -mgpopt=global  -o obj/default/main.o main.c
In file included from main.c:19:0:
main.c: In function 'stabilityMonitorTask':
FreeRTOS/queue.h:421:90: warning: passing argument 2 of 'xQueueGenericSend' discards 'volatile' qualifier from pointer target type [-Wdiscarded-qualifiers]
 #define xQueueSend( xQueue, pvItemToQueue, xTicksToWait ) xQueueGenericSend( ( xQueue ), ( pvItemToQueue ), ( xTicksToWait ), queueSEND_TO_BACK )
                                                                                          ^
main.c:101:13: note: in expansion of macro 'xQueueSend'
             xQueueSend(Q_freq_data, &frequency, pdFALSE);
             ^
FreeRTOS/queue.h:592:12: note: expected 'const void * const' but argument is of type 'volatile double *'
 BaseType_t xQueueGenericSend( QueueHandle_t xQueue, const void * const pvItemToQueue, TickType_t xTicksToWait, const BaseType_t xCopyPosition ) PRIVILEGED_FUNCTION;
            ^
main.c:95:13: warning: unused variable 'prev' [-Wunused-variable]
     uint8_t prev = stability_flag;
             ^
main.c: In function 'pollingSwitchsTask':
main.c:166:6: warning: unused variable 'led_output' [-Wunused-variable]
  int led_output = 0;
      ^
main.c: In function 'PRVGADraw_Task':
main.c:236:6: warning: operation on 'i' may be undefined [-Wsequence-point]
    i = ++i%100;
      ^
main.c: At top level:
main.c:301:6: warning: 'Timer_Reset_Task' defined but not used [-Wunused-function]
 void Timer_Reset_Task(void *pvParameters ){ //reset timer if any of the push button is pressed
      ^
Info: Linking freqyAnalyser.elf
nios2-elf-g++  -T'../freqyAnalyser_bsp//linker.x' -msys-crt0='../freqyAnalyser_bsp//obj/HAL/src/crt0.o' -msys-lib=hal_bsp -L../freqyAnalyser_bsp/   -Wl,-Map=freqyAnalyser.map   -O0 -g -Wall   -mhw-div -mhw-mul -mno-hw-mulx -mgpopt=global  -o freqyAnalyser.elf obj/default/FreeRTOS/croutine.o obj/default/FreeRTOS/event_groups.o obj/default/FreeRTOS/heap.o obj/default/FreeRTOS/list.o obj/default/FreeRTOS/port.o obj/default/FreeRTOS/queue.o obj/default/FreeRTOS/tasks.o obj/default/FreeRTOS/timers.o obj/default/main.o obj/default/FreeRTOS/port_asm.o -lm -msys-lib=m
nios2-elf-insert freqyAnalyser.elf --thread_model hal --cpu_name nios2 --qsys true --simulation_enabled false --id 7 --sidp 0x430f0 --timestamp 1393900972 --stderr_dev jtag_uart --stdin_dev jtag_uart --stdout_dev jtag_uart --sopc_system_name nios2 --quartus_project_dir "H:/COMPSYS723/COMPSYS-723-Assignment-1/ffrequency_analyser" --sopcinfo H:/COMPSYS723/COMPSYS-723-Assignment-1/ffrequency_analyser/software/freqyAnalyser_bsp/../../nios2.sopcinfo
Info: (freqyAnalyser.elf) 633 KBytes program size (code + initialized data).
Info:                     130561 KBytes free for stack + heap.
Info: Creating freqyAnalyser.objdump
nios2-elf-objdump --disassemble --syms --all-header --source freqyAnalyser.elf >freqyAnalyser.objdump
[freqyAnalyser build complete]
18:44:36 **** Incremental Build of configuration Nios II for project freqyAnalyser ****
make all 
Info: Building ../freqyAnalyser_bsp/
C:/intelFPGA/18.1/nios2eds/bin/gnu/H-x86_64-mingw32/bin/make --no-print-directory -C ../freqyAnalyser_bsp/
[BSP build complete]
Info: Compiling main.c to obj/default/main.o
nios2-elf-gcc -xc -MP -MMD -c -I../freqyAnalyser_bsp//HAL/inc -I../freqyAnalyser_bsp/ -I../freqyAnalyser_bsp//drivers/inc  -pipe -D__hal__ -DALT_NO_INSTRUCTION_EMULATION -DALT_SINGLE_THREADED    -O0 -g -Wall   -mhw-div -mhw-mul -mno-hw-mulx -mgpopt=global  -o obj/default/main.o main.c
In file included from main.c:19:0:
main.c: In function 'stabilityMonitorTask':
FreeRTOS/queue.h:421:90: warning: passing argument 2 of 'xQueueGenericSend' discards 'volatile' qualifier from pointer target type [-Wdiscarded-qualifiers]
 #define xQueueSend( xQueue, pvItemToQueue, xTicksToWait ) xQueueGenericSend( ( xQueue ), ( pvItemToQueue ), ( xTicksToWait ), queueSEND_TO_BACK )
                                                                                          ^
main.c:101:13: note: in expansion of macro 'xQueueSend'
             xQueueSend(Q_freq_data, &frequency, pdFALSE);
             ^
FreeRTOS/queue.h:592:12: note: expected 'const void * const' but argument is of type 'volatile double *'
 BaseType_t xQueueGenericSend( QueueHandle_t xQueue, const void * const pvItemToQueue, TickType_t xTicksToWait, const BaseType_t xCopyPosition ) PRIVILEGED_FUNCTION;
            ^
main.c:95:13: warning: unused variable 'prev' [-Wunused-variable]
     uint8_t prev = stability_flag;
             ^
main.c: In function 'pollingSwitchsTask':
main.c:166:6: warning: unused variable 'led_output' [-Wunused-variable]
  int led_output = 0;
      ^
main.c: In function 'PRVGADraw_Task':
main.c:236:6: warning: operation on 'i' may be undefined [-Wsequence-point]
    i = ++i%100;
      ^
main.c: At top level:
main.c:301:6: warning: 'Timer_Reset_Task' defined but not used [-Wunused-function]
 void Timer_Reset_Task(void *pvParameters ){ //reset timer if any of the push button is pressed
      ^
Info: Linking freqyAnalyser.elf
nios2-elf-g++  -T'../freqyAnalyser_bsp//linker.x' -msys-crt0='../freqyAnalyser_bsp//obj/HAL/src/crt0.o' -msys-lib=hal_bsp -L../freqyAnalyser_bsp/   -Wl,-Map=freqyAnalyser.map   -O0 -g -Wall   -mhw-div -mhw-mul -mno-hw-mulx -mgpopt=global  -o freqyAnalyser.elf obj/default/FreeRTOS/croutine.o obj/default/FreeRTOS/event_groups.o obj/default/FreeRTOS/heap.o obj/default/FreeRTOS/list.o obj/default/FreeRTOS/port.o obj/default/FreeRTOS/queue.o obj/default/FreeRTOS/tasks.o obj/default/FreeRTOS/timers.o obj/default/main.o obj/default/FreeRTOS/port_asm.o -lm -msys-lib=m
nios2-elf-insert freqyAnalyser.elf --thread_model hal --cpu_name nios2 --qsys true --simulation_enabled false --id 7 --sidp 0x430f0 --timestamp 1393900972 --stderr_dev jtag_uart --stdin_dev jtag_uart --stdout_dev jtag_uart --sopc_system_name nios2 --quartus_project_dir "H:/COMPSYS723/COMPSYS-723-Assignment-1/ffrequency_analyser" --sopcinfo H:/COMPSYS723/COMPSYS-723-Assignment-1/ffrequency_analyser/software/freqyAnalyser_bsp/../../nios2.sopcinfo
Info: (freqyAnalyser.elf) 633 KBytes program size (code + initialized data).
Info:                     130561 KBytes free for stack + heap.
Info: Creating freqyAnalyser.objdump
nios2-elf-objdump --disassemble --syms --all-header --source freqyAnalyser.elf >freqyAnalyser.objdump
[freqyAnalyser build complete]
18:45:29 **** Incremental Build of configuration Nios II for project freqyAnalyser ****
make all 
Info: Building ../freqyAnalyser_bsp/
C:/intelFPGA/18.1/nios2eds/bin/gnu/H-x86_64-mingw32/bin/make --no-print-directory -C ../freqyAnalyser_bsp/
[BSP build complete]
Info: Compiling main.c to obj/default/main.o
nios2-elf-gcc -xc -MP -MMD -c -I../freqyAnalyser_bsp//HAL/inc -I../freqyAnalyser_bsp/ -I../freqyAnalyser_bsp//drivers/inc  -pipe -D__hal__ -DALT_NO_INSTRUCTION_EMULATION -DALT_SINGLE_THREADED    -O0 -g -Wall   -mhw-div -mhw-mul -mno-hw-mulx -mgpopt=global  -o obj/default/main.o main.c
In file included from main.c:19:0:
main.c: In function 'stabilityMonitorTask':
FreeRTOS/queue.h:421:90: warning: passing argument 2 of 'xQueueGenericSend' discards 'volatile' qualifier from pointer target type [-Wdiscarded-qualifiers]
 #define xQueueSend( xQueue, pvItemToQueue, xTicksToWait ) xQueueGenericSend( ( xQueue ), ( pvItemToQueue ), ( xTicksToWait ), queueSEND_TO_BACK )
                                                                                          ^
main.c:101:13: note: in expansion of macro 'xQueueSend'
             xQueueSend(Q_freq_data, &frequency, pdFALSE);
             ^
FreeRTOS/queue.h:592:12: note: expected 'const void * const' but argument is of type 'volatile double *'
 BaseType_t xQueueGenericSend( QueueHandle_t xQueue, const void * const pvItemToQueue, TickType_t xTicksToWait, const BaseType_t xCopyPosition ) PRIVILEGED_FUNCTION;
            ^
main.c:95:13: warning: unused variable 'prev' [-Wunused-variable]
     uint8_t prev = stability_flag;
             ^
main.c: In function 'pollingSwitchsTask':
main.c:167:6: warning: unused variable 'led_output' [-Wunused-variable]
  int led_output = 0;
      ^
main.c: In function 'PRVGADraw_Task':
main.c:237:6: warning: operation on 'i' may be undefined [-Wsequence-point]
    i = ++i%100;
      ^
main.c: At top level:
main.c:302:6: warning: 'Timer_Reset_Task' defined but not used [-Wunused-function]
 void Timer_Reset_Task(void *pvParameters ){ //reset timer if any of the push button is pressed
      ^
Info: Linking freqyAnalyser.elf
nios2-elf-g++  -T'../freqyAnalyser_bsp//linker.x' -msys-crt0='../freqyAnalyser_bsp//obj/HAL/src/crt0.o' -msys-lib=hal_bsp -L../freqyAnalyser_bsp/   -Wl,-Map=freqyAnalyser.map   -O0 -g -Wall   -mhw-div -mhw-mul -mno-hw-mulx -mgpopt=global  -o freqyAnalyser.elf obj/default/FreeRTOS/croutine.o obj/default/FreeRTOS/event_groups.o obj/default/FreeRTOS/heap.o obj/default/FreeRTOS/list.o obj/default/FreeRTOS/port.o obj/default/FreeRTOS/queue.o obj/default/FreeRTOS/tasks.o obj/default/FreeRTOS/timers.o obj/default/main.o obj/default/FreeRTOS/port_asm.o -lm -msys-lib=m
nios2-elf-insert freqyAnalyser.elf --thread_model hal --cpu_name nios2 --qsys true --simulation_enabled false --id 7 --sidp 0x430f0 --timestamp 1393900972 --stderr_dev jtag_uart --stdin_dev jtag_uart --stdout_dev jtag_uart --sopc_system_name nios2 --quartus_project_dir "H:/COMPSYS723/COMPSYS-723-Assignment-1/ffrequency_analyser" --sopcinfo H:/COMPSYS723/COMPSYS-723-Assignment-1/ffrequency_analyser/software/freqyAnalyser_bsp/../../nios2.sopcinfo
Info: (freqyAnalyser.elf) 633 KBytes program size (code + initialized data).
Info:                     130561 KBytes free for stack + heap.
Info: Creating freqyAnalyser.objdump
nios2-elf-objdump --disassemble --syms --all-header --source freqyAnalyser.elf >freqyAnalyser.objdump
[freqyAnalyser build complete]
18:46:32 **** Incremental Build of configuration Nios II for project freqyAnalyser ****
make all 
Info: Building ../freqyAnalyser_bsp/
C:/intelFPGA/18.1/nios2eds/bin/gnu/H-x86_64-mingw32/bin/make --no-print-directory -C ../freqyAnalyser_bsp/
[BSP build complete]
Info: Compiling main.c to obj/default/main.o
nios2-elf-gcc -xc -MP -MMD -c -I../freqyAnalyser_bsp//HAL/inc -I../freqyAnalyser_bsp/ -I../freqyAnalyser_bsp//drivers/inc  -pipe -D__hal__ -DALT_NO_INSTRUCTION_EMULATION -DALT_SINGLE_THREADED    -O0 -g -Wall   -mhw-div -mhw-mul -mno-hw-mulx -mgpopt=global  -o obj/default/main.o main.c
In file included from main.c:19:0:
main.c: In function 'stabilityMonitorTask':
FreeRTOS/queue.h:421:90: warning: passing argument 2 of 'xQueueGenericSend' discards 'volatile' qualifier from pointer target type [-Wdiscarded-qualifiers]
 #define xQueueSend( xQueue, pvItemToQueue, xTicksToWait ) xQueueGenericSend( ( xQueue ), ( pvItemToQueue ), ( xTicksToWait ), queueSEND_TO_BACK )
                                                                                          ^
main.c:101:13: note: in expansion of macro 'xQueueSend'
             xQueueSend(Q_freq_data, &frequency, pdFALSE);
             ^
FreeRTOS/queue.h:592:12: note: expected 'const void * const' but argument is of type 'volatile double *'
 BaseType_t xQueueGenericSend( QueueHandle_t xQueue, const void * const pvItemToQueue, TickType_t xTicksToWait, const BaseType_t xCopyPosition ) PRIVILEGED_FUNCTION;
            ^
main.c:95:13: warning: unused variable 'prev' [-Wunused-variable]
     uint8_t prev = stability_flag;
             ^
main.c: In function 'pollingSwitchsTask':
main.c:170:6: warning: unused variable 'led_output' [-Wunused-variable]
  int led_output = 0;
      ^
main.c: In function 'PRVGADraw_Task':
main.c:240:6: warning: operation on 'i' may be undefined [-Wsequence-point]
    i = ++i%100;
      ^
main.c: At top level:
main.c:305:6: warning: 'Timer_Reset_Task' defined but not used [-Wunused-function]
 void Timer_Reset_Task(void *pvParameters ){ //reset timer if any of the push button is pressed
      ^
Info: Linking freqyAnalyser.elf
nios2-elf-g++  -T'../freqyAnalyser_bsp//linker.x' -msys-crt0='../freqyAnalyser_bsp//obj/HAL/src/crt0.o' -msys-lib=hal_bsp -L../freqyAnalyser_bsp/   -Wl,-Map=freqyAnalyser.map   -O0 -g -Wall   -mhw-div -mhw-mul -mno-hw-mulx -mgpopt=global  -o freqyAnalyser.elf obj/default/FreeRTOS/croutine.o obj/default/FreeRTOS/event_groups.o obj/default/FreeRTOS/heap.o obj/default/FreeRTOS/list.o obj/default/FreeRTOS/port.o obj/default/FreeRTOS/queue.o obj/default/FreeRTOS/tasks.o obj/default/FreeRTOS/timers.o obj/default/main.o obj/default/FreeRTOS/port_asm.o -lm -msys-lib=m
nios2-elf-insert freqyAnalyser.elf --thread_model hal --cpu_name nios2 --qsys true --simulation_enabled false --id 7 --sidp 0x430f0 --timestamp 1393900972 --stderr_dev jtag_uart --stdin_dev jtag_uart --stdout_dev jtag_uart --sopc_system_name nios2 --quartus_project_dir "H:/COMPSYS723/COMPSYS-723-Assignment-1/ffrequency_analyser" --sopcinfo H:/COMPSYS723/COMPSYS-723-Assignment-1/ffrequency_analyser/software/freqyAnalyser_bsp/../../nios2.sopcinfo
Info: (freqyAnalyser.elf) 633 KBytes program size (code + initialized data).
Info:                     130561 KBytes free for stack + heap.
Info: Creating freqyAnalyser.objdump
nios2-elf-objdump --disassemble --syms --all-header --source freqyAnalyser.elf >freqyAnalyser.objdump
[freqyAnalyser build complete]
18:47:45 **** Incremental Build of configuration Nios II for project freqyAnalyser ****
make all 
Info: Building ../freqyAnalyser_bsp/
C:/intelFPGA/18.1/nios2eds/bin/gnu/H-x86_64-mingw32/bin/make --no-print-directory -C ../freqyAnalyser_bsp/
[BSP build complete]
Info: Compiling main.c to obj/default/main.o
nios2-elf-gcc -xc -MP -MMD -c -I../freqyAnalyser_bsp//HAL/inc -I../freqyAnalyser_bsp/ -I../freqyAnalyser_bsp//drivers/inc  -pipe -D__hal__ -DALT_NO_INSTRUCTION_EMULATION -DALT_SINGLE_THREADED    -O0 -g -Wall   -mhw-div -mhw-mul -mno-hw-mulx -mgpopt=global  -o obj/default/main.o main.c
In file included from main.c:19:0:
main.c: In function 'stabilityMonitorTask':
FreeRTOS/queue.h:421:90: warning: passing argument 2 of 'xQueueGenericSend' discards 'volatile' qualifier from pointer target type [-Wdiscarded-qualifiers]
 #define xQueueSend( xQueue, pvItemToQueue, xTicksToWait ) xQueueGenericSend( ( xQueue ), ( pvItemToQueue ), ( xTicksToWait ), queueSEND_TO_BACK )
                                                                                          ^
main.c:101:13: note: in expansion of macro 'xQueueSend'
             xQueueSend(Q_freq_data, &frequency, pdFALSE);
             ^
FreeRTOS/queue.h:592:12: note: expected 'const void * const' but argument is of type 'volatile double *'
 BaseType_t xQueueGenericSend( QueueHandle_t xQueue, const void * const pvItemToQueue, TickType_t xTicksToWait, const BaseType_t xCopyPosition ) PRIVILEGED_FUNCTION;
            ^
main.c:95:13: warning: unused variable 'prev' [-Wunused-variable]
     uint8_t prev = stability_flag;
             ^
main.c: In function 'pollingSwitchsTask':
main.c:168:6: warning: unused variable 'led_output' [-Wunused-variable]
  int led_output = 0;
      ^
main.c: In function 'PRVGADraw_Task':
main.c:238:6: warning: operation on 'i' may be undefined [-Wsequence-point]
    i = ++i%100;
      ^
main.c: At top level:
main.c:303:6: warning: 'Timer_Reset_Task' defined but not used [-Wunused-function]
 void Timer_Reset_Task(void *pvParameters ){ //reset timer if any of the push button is pressed
      ^
Info: Linking freqyAnalyser.elf
nios2-elf-g++  -T'../freqyAnalyser_bsp//linker.x' -msys-crt0='../freqyAnalyser_bsp//obj/HAL/src/crt0.o' -msys-lib=hal_bsp -L../freqyAnalyser_bsp/   -Wl,-Map=freqyAnalyser.map   -O0 -g -Wall   -mhw-div -mhw-mul -mno-hw-mulx -mgpopt=global  -o freqyAnalyser.elf obj/default/FreeRTOS/croutine.o obj/default/FreeRTOS/event_groups.o obj/default/FreeRTOS/heap.o obj/default/FreeRTOS/list.o obj/default/FreeRTOS/port.o obj/default/FreeRTOS/queue.o obj/default/FreeRTOS/tasks.o obj/default/FreeRTOS/timers.o obj/default/main.o obj/default/FreeRTOS/port_asm.o -lm -msys-lib=m
nios2-elf-insert freqyAnalyser.elf --thread_model hal --cpu_name nios2 --qsys true --simulation_enabled false --id 7 --sidp 0x430f0 --timestamp 1393900972 --stderr_dev jtag_uart --stdin_dev jtag_uart --stdout_dev jtag_uart --sopc_system_name nios2 --quartus_project_dir "H:/COMPSYS723/COMPSYS-723-Assignment-1/ffrequency_analyser" --sopcinfo H:/COMPSYS723/COMPSYS-723-Assignment-1/ffrequency_analyser/software/freqyAnalyser_bsp/../../nios2.sopcinfo
Info: (freqyAnalyser.elf) 633 KBytes program size (code + initialized data).
Info:                     130561 KBytes free for stack + heap.
Info: Creating freqyAnalyser.objdump
nios2-elf-objdump --disassemble --syms --all-header --source freqyAnalyser.elf >freqyAnalyser.objdump
[freqyAnalyser build complete]
18:48:05 **** Incremental Build of configuration Nios II for project freqyAnalyser ****
make all 
Info: Building ../freqyAnalyser_bsp/
C:/intelFPGA/18.1/nios2eds/bin/gnu/H-x86_64-mingw32/bin/make --no-print-directory -C ../freqyAnalyser_bsp/
[BSP build complete]
Info: Compiling main.c to obj/default/main.o
nios2-elf-gcc -xc -MP -MMD -c -I../freqyAnalyser_bsp//HAL/inc -I../freqyAnalyser_bsp/ -I../freqyAnalyser_bsp//drivers/inc  -pipe -D__hal__ -DALT_NO_INSTRUCTION_EMULATION -DALT_SINGLE_THREADED    -O0 -g -Wall   -mhw-div -mhw-mul -mno-hw-mulx -mgpopt=global  -o obj/default/main.o main.c
In file included from main.c:19:0:
main.c: In function 'stabilityMonitorTask':
FreeRTOS/queue.h:421:90: warning: passing argument 2 of 'xQueueGenericSend' discards 'volatile' qualifier from pointer target type [-Wdiscarded-qualifiers]
 #define xQueueSend( xQueue, pvItemToQueue, xTicksToWait ) xQueueGenericSend( ( xQueue ), ( pvItemToQueue ), ( xTicksToWait ), queueSEND_TO_BACK )
                                                                                          ^
main.c:101:13: note: in expansion of macro 'xQueueSend'
             xQueueSend(Q_freq_data, &frequency, pdFALSE);
             ^
FreeRTOS/queue.h:592:12: note: expected 'const void * const' but argument is of type 'volatile double *'
 BaseType_t xQueueGenericSend( QueueHandle_t xQueue, const void * const pvItemToQueue, TickType_t xTicksToWait, const BaseType_t xCopyPosition ) PRIVILEGED_FUNCTION;
            ^
main.c:95:13: warning: unused variable 'prev' [-Wunused-variable]
     uint8_t prev = stability_flag;
             ^
main.c: In function 'pollingSwitchsTask':
main.c:166:6: warning: unused variable 'led_output' [-Wunused-variable]
  int led_output = 0;
      ^
main.c: In function 'PRVGADraw_Task':
main.c:236:6: warning: operation on 'i' may be undefined [-Wsequence-point]
    i = ++i%100;
      ^
main.c: At top level:
main.c:301:6: warning: 'Timer_Reset_Task' defined but not used [-Wunused-function]
 void Timer_Reset_Task(void *pvParameters ){ //reset timer if any of the push button is pressed
      ^
Info: Linking freqyAnalyser.elf
nios2-elf-g++  -T'../freqyAnalyser_bsp//linker.x' -msys-crt0='../freqyAnalyser_bsp//obj/HAL/src/crt0.o' -msys-lib=hal_bsp -L../freqyAnalyser_bsp/   -Wl,-Map=freqyAnalyser.map   -O0 -g -Wall   -mhw-div -mhw-mul -mno-hw-mulx -mgpopt=global  -o freqyAnalyser.elf obj/default/FreeRTOS/croutine.o obj/default/FreeRTOS/event_groups.o obj/default/FreeRTOS/heap.o obj/default/FreeRTOS/list.o obj/default/FreeRTOS/port.o obj/default/FreeRTOS/queue.o obj/default/FreeRTOS/tasks.o obj/default/FreeRTOS/timers.o obj/default/main.o obj/default/FreeRTOS/port_asm.o -lm -msys-lib=m
nios2-elf-insert freqyAnalyser.elf --thread_model hal --cpu_name nios2 --qsys true --simulation_enabled false --id 7 --sidp 0x430f0 --timestamp 1393900972 --stderr_dev jtag_uart --stdin_dev jtag_uart --stdout_dev jtag_uart --sopc_system_name nios2 --quartus_project_dir "H:/COMPSYS723/COMPSYS-723-Assignment-1/ffrequency_analyser" --sopcinfo H:/COMPSYS723/COMPSYS-723-Assignment-1/ffrequency_analyser/software/freqyAnalyser_bsp/../../nios2.sopcinfo
Info: (freqyAnalyser.elf) 633 KBytes program size (code + initialized data).
Info:                     130561 KBytes free for stack + heap.
Info: Creating freqyAnalyser.objdump
nios2-elf-objdump --disassemble --syms --all-header --source freqyAnalyser.elf >freqyAnalyser.objdump
[freqyAnalyser build complete]
18:48:25 **** Incremental Build of configuration Nios II for project freqyAnalyser ****
make all 
Info: Building ../freqyAnalyser_bsp/
C:/intelFPGA/18.1/nios2eds/bin/gnu/H-x86_64-mingw32/bin/make --no-print-directory -C ../freqyAnalyser_bsp/
[BSP build complete]
Info: Compiling main.c to obj/default/main.o
nios2-elf-gcc -xc -MP -MMD -c -I../freqyAnalyser_bsp//HAL/inc -I../freqyAnalyser_bsp/ -I../freqyAnalyser_bsp//drivers/inc  -pipe -D__hal__ -DALT_NO_INSTRUCTION_EMULATION -DALT_SINGLE_THREADED    -O0 -g -Wall   -mhw-div -mhw-mul -mno-hw-mulx -mgpopt=global  -o obj/default/main.o main.c
In file included from main.c:19:0:
main.c: In function 'stabilityMonitorTask':
FreeRTOS/queue.h:421:90: warning: passing argument 2 of 'xQueueGenericSend' discards 'volatile' qualifier from pointer target type [-Wdiscarded-qualifiers]
 #define xQueueSend( xQueue, pvItemToQueue, xTicksToWait ) xQueueGenericSend( ( xQueue ), ( pvItemToQueue ), ( xTicksToWait ), queueSEND_TO_BACK )
                                                                                          ^
main.c:101:13: note: in expansion of macro 'xQueueSend'
             xQueueSend(Q_freq_data, &frequency, pdFALSE);
             ^
FreeRTOS/queue.h:592:12: note: expected 'const void * const' but argument is of type 'volatile double *'
 BaseType_t xQueueGenericSend( QueueHandle_t xQueue, const void * const pvItemToQueue, TickType_t xTicksToWait, const BaseType_t xCopyPosition ) PRIVILEGED_FUNCTION;
            ^
main.c:95:13: warning: unused variable 'prev' [-Wunused-variable]
     uint8_t prev = stability_flag;
             ^
main.c: In function 'pollingSwitchsTask':
main.c:166:6: warning: unused variable 'led_output' [-Wunused-variable]
  int led_output = 0;
      ^
main.c: In function 'PRVGADraw_Task':
main.c:236:6: warning: operation on 'i' may be undefined [-Wsequence-point]
    i = ++i%100;
      ^
main.c: At top level:
main.c:301:6: warning: 'Timer_Reset_Task' defined but not used [-Wunused-function]
 void Timer_Reset_Task(void *pvParameters ){ //reset timer if any of the push button is pressed
      ^
Info: Linking freqyAnalyser.elf
nios2-elf-g++  -T'../freqyAnalyser_bsp//linker.x' -msys-crt0='../freqyAnalyser_bsp//obj/HAL/src/crt0.o' -msys-lib=hal_bsp -L../freqyAnalyser_bsp/   -Wl,-Map=freqyAnalyser.map   -O0 -g -Wall   -mhw-div -mhw-mul -mno-hw-mulx -mgpopt=global  -o freqyAnalyser.elf obj/default/FreeRTOS/croutine.o obj/default/FreeRTOS/event_groups.o obj/default/FreeRTOS/heap.o obj/default/FreeRTOS/list.o obj/default/FreeRTOS/port.o obj/default/FreeRTOS/queue.o obj/default/FreeRTOS/tasks.o obj/default/FreeRTOS/timers.o obj/default/main.o obj/default/FreeRTOS/port_asm.o -lm -msys-lib=m
nios2-elf-insert freqyAnalyser.elf --thread_model hal --cpu_name nios2 --qsys true --simulation_enabled false --id 7 --sidp 0x430f0 --timestamp 1393900972 --stderr_dev jtag_uart --stdin_dev jtag_uart --stdout_dev jtag_uart --sopc_system_name nios2 --quartus_project_dir "H:/COMPSYS723/COMPSYS-723-Assignment-1/ffrequency_analyser" --sopcinfo H:/COMPSYS723/COMPSYS-723-Assignment-1/ffrequency_analyser/software/freqyAnalyser_bsp/../../nios2.sopcinfo
Info: (freqyAnalyser.elf) 633 KBytes program size (code + initialized data).
Info:                     130561 KBytes free for stack + heap.
Info: Creating freqyAnalyser.objdump
nios2-elf-objdump --disassemble --syms --all-header --source freqyAnalyser.elf >freqyAnalyser.objdump
[freqyAnalyser build complete]
18:49:26 **** Incremental Build of configuration Nios II for project freqyAnalyser ****
make all 
Info: Building ../freqyAnalyser_bsp/
C:/intelFPGA/18.1/nios2eds/bin/gnu/H-x86_64-mingw32/bin/make --no-print-directory -C ../freqyAnalyser_bsp/
[BSP build complete]
Info: Compiling main.c to obj/default/main.o
nios2-elf-gcc -xc -MP -MMD -c -I../freqyAnalyser_bsp//HAL/inc -I../freqyAnalyser_bsp/ -I../freqyAnalyser_bsp//drivers/inc  -pipe -D__hal__ -DALT_NO_INSTRUCTION_EMULATION -DALT_SINGLE_THREADED    -O0 -g -Wall   -mhw-div -mhw-mul -mno-hw-mulx -mgpopt=global  -o obj/default/main.o main.c
In file included from main.c:19:0:
main.c: In function 'stabilityMonitorTask':
FreeRTOS/queue.h:421:90: warning: passing argument 2 of 'xQueueGenericSend' discards 'volatile' qualifier from pointer target type [-Wdiscarded-qualifiers]
 #define xQueueSend( xQueue, pvItemToQueue, xTicksToWait ) xQueueGenericSend( ( xQueue ), ( pvItemToQueue ), ( xTicksToWait ), queueSEND_TO_BACK )
                                                                                          ^
main.c:101:13: note: in expansion of macro 'xQueueSend'
             xQueueSend(Q_freq_data, &frequency, pdFALSE);
             ^
FreeRTOS/queue.h:592:12: note: expected 'const void * const' but argument is of type 'volatile double *'
 BaseType_t xQueueGenericSend( QueueHandle_t xQueue, const void * const pvItemToQueue, TickType_t xTicksToWait, const BaseType_t xCopyPosition ) PRIVILEGED_FUNCTION;
            ^
main.c:95:13: warning: unused variable 'prev' [-Wunused-variable]
     uint8_t prev = stability_flag;
             ^
main.c: In function 'pollingSwitchsTask':
main.c:166:6: warning: unused variable 'led_output' [-Wunused-variable]
  int led_output = 0;
      ^
main.c: In function 'PRVGADraw_Task':
main.c:236:6: warning: operation on 'i' may be undefined [-Wsequence-point]
    i = ++i%100;
      ^
main.c: At top level:
main.c:301:6: warning: 'Timer_Reset_Task' defined but not used [-Wunused-function]
 void Timer_Reset_Task(void *pvParameters ){ //reset timer if any of the push button is pressed
      ^
Info: Linking freqyAnalyser.elf
nios2-elf-g++  -T'../freqyAnalyser_bsp//linker.x' -msys-crt0='../freqyAnalyser_bsp//obj/HAL/src/crt0.o' -msys-lib=hal_bsp -L../freqyAnalyser_bsp/   -Wl,-Map=freqyAnalyser.map   -O0 -g -Wall   -mhw-div -mhw-mul -mno-hw-mulx -mgpopt=global  -o freqyAnalyser.elf obj/default/FreeRTOS/croutine.o obj/default/FreeRTOS/event_groups.o obj/default/FreeRTOS/heap.o obj/default/FreeRTOS/list.o obj/default/FreeRTOS/port.o obj/default/FreeRTOS/queue.o obj/default/FreeRTOS/tasks.o obj/default/FreeRTOS/timers.o obj/default/main.o obj/default/FreeRTOS/port_asm.o -lm -msys-lib=m
nios2-elf-insert freqyAnalyser.elf --thread_model hal --cpu_name nios2 --qsys true --simulation_enabled false --id 7 --sidp 0x430f0 --timestamp 1393900972 --stderr_dev jtag_uart --stdin_dev jtag_uart --stdout_dev jtag_uart --sopc_system_name nios2 --quartus_project_dir "H:/COMPSYS723/COMPSYS-723-Assignment-1/ffrequency_analyser" --sopcinfo H:/COMPSYS723/COMPSYS-723-Assignment-1/ffrequency_analyser/software/freqyAnalyser_bsp/../../nios2.sopcinfo
Info: (freqyAnalyser.elf) 633 KBytes program size (code + initialized data).
Info:                     130561 KBytes free for stack + heap.
Info: Creating freqyAnalyser.objdump
nios2-elf-objdump --disassemble --syms --all-header --source freqyAnalyser.elf >freqyAnalyser.objdump
[freqyAnalyser build complete]
18:49:52 **** Incremental Build of configuration Nios II for project freqyAnalyser ****
make all 
Info: Building ../freqyAnalyser_bsp/
C:/intelFPGA/18.1/nios2eds/bin/gnu/H-x86_64-mingw32/bin/make --no-print-directory -C ../freqyAnalyser_bsp/
[BSP build complete]
Info: Compiling main.c to obj/default/main.o
nios2-elf-gcc -xc -MP -MMD -c -I../freqyAnalyser_bsp//HAL/inc -I../freqyAnalyser_bsp/ -I../freqyAnalyser_bsp//drivers/inc  -pipe -D__hal__ -DALT_NO_INSTRUCTION_EMULATION -DALT_SINGLE_THREADED    -O0 -g -Wall   -mhw-div -mhw-mul -mno-hw-mulx -mgpopt=global  -o obj/default/main.o main.c
In file included from main.c:19:0:
main.c: In function 'stabilityMonitorTask':
FreeRTOS/queue.h:421:90: warning: passing argument 2 of 'xQueueGenericSend' discards 'volatile' qualifier from pointer target type [-Wdiscarded-qualifiers]
 #define xQueueSend( xQueue, pvItemToQueue, xTicksToWait ) xQueueGenericSend( ( xQueue ), ( pvItemToQueue ), ( xTicksToWait ), queueSEND_TO_BACK )
                                                                                          ^
main.c:101:13: note: in expansion of macro 'xQueueSend'
             xQueueSend(Q_freq_data, &frequency, pdFALSE);
             ^
FreeRTOS/queue.h:592:12: note: expected 'const void * const' but argument is of type 'volatile double *'
 BaseType_t xQueueGenericSend( QueueHandle_t xQueue, const void * const pvItemToQueue, TickType_t xTicksToWait, const BaseType_t xCopyPosition ) PRIVILEGED_FUNCTION;
            ^
main.c:95:13: warning: unused variable 'prev' [-Wunused-variable]
     uint8_t prev = stability_flag;
             ^
main.c: In function 'pollingSwitchsTask':
main.c:166:6: warning: unused variable 'led_output' [-Wunused-variable]
  int led_output = 0;
      ^
main.c: In function 'PRVGADraw_Task':
main.c:236:6: warning: operation on 'i' may be undefined [-Wsequence-point]
    i = ++i%100;
      ^
main.c: At top level:
main.c:301:6: warning: 'Timer_Reset_Task' defined but not used [-Wunused-function]
 void Timer_Reset_Task(void *pvParameters ){ //reset timer if any of the push button is pressed
      ^
Info: Linking freqyAnalyser.elf
nios2-elf-g++  -T'../freqyAnalyser_bsp//linker.x' -msys-crt0='../freqyAnalyser_bsp//obj/HAL/src/crt0.o' -msys-lib=hal_bsp -L../freqyAnalyser_bsp/   -Wl,-Map=freqyAnalyser.map   -O0 -g -Wall   -mhw-div -mhw-mul -mno-hw-mulx -mgpopt=global  -o freqyAnalyser.elf obj/default/FreeRTOS/croutine.o obj/default/FreeRTOS/event_groups.o obj/default/FreeRTOS/heap.o obj/default/FreeRTOS/list.o obj/default/FreeRTOS/port.o obj/default/FreeRTOS/queue.o obj/default/FreeRTOS/tasks.o obj/default/FreeRTOS/timers.o obj/default/main.o obj/default/FreeRTOS/port_asm.o -lm -msys-lib=m
nios2-elf-insert freqyAnalyser.elf --thread_model hal --cpu_name nios2 --qsys true --simulation_enabled false --id 7 --sidp 0x430f0 --timestamp 1393900972 --stderr_dev jtag_uart --stdin_dev jtag_uart --stdout_dev jtag_uart --sopc_system_name nios2 --quartus_project_dir "H:/COMPSYS723/COMPSYS-723-Assignment-1/ffrequency_analyser" --sopcinfo H:/COMPSYS723/COMPSYS-723-Assignment-1/ffrequency_analyser/software/freqyAnalyser_bsp/../../nios2.sopcinfo
Info: (freqyAnalyser.elf) 633 KBytes program size (code + initialized data).
Info:                     130561 KBytes free for stack + heap.
Info: Creating freqyAnalyser.objdump
nios2-elf-objdump --disassemble --syms --all-header --source freqyAnalyser.elf >freqyAnalyser.objdump
[freqyAnalyser build complete]
18:51:08 **** Incremental Build of configuration Nios II for project freqyAnalyser ****
make all 
Info: Building ../freqyAnalyser_bsp/
C:/intelFPGA/18.1/nios2eds/bin/gnu/H-x86_64-mingw32/bin/make --no-print-directory -C ../freqyAnalyser_bsp/
[BSP build complete]
Info: Compiling main.c to obj/default/main.o
nios2-elf-gcc -xc -MP -MMD -c -I../freqyAnalyser_bsp//HAL/inc -I../freqyAnalyser_bsp/ -I../freqyAnalyser_bsp//drivers/inc  -pipe -D__hal__ -DALT_NO_INSTRUCTION_EMULATION -DALT_SINGLE_THREADED    -O0 -g -Wall   -mhw-div -mhw-mul -mno-hw-mulx -mgpopt=global  -o obj/default/main.o main.c
In file included from main.c:19:0:
main.c: In function 'stabilityMonitorTask':
FreeRTOS/queue.h:421:90: warning: passing argument 2 of 'xQueueGenericSend' discards 'volatile' qualifier from pointer target type [-Wdiscarded-qualifiers]
 #define xQueueSend( xQueue, pvItemToQueue, xTicksToWait ) xQueueGenericSend( ( xQueue ), ( pvItemToQueue ), ( xTicksToWait ), queueSEND_TO_BACK )
                                                                                          ^
main.c:101:13: note: in expansion of macro 'xQueueSend'
             xQueueSend(Q_freq_data, &frequency, pdFALSE);
             ^
FreeRTOS/queue.h:592:12: note: expected 'const void * const' but argument is of type 'volatile double *'
 BaseType_t xQueueGenericSend( QueueHandle_t xQueue, const void * const pvItemToQueue, TickType_t xTicksToWait, const BaseType_t xCopyPosition ) PRIVILEGED_FUNCTION;
            ^
main.c:95:13: warning: unused variable 'prev' [-Wunused-variable]
     uint8_t prev = stability_flag;
             ^
main.c: In function 'pollingSwitchsTask':
main.c:166:6: warning: unused variable 'led_output' [-Wunused-variable]
  int led_output = 0;
      ^
main.c: In function 'PRVGADraw_Task':
main.c:236:6: warning: operation on 'i' may be undefined [-Wsequence-point]
    i = ++i%100;
      ^
main.c: At top level:
main.c:301:6: warning: 'Timer_Reset_Task' defined but not used [-Wunused-function]
 void Timer_Reset_Task(void *pvParameters ){ //reset timer if any of the push button is pressed
      ^
Info: Linking freqyAnalyser.elf
nios2-elf-g++  -T'../freqyAnalyser_bsp//linker.x' -msys-crt0='../freqyAnalyser_bsp//obj/HAL/src/crt0.o' -msys-lib=hal_bsp -L../freqyAnalyser_bsp/   -Wl,-Map=freqyAnalyser.map   -O0 -g -Wall   -mhw-div -mhw-mul -mno-hw-mulx -mgpopt=global  -o freqyAnalyser.elf obj/default/FreeRTOS/croutine.o obj/default/FreeRTOS/event_groups.o obj/default/FreeRTOS/heap.o obj/default/FreeRTOS/list.o obj/default/FreeRTOS/port.o obj/default/FreeRTOS/queue.o obj/default/FreeRTOS/tasks.o obj/default/FreeRTOS/timers.o obj/default/main.o obj/default/FreeRTOS/port_asm.o -lm -msys-lib=m
nios2-elf-insert freqyAnalyser.elf --thread_model hal --cpu_name nios2 --qsys true --simulation_enabled false --id 7 --sidp 0x430f0 --timestamp 1393900972 --stderr_dev jtag_uart --stdin_dev jtag_uart --stdout_dev jtag_uart --sopc_system_name nios2 --quartus_project_dir "H:/COMPSYS723/COMPSYS-723-Assignment-1/ffrequency_analyser" --sopcinfo H:/COMPSYS723/COMPSYS-723-Assignment-1/ffrequency_analyser/software/freqyAnalyser_bsp/../../nios2.sopcinfo
Info: (freqyAnalyser.elf) 633 KBytes program size (code + initialized data).
Info:                     130561 KBytes free for stack + heap.
Info: Creating freqyAnalyser.objdump
nios2-elf-objdump --disassemble --syms --all-header --source freqyAnalyser.elf >freqyAnalyser.objdump
[freqyAnalyser build complete]
18:53:17 **** Incremental Build of configuration Nios II for project freqyAnalyser ****
make all 
Info: Building ../freqyAnalyser_bsp/
C:/intelFPGA/18.1/nios2eds/bin/gnu/H-x86_64-mingw32/bin/make --no-print-directory -C ../freqyAnalyser_bsp/
[BSP build complete]
Info: Compiling main.c to obj/default/main.o
nios2-elf-gcc -xc -MP -MMD -c -I../freqyAnalyser_bsp//HAL/inc -I../freqyAnalyser_bsp/ -I../freqyAnalyser_bsp//drivers/inc  -pipe -D__hal__ -DALT_NO_INSTRUCTION_EMULATION -DALT_SINGLE_THREADED    -O0 -g -Wall   -mhw-div -mhw-mul -mno-hw-mulx -mgpopt=global  -o obj/default/main.o main.c
In file included from main.c:19:0:
main.c: In function 'stabilityMonitorTask':
FreeRTOS/queue.h:421:90: warning: passing argument 2 of 'xQueueGenericSend' discards 'volatile' qualifier from pointer target type [-Wdiscarded-qualifiers]
 #define xQueueSend( xQueue, pvItemToQueue, xTicksToWait ) xQueueGenericSend( ( xQueue ), ( pvItemToQueue ), ( xTicksToWait ), queueSEND_TO_BACK )
                                                                                          ^
main.c:101:13: note: in expansion of macro 'xQueueSend'
             xQueueSend(Q_freq_data, &frequency, pdFALSE);
             ^
FreeRTOS/queue.h:592:12: note: expected 'const void * const' but argument is of type 'volatile double *'
 BaseType_t xQueueGenericSend( QueueHandle_t xQueue, const void * const pvItemToQueue, TickType_t xTicksToWait, const BaseType_t xCopyPosition ) PRIVILEGED_FUNCTION;
            ^
main.c:95:13: warning: unused variable 'prev' [-Wunused-variable]
     uint8_t prev = stability_flag;
             ^
main.c: In function 'pollingSwitchsTask':
main.c:166:6: warning: unused variable 'led_output' [-Wunused-variable]
  int led_output = 0;
      ^
main.c: In function 'PRVGADraw_Task':
main.c:236:6: warning: operation on 'i' may be undefined [-Wsequence-point]
    i = ++i%100;
      ^
main.c: At top level:
main.c:301:6: warning: 'Timer_Reset_Task' defined but not used [-Wunused-function]
 void Timer_Reset_Task(void *pvParameters ){ //reset timer if any of the push button is pressed
      ^
Info: Linking freqyAnalyser.elf
nios2-elf-g++  -T'../freqyAnalyser_bsp//linker.x' -msys-crt0='../freqyAnalyser_bsp//obj/HAL/src/crt0.o' -msys-lib=hal_bsp -L../freqyAnalyser_bsp/   -Wl,-Map=freqyAnalyser.map   -O0 -g -Wall   -mhw-div -mhw-mul -mno-hw-mulx -mgpopt=global  -o freqyAnalyser.elf obj/default/FreeRTOS/croutine.o obj/default/FreeRTOS/event_groups.o obj/default/FreeRTOS/heap.o obj/default/FreeRTOS/list.o obj/default/FreeRTOS/port.o obj/default/FreeRTOS/queue.o obj/default/FreeRTOS/tasks.o obj/default/FreeRTOS/timers.o obj/default/main.o obj/default/FreeRTOS/port_asm.o -lm -msys-lib=m
nios2-elf-insert freqyAnalyser.elf --thread_model hal --cpu_name nios2 --qsys true --simulation_enabled false --id 7 --sidp 0x430f0 --timestamp 1393900972 --stderr_dev jtag_uart --stdin_dev jtag_uart --stdout_dev jtag_uart --sopc_system_name nios2 --quartus_project_dir "H:/COMPSYS723/COMPSYS-723-Assignment-1/ffrequency_analyser" --sopcinfo H:/COMPSYS723/COMPSYS-723-Assignment-1/ffrequency_analyser/software/freqyAnalyser_bsp/../../nios2.sopcinfo
Info: (freqyAnalyser.elf) 633 KBytes program size (code + initialized data).
Info:                     130561 KBytes free for stack + heap.
Info: Creating freqyAnalyser.objdump
nios2-elf-objdump --disassemble --syms --all-header --source freqyAnalyser.elf >freqyAnalyser.objdump
[freqyAnalyser build complete]
18:54:02 **** Incremental Build of configuration Nios II for project freqyAnalyser ****
make all 
Info: Building ../freqyAnalyser_bsp/
C:/intelFPGA/18.1/nios2eds/bin/gnu/H-x86_64-mingw32/bin/make --no-print-directory -C ../freqyAnalyser_bsp/
[BSP build complete]
Info: Compiling main.c to obj/default/main.o
nios2-elf-gcc -xc -MP -MMD -c -I../freqyAnalyser_bsp//HAL/inc -I../freqyAnalyser_bsp/ -I../freqyAnalyser_bsp//drivers/inc  -pipe -D__hal__ -DALT_NO_INSTRUCTION_EMULATION -DALT_SINGLE_THREADED    -O0 -g -Wall   -mhw-div -mhw-mul -mno-hw-mulx -mgpopt=global  -o obj/default/main.o main.c
In file included from main.c:19:0:
main.c: In function 'stabilityMonitorTask':
FreeRTOS/queue.h:421:90: warning: passing argument 2 of 'xQueueGenericSend' discards 'volatile' qualifier from pointer target type [-Wdiscarded-qualifiers]
 #define xQueueSend( xQueue, pvItemToQueue, xTicksToWait ) xQueueGenericSend( ( xQueue ), ( pvItemToQueue ), ( xTicksToWait ), queueSEND_TO_BACK )
                                                                                          ^
main.c:101:13: note: in expansion of macro 'xQueueSend'
             xQueueSend(Q_freq_data, &frequency, pdFALSE);
             ^
FreeRTOS/queue.h:592:12: note: expected 'const void * const' but argument is of type 'volatile double *'
 BaseType_t xQueueGenericSend( QueueHandle_t xQueue, const void * const pvItemToQueue, TickType_t xTicksToWait, const BaseType_t xCopyPosition ) PRIVILEGED_FUNCTION;
            ^
main.c:95:13: warning: unused variable 'prev' [-Wunused-variable]
     uint8_t prev = stability_flag;
             ^
main.c: In function 'pollingSwitchsTask':
main.c:166:6: warning: unused variable 'led_output' [-Wunused-variable]
  int led_output = 0;
      ^
main.c: In function 'PRVGADraw_Task':
main.c:236:6: warning: operation on 'i' may be undefined [-Wsequence-point]
    i = ++i%100;
      ^
main.c: At top level:
main.c:301:6: warning: 'Timer_Reset_Task' defined but not used [-Wunused-function]
 void Timer_Reset_Task(void *pvParameters ){ //reset timer if any of the push button is pressed
      ^
Info: Linking freqyAnalyser.elf
nios2-elf-g++  -T'../freqyAnalyser_bsp//linker.x' -msys-crt0='../freqyAnalyser_bsp//obj/HAL/src/crt0.o' -msys-lib=hal_bsp -L../freqyAnalyser_bsp/   -Wl,-Map=freqyAnalyser.map   -O0 -g -Wall   -mhw-div -mhw-mul -mno-hw-mulx -mgpopt=global  -o freqyAnalyser.elf obj/default/FreeRTOS/croutine.o obj/default/FreeRTOS/event_groups.o obj/default/FreeRTOS/heap.o obj/default/FreeRTOS/list.o obj/default/FreeRTOS/port.o obj/default/FreeRTOS/queue.o obj/default/FreeRTOS/tasks.o obj/default/FreeRTOS/timers.o obj/default/main.o obj/default/FreeRTOS/port_asm.o -lm -msys-lib=m
nios2-elf-insert freqyAnalyser.elf --thread_model hal --cpu_name nios2 --qsys true --simulation_enabled false --id 7 --sidp 0x430f0 --timestamp 1393900972 --stderr_dev jtag_uart --stdin_dev jtag_uart --stdout_dev jtag_uart --sopc_system_name nios2 --quartus_project_dir "H:/COMPSYS723/COMPSYS-723-Assignment-1/ffrequency_analyser" --sopcinfo H:/COMPSYS723/COMPSYS-723-Assignment-1/ffrequency_analyser/software/freqyAnalyser_bsp/../../nios2.sopcinfo
Info: (freqyAnalyser.elf) 633 KBytes program size (code + initialized data).
Info:                     130561 KBytes free for stack + heap.
Info: Creating freqyAnalyser.objdump
nios2-elf-objdump --disassemble --syms --all-header --source freqyAnalyser.elf >freqyAnalyser.objdump
[freqyAnalyser build complete]
18:54:19 **** Incremental Build of configuration Nios II for project freqyAnalyser ****
make all 
Info: Building ../freqyAnalyser_bsp/
C:/intelFPGA/18.1/nios2eds/bin/gnu/H-x86_64-mingw32/bin/make --no-print-directory -C ../freqyAnalyser_bsp/
[BSP build complete]
[freqyAnalyser build complete]
18:55:06 **** Incremental Build of configuration Nios II for project freqyAnalyser ****
make all 
Info: Building ../freqyAnalyser_bsp/
C:/intelFPGA/18.1/nios2eds/bin/gnu/H-x86_64-mingw32/bin/make --no-print-directory -C ../freqyAnalyser_bsp/
[BSP build complete]
Info: Compiling main.c to obj/default/main.o
nios2-elf-gcc -xc -MP -MMD -c -I../freqyAnalyser_bsp//HAL/inc -I../freqyAnalyser_bsp/ -I../freqyAnalyser_bsp//drivers/inc  -pipe -D__hal__ -DALT_NO_INSTRUCTION_EMULATION -DALT_SINGLE_THREADED    -O0 -g -Wall   -mhw-div -mhw-mul -mno-hw-mulx -mgpopt=global  -o obj/default/main.o main.c
In file included from main.c:19:0:
main.c: In function 'stabilityMonitorTask':
FreeRTOS/queue.h:421:90: warning: passing argument 2 of 'xQueueGenericSend' discards 'volatile' qualifier from pointer target type [-Wdiscarded-qualifiers]
 #define xQueueSend( xQueue, pvItemToQueue, xTicksToWait ) xQueueGenericSend( ( xQueue ), ( pvItemToQueue ), ( xTicksToWait ), queueSEND_TO_BACK )
                                                                                          ^
main.c:98:13: note: in expansion of macro 'xQueueSend'
             xQueueSend(Q_freq_data, &frequency, pdFALSE);
             ^
FreeRTOS/queue.h:592:12: note: expected 'const void * const' but argument is of type 'volatile double *'
 BaseType_t xQueueGenericSend( QueueHandle_t xQueue, const void * const pvItemToQueue, TickType_t xTicksToWait, const BaseType_t xCopyPosition ) PRIVILEGED_FUNCTION;
            ^
main.c:92:13: warning: unused variable 'prev' [-Wunused-variable]
     uint8_t prev = stability_flag;
             ^
main.c: In function 'pollingSwitchsTask':
main.c:161:6: warning: unused variable 'led_output' [-Wunused-variable]
  int led_output = 0;
      ^
main.c: In function 'PRVGADraw_Task':
main.c:231:6: warning: operation on 'i' may be undefined [-Wsequence-point]
    i = ++i%100;
      ^
main.c: At top level:
main.c:57:13: warning: 'Timer_Reset_Task' declared 'static' but never defined [-Wunused-function]
 static void Timer_Reset_Task(void *pvParameters);
             ^
Info: Linking freqyAnalyser.elf
nios2-elf-g++  -T'../freqyAnalyser_bsp//linker.x' -msys-crt0='../freqyAnalyser_bsp//obj/HAL/src/crt0.o' -msys-lib=hal_bsp -L../freqyAnalyser_bsp/   -Wl,-Map=freqyAnalyser.map   -O0 -g -Wall   -mhw-div -mhw-mul -mno-hw-mulx -mgpopt=global  -o freqyAnalyser.elf obj/default/FreeRTOS/croutine.o obj/default/FreeRTOS/event_groups.o obj/default/FreeRTOS/heap.o obj/default/FreeRTOS/list.o obj/default/FreeRTOS/port.o obj/default/FreeRTOS/queue.o obj/default/FreeRTOS/tasks.o obj/default/FreeRTOS/timers.o obj/default/main.o obj/default/FreeRTOS/port_asm.o -lm -msys-lib=m
nios2-elf-insert freqyAnalyser.elf --thread_model hal --cpu_name nios2 --qsys true --simulation_enabled false --id 7 --sidp 0x430f0 --timestamp 1393900972 --stderr_dev jtag_uart --stdin_dev jtag_uart --stdout_dev jtag_uart --sopc_system_name nios2 --quartus_project_dir "H:/COMPSYS723/COMPSYS-723-Assignment-1/ffrequency_analyser" --sopcinfo H:/COMPSYS723/COMPSYS-723-Assignment-1/ffrequency_analyser/software/freqyAnalyser_bsp/../../nios2.sopcinfo
Info: (freqyAnalyser.elf) 633 KBytes program size (code + initialized data).
Info:                     130561 KBytes free for stack + heap.
Info: Creating freqyAnalyser.objdump
nios2-elf-objdump --disassemble --syms --all-header --source freqyAnalyser.elf >freqyAnalyser.objdump
[freqyAnalyser build complete]
18:56:42 **** Incremental Build of configuration Nios II for project freqyAnalyser ****
make all 
Info: Building ../freqyAnalyser_bsp/
C:/intelFPGA/18.1/nios2eds/bin/gnu/H-x86_64-mingw32/bin/make --no-print-directory -C ../freqyAnalyser_bsp/
[BSP build complete]
Info: Compiling main.c to obj/default/main.o
nios2-elf-gcc -xc -MP -MMD -c -I../freqyAnalyser_bsp//HAL/inc -I../freqyAnalyser_bsp/ -I../freqyAnalyser_bsp//drivers/inc  -pipe -D__hal__ -DALT_NO_INSTRUCTION_EMULATION -DALT_SINGLE_THREADED    -O0 -g -Wall   -mhw-div -mhw-mul -mno-hw-mulx -mgpopt=global  -o obj/default/main.o main.c
In file included from main.c:19:0:
main.c: In function 'stabilityMonitorTask':
FreeRTOS/queue.h:421:90: warning: passing argument 2 of 'xQueueGenericSend' discards 'volatile' qualifier from pointer target type [-Wdiscarded-qualifiers]
 #define xQueueSend( xQueue, pvItemToQueue, xTicksToWait ) xQueueGenericSend( ( xQueue ), ( pvItemToQueue ), ( xTicksToWait ), queueSEND_TO_BACK )
                                                                                          ^
main.c:102:13: note: in expansion of macro 'xQueueSend'
             xQueueSend(Q_freq_data, &frequency, pdFALSE);
             ^
FreeRTOS/queue.h:592:12: note: expected 'const void * const' but argument is of type 'volatile double *'
 BaseType_t xQueueGenericSend( QueueHandle_t xQueue, const void * const pvItemToQueue, TickType_t xTicksToWait, const BaseType_t xCopyPosition ) PRIVILEGED_FUNCTION;
            ^
main.c:96:13: warning: unused variable 'prev' [-Wunused-variable]
     uint8_t prev = stability_flag;
             ^
main.c: In function 'pollingSwitchsTask':
main.c:167:6: warning: unused variable 'led_output' [-Wunused-variable]
  int led_output = 0;
      ^
main.c: In function 'PRVGADraw_Task':
main.c:237:6: warning: operation on 'i' may be undefined [-Wsequence-point]
    i = ++i%100;
      ^
Info: Linking freqyAnalyser.elf
nios2-elf-g++  -T'../freqyAnalyser_bsp//linker.x' -msys-crt0='../freqyAnalyser_bsp//obj/HAL/src/crt0.o' -msys-lib=hal_bsp -L../freqyAnalyser_bsp/   -Wl,-Map=freqyAnalyser.map   -O0 -g -Wall   -mhw-div -mhw-mul -mno-hw-mulx -mgpopt=global  -o freqyAnalyser.elf obj/default/FreeRTOS/croutine.o obj/default/FreeRTOS/event_groups.o obj/default/FreeRTOS/heap.o obj/default/FreeRTOS/list.o obj/default/FreeRTOS/port.o obj/default/FreeRTOS/queue.o obj/default/FreeRTOS/tasks.o obj/default/FreeRTOS/timers.o obj/default/main.o obj/default/FreeRTOS/port_asm.o -lm -msys-lib=m
nios2-elf-insert freqyAnalyser.elf --thread_model hal --cpu_name nios2 --qsys true --simulation_enabled false --id 7 --sidp 0x430f0 --timestamp 1393900972 --stderr_dev jtag_uart --stdin_dev jtag_uart --stdout_dev jtag_uart --sopc_system_name nios2 --quartus_project_dir "H:/COMPSYS723/COMPSYS-723-Assignment-1/ffrequency_analyser" --sopcinfo H:/COMPSYS723/COMPSYS-723-Assignment-1/ffrequency_analyser/software/freqyAnalyser_bsp/../../nios2.sopcinfo
Info: (freqyAnalyser.elf) 633 KBytes program size (code + initialized data).
Info:                     130561 KBytes free for stack + heap.
Info: Creating freqyAnalyser.objdump
nios2-elf-objdump --disassemble --syms --all-header --source freqyAnalyser.elf >freqyAnalyser.objdump
[freqyAnalyser build complete]
18:57:29 **** Incremental Build of configuration Nios II for project freqyAnalyser ****
make all 
Info: Building ../freqyAnalyser_bsp/
C:/intelFPGA/18.1/nios2eds/bin/gnu/H-x86_64-mingw32/bin/make --no-print-directory -C ../freqyAnalyser_bsp/
[BSP build complete]
Info: Compiling main.c to obj/default/main.o
nios2-elf-gcc -xc -MP -MMD -c -I../freqyAnalyser_bsp//HAL/inc -I../freqyAnalyser_bsp/ -I../freqyAnalyser_bsp//drivers/inc  -pipe -D__hal__ -DALT_NO_INSTRUCTION_EMULATION -DALT_SINGLE_THREADED    -O0 -g -Wall   -mhw-div -mhw-mul -mno-hw-mulx -mgpopt=global  -o obj/default/main.o main.c
In file included from main.c:19:0:
main.c: In function 'stabilityMonitorTask':
FreeRTOS/queue.h:421:90: warning: passing argument 2 of 'xQueueGenericSend' discards 'volatile' qualifier from pointer target type [-Wdiscarded-qualifiers]
 #define xQueueSend( xQueue, pvItemToQueue, xTicksToWait ) xQueueGenericSend( ( xQueue ), ( pvItemToQueue ), ( xTicksToWait ), queueSEND_TO_BACK )
                                                                                          ^
main.c:102:13: note: in expansion of macro 'xQueueSend'
             xQueueSend(Q_freq_data, &frequency, pdFALSE);
             ^
FreeRTOS/queue.h:592:12: note: expected 'const void * const' but argument is of type 'volatile double *'
 BaseType_t xQueueGenericSend( QueueHandle_t xQueue, const void * const pvItemToQueue, TickType_t xTicksToWait, const BaseType_t xCopyPosition ) PRIVILEGED_FUNCTION;
            ^
main.c:96:13: warning: unused variable 'prev' [-Wunused-variable]
     uint8_t prev = stability_flag;
             ^
main.c: In function 'pollingSwitchsTask':
main.c:167:6: warning: unused variable 'led_output' [-Wunused-variable]
  int led_output = 0;
      ^
main.c: In function 'PRVGADraw_Task':
main.c:237:6: warning: operation on 'i' may be undefined [-Wsequence-point]
    i = ++i%100;
      ^
Info: Linking freqyAnalyser.elf
nios2-elf-g++  -T'../freqyAnalyser_bsp//linker.x' -msys-crt0='../freqyAnalyser_bsp//obj/HAL/src/crt0.o' -msys-lib=hal_bsp -L../freqyAnalyser_bsp/   -Wl,-Map=freqyAnalyser.map   -O0 -g -Wall   -mhw-div -mhw-mul -mno-hw-mulx -mgpopt=global  -o freqyAnalyser.elf obj/default/FreeRTOS/croutine.o obj/default/FreeRTOS/event_groups.o obj/default/FreeRTOS/heap.o obj/default/FreeRTOS/list.o obj/default/FreeRTOS/port.o obj/default/FreeRTOS/queue.o obj/default/FreeRTOS/tasks.o obj/default/FreeRTOS/timers.o obj/default/main.o obj/default/FreeRTOS/port_asm.o -lm -msys-lib=m
nios2-elf-insert freqyAnalyser.elf --thread_model hal --cpu_name nios2 --qsys true --simulation_enabled false --id 7 --sidp 0x430f0 --timestamp 1393900972 --stderr_dev jtag_uart --stdin_dev jtag_uart --stdout_dev jtag_uart --sopc_system_name nios2 --quartus_project_dir "H:/COMPSYS723/COMPSYS-723-Assignment-1/ffrequency_analyser" --sopcinfo H:/COMPSYS723/COMPSYS-723-Assignment-1/ffrequency_analyser/software/freqyAnalyser_bsp/../../nios2.sopcinfo
Info: (freqyAnalyser.elf) 633 KBytes program size (code + initialized data).
Info:                     130561 KBytes free for stack + heap.
Info: Creating freqyAnalyser.objdump
nios2-elf-objdump --disassemble --syms --all-header --source freqyAnalyser.elf >freqyAnalyser.objdump
[freqyAnalyser build complete]
