15:11:08 **** Incremental Build of configuration Nios II for project Ass_1 ****
make all 
Info: Building ../Ass_1_bsp/
C:/intelFPGA/18.1/nios2eds/bin/gnu/H-x86_64-mingw32/bin/make --no-print-directory -C ../Ass_1_bsp/
[BSP build complete]
Info: Compiling main.c to obj/default/main.o
nios2-elf-gcc -xc -MP -MMD -c -I../Ass_1_bsp//HAL/inc -I../Ass_1_bsp/ -I../Ass_1_bsp//drivers/inc  -pipe -D__hal__ -DALT_NO_INSTRUCTION_EMULATION -DALT_SINGLE_THREADED    -O0 -g -Wall   -mhw-div -mhw-mul -mno-hw-mulx -mgpopt=global  -o obj/default/main.o main.c
In file included from main.c:19:0:
main.c: In function 'stabilityMonitorTask':
FreeRTOS/queue.h:1100:123: warning: passing argument 2 of 'xQueueGenericSendFromISR' discards 'volatile' qualifier from pointer target type [-Wdiscarded-qualifiers]
 #define xQueueSendToBackFromISR( xQueue, pvItemToQueue, pxHigherPriorityTaskWoken ) xQueueGenericSendFromISR( ( xQueue ), ( pvItemToQueue ), ( pxHigherPriorityTaskWoken ), queueSEND_TO_BACK )
                                                                                                                           ^
main.c:110:13: note: in expansion of macro 'xQueueSendToBackFromISR'
             xQueueSendToBackFromISR( Q_freq_data, &frequency, pdFALSE );
             ^
FreeRTOS/queue.h:1340:12: note: expected 'const void * const' but argument is of type 'volatile double *'
 BaseType_t xQueueGenericSendFromISR( QueueHandle_t xQueue, const void * const pvItemToQueue, BaseType_t * const pxHigherPriorityTaskWoken, const BaseType_t xCopyPosition ) PRIVILEGED_FUNCTION;
            ^
main.c: In function 'PRVGADraw_Task':
main.c:234:6: warning: operation on 'i' may be undefined [-Wsequence-point]
    i = ++i%100; //point to the next data (oldest) to be overwritten
      ^
main.c:282:8: warning: unused variable 'stability_flag_str' [-Wunused-variable]
   char stability_flag_str[20];
        ^
main.c: At top level:
main.c:52:13: warning: 'freq_analyser_task' declared 'static' but never defined [-Wunused-function]
 static void freq_analyser_task(void *pvParameters);
             ^
Info: Assembling FreeRTOS/port_asm.S to obj/default/FreeRTOS/port_asm.o
nios2-elf-gcc -MP -MMD -c -I../Ass_1_bsp//HAL/inc -I../Ass_1_bsp/ -I../Ass_1_bsp//drivers/inc  -pipe -D__hal__ -DALT_NO_INSTRUCTION_EMULATION -DALT_SINGLE_THREADED    -O0 -g -Wall   -mhw-div -mhw-mul -mno-hw-mulx -mgpopt=global  -Wa,-I../Ass_1_bsp//HAL/inc -Wa,-I../Ass_1_bsp/ -Wa,-I../Ass_1_bsp//drivers/inc -Wa,-gdwarf2 -o obj/default/FreeRTOS/port_asm.o FreeRTOS/port_asm.S
Info: Linking Ass_1.elf
nios2-elf-g++  -T'../Ass_1_bsp//linker.x' -msys-crt0='../Ass_1_bsp//obj/HAL/src/crt0.o' -msys-lib=hal_bsp -L../Ass_1_bsp/   -Wl,-Map=Ass_1.map   -O0 -g -Wall   -mhw-div -mhw-mul -mno-hw-mulx -mgpopt=global  -o Ass_1.elf obj/default/FreeRTOS/croutine.o obj/default/FreeRTOS/event_groups.o obj/default/FreeRTOS/heap.o obj/default/FreeRTOS/list.o obj/default/FreeRTOS/port.o obj/default/FreeRTOS/queue.o obj/default/FreeRTOS/tasks.o obj/default/FreeRTOS/timers.o obj/default/main.o obj/default/FreeRTOS/port_asm.o -lm -msys-lib=m
nios2-elf-insert Ass_1.elf --thread_model hal --cpu_name nios2 --qsys true --simulation_enabled false --id 7 --sidp 0x430f0 --timestamp 1393900972 --stderr_dev jtag_uart --stdin_dev jtag_uart --stdout_dev jtag_uart --sopc_system_name nios2 --quartus_project_dir "C:/Users/tcas362/Documents/GitHub/COMPSYS-723-Assignment-1/Ass_1" --sopcinfo C:/Users/tcas362/Documents/GitHub/COMPSYS-723-Assignment-1/Ass_1/software/Ass_1_bsp/../../nios2.sopcinfo
Info: (Ass_1.elf) 633 KBytes program size (code + initialized data).
Info:             130561 KBytes free for stack + heap.
Info: Creating Ass_1.objdump
nios2-elf-objdump --disassemble --syms --all-header --source Ass_1.elf >Ass_1.objdump
[Ass_1 build complete]
15:11:15 **** Incremental Build of configuration Nios II for project Ass_1 ****
make all 
Info: Building ../Ass_1_bsp/
C:/intelFPGA/18.1/nios2eds/bin/gnu/H-x86_64-mingw32/bin/make --no-print-directory -C ../Ass_1_bsp/
[BSP build complete]
[Ass_1 build complete]
15:13:09 **** Incremental Build of configuration Nios II for project Ass_1 ****
make all 
Info: Building ../Ass_1_bsp/
C:/intelFPGA/18.1/nios2eds/bin/gnu/H-x86_64-mingw32/bin/make --no-print-directory -C ../Ass_1_bsp/
[BSP build complete]
Info: Compiling main.c to obj/default/main.o
nios2-elf-gcc -xc -MP -MMD -c -I../Ass_1_bsp//HAL/inc -I../Ass_1_bsp/ -I../Ass_1_bsp//drivers/inc  -pipe -D__hal__ -DALT_NO_INSTRUCTION_EMULATION -DALT_SINGLE_THREADED    -O0 -g -Wall   -mhw-div -mhw-mul -mno-hw-mulx -mgpopt=global  -o obj/default/main.o main.c
In file included from main.c:19:0:
main.c: In function 'stabilityMonitorTask':
FreeRTOS/queue.h:1100:123: warning: passing argument 2 of 'xQueueGenericSendFromISR' discards 'volatile' qualifier from pointer target type [-Wdiscarded-qualifiers]
 #define xQueueSendToBackFromISR( xQueue, pvItemToQueue, pxHigherPriorityTaskWoken ) xQueueGenericSendFromISR( ( xQueue ), ( pvItemToQueue ), ( pxHigherPriorityTaskWoken ), queueSEND_TO_BACK )
                                                                                                                           ^
main.c:110:13: note: in expansion of macro 'xQueueSendToBackFromISR'
             xQueueSendToBackFromISR( Q_freq_data, &frequency, pdFALSE );
             ^
FreeRTOS/queue.h:1340:12: note: expected 'const void * const' but argument is of type 'volatile double *'
 BaseType_t xQueueGenericSendFromISR( QueueHandle_t xQueue, const void * const pvItemToQueue, BaseType_t * const pxHigherPriorityTaskWoken, const BaseType_t xCopyPosition ) PRIVILEGED_FUNCTION;
            ^
main.c: In function 'PRVGADraw_Task':
main.c:234:6: warning: operation on 'i' may be undefined [-Wsequence-point]
    i = ++i%100; //point to the next data (oldest) to be overwritten
      ^
main.c:282:8: warning: unused variable 'stability_flag_str' [-Wunused-variable]
   char stability_flag_str[20];
        ^
main.c: At top level:
main.c:52:13: warning: 'freq_analyser_task' declared 'static' but never defined [-Wunused-function]
 static void freq_analyser_task(void *pvParameters);
             ^
Info: Linking Ass_1.elf
nios2-elf-g++  -T'../Ass_1_bsp//linker.x' -msys-crt0='../Ass_1_bsp//obj/HAL/src/crt0.o' -msys-lib=hal_bsp -L../Ass_1_bsp/   -Wl,-Map=Ass_1.map   -O0 -g -Wall   -mhw-div -mhw-mul -mno-hw-mulx -mgpopt=global  -o Ass_1.elf obj/default/FreeRTOS/croutine.o obj/default/FreeRTOS/event_groups.o obj/default/FreeRTOS/heap.o obj/default/FreeRTOS/list.o obj/default/FreeRTOS/port.o obj/default/FreeRTOS/queue.o obj/default/FreeRTOS/tasks.o obj/default/FreeRTOS/timers.o obj/default/main.o obj/default/FreeRTOS/port_asm.o -lm -msys-lib=m
nios2-elf-insert Ass_1.elf --thread_model hal --cpu_name nios2 --qsys true --simulation_enabled false --id 7 --sidp 0x430f0 --timestamp 1393900972 --stderr_dev jtag_uart --stdin_dev jtag_uart --stdout_dev jtag_uart --sopc_system_name nios2 --quartus_project_dir "C:/Users/tcas362/Documents/GitHub/COMPSYS-723-Assignment-1/Ass_1" --sopcinfo C:/Users/tcas362/Documents/GitHub/COMPSYS-723-Assignment-1/Ass_1/software/Ass_1_bsp/../../nios2.sopcinfo
Info: (Ass_1.elf) 633 KBytes program size (code + initialized data).
Info:             130561 KBytes free for stack + heap.
Info: Creating Ass_1.objdump
nios2-elf-objdump --disassemble --syms --all-header --source Ass_1.elf >Ass_1.objdump
[Ass_1 build complete]
15:14:33 **** Incremental Build of configuration Nios II for project Ass_1 ****
make all 
Info: Building ../Ass_1_bsp/
C:/intelFPGA/18.1/nios2eds/bin/gnu/H-x86_64-mingw32/bin/make --no-print-directory -C ../Ass_1_bsp/
[BSP build complete]
[Ass_1 build complete]
15:15:25 **** Incremental Build of configuration Nios II for project Ass_1 ****
make all 
Info: Building ../Ass_1_bsp/
C:/intelFPGA/18.1/nios2eds/bin/gnu/H-x86_64-mingw32/bin/make --no-print-directory -C ../Ass_1_bsp/
[BSP build complete]
Info: Compiling main.c to obj/default/main.o
nios2-elf-gcc -xc -MP -MMD -c -I../Ass_1_bsp//HAL/inc -I../Ass_1_bsp/ -I../Ass_1_bsp//drivers/inc  -pipe -D__hal__ -DALT_NO_INSTRUCTION_EMULATION -DALT_SINGLE_THREADED    -O0 -g -Wall   -mhw-div -mhw-mul -mno-hw-mulx -mgpopt=global  -o obj/default/main.o main.c
In file included from main.c:19:0:
main.c: In function 'stabilityMonitorTask':
FreeRTOS/queue.h:1100:123: warning: passing argument 2 of 'xQueueGenericSendFromISR' discards 'volatile' qualifier from pointer target type [-Wdiscarded-qualifiers]
 #define xQueueSendToBackFromISR( xQueue, pvItemToQueue, pxHigherPriorityTaskWoken ) xQueueGenericSendFromISR( ( xQueue ), ( pvItemToQueue ), ( pxHigherPriorityTaskWoken ), queueSEND_TO_BACK )
                                                                                                                           ^
main.c:110:13: note: in expansion of macro 'xQueueSendToBackFromISR'
             xQueueSendToBackFromISR( Q_freq_data, &frequency, pdFALSE );
             ^
FreeRTOS/queue.h:1340:12: note: expected 'const void * const' but argument is of type 'volatile double *'
 BaseType_t xQueueGenericSendFromISR( QueueHandle_t xQueue, const void * const pvItemToQueue, BaseType_t * const pxHigherPriorityTaskWoken, const BaseType_t xCopyPosition ) PRIVILEGED_FUNCTION;
            ^
main.c: In function 'PRVGADraw_Task':
main.c:234:6: warning: operation on 'i' may be undefined [-Wsequence-point]
    i = ++i%100; //point to the next data (oldest) to be overwritten
      ^
main.c:282:8: warning: unused variable 'stability_flag_str' [-Wunused-variable]
   char stability_flag_str[20];
        ^
main.c: At top level:
main.c:52:13: warning: 'freq_analyser_task' declared 'static' but never defined [-Wunused-function]
 static void freq_analyser_task(void *pvParameters);
             ^
Info: Linking Ass_1.elf
nios2-elf-g++  -T'../Ass_1_bsp//linker.x' -msys-crt0='../Ass_1_bsp//obj/HAL/src/crt0.o' -msys-lib=hal_bsp -L../Ass_1_bsp/   -Wl,-Map=Ass_1.map   -O0 -g -Wall   -mhw-div -mhw-mul -mno-hw-mulx -mgpopt=global  -o Ass_1.elf obj/default/FreeRTOS/croutine.o obj/default/FreeRTOS/event_groups.o obj/default/FreeRTOS/heap.o obj/default/FreeRTOS/list.o obj/default/FreeRTOS/port.o obj/default/FreeRTOS/queue.o obj/default/FreeRTOS/tasks.o obj/default/FreeRTOS/timers.o obj/default/main.o obj/default/FreeRTOS/port_asm.o -lm -msys-lib=m
nios2-elf-insert Ass_1.elf --thread_model hal --cpu_name nios2 --qsys true --simulation_enabled false --id 7 --sidp 0x430f0 --timestamp 1393900972 --stderr_dev jtag_uart --stdin_dev jtag_uart --stdout_dev jtag_uart --sopc_system_name nios2 --quartus_project_dir "C:/Users/tcas362/Documents/GitHub/COMPSYS-723-Assignment-1/Ass_1" --sopcinfo C:/Users/tcas362/Documents/GitHub/COMPSYS-723-Assignment-1/Ass_1/software/Ass_1_bsp/../../nios2.sopcinfo
Info: (Ass_1.elf) 633 KBytes program size (code + initialized data).
Info:             130561 KBytes free for stack + heap.
Info: Creating Ass_1.objdump
nios2-elf-objdump --disassemble --syms --all-header --source Ass_1.elf >Ass_1.objdump
[Ass_1 build complete]
15:19:09 **** Incremental Build of configuration Nios II for project Ass_1 ****
make all 
Info: Building ../Ass_1_bsp/
C:/intelFPGA/18.1/nios2eds/bin/gnu/H-x86_64-mingw32/bin/make --no-print-directory -C ../Ass_1_bsp/
[BSP build complete]
Info: Compiling main.c to obj/default/main.o
nios2-elf-gcc -xc -MP -MMD -c -I../Ass_1_bsp//HAL/inc -I../Ass_1_bsp/ -I../Ass_1_bsp//drivers/inc  -pipe -D__hal__ -DALT_NO_INSTRUCTION_EMULATION -DALT_SINGLE_THREADED    -O0 -g -Wall   -mhw-div -mhw-mul -mno-hw-mulx -mgpopt=global  -o obj/default/main.o main.c
In file included from main.c:19:0:
main.c: In function 'stabilityMonitorTask':
FreeRTOS/queue.h:1100:123: warning: passing argument 2 of 'xQueueGenericSendFromISR' discards 'volatile' qualifier from pointer target type [-Wdiscarded-qualifiers]
 #define xQueueSendToBackFromISR( xQueue, pvItemToQueue, pxHigherPriorityTaskWoken ) xQueueGenericSendFromISR( ( xQueue ), ( pvItemToQueue ), ( pxHigherPriorityTaskWoken ), queueSEND_TO_BACK )
                                                                                                                           ^
main.c:103:13: note: in expansion of macro 'xQueueSendToBackFromISR'
             xQueueSendToBackFromISR( Q_freq_data, &frequency, pdFALSE );
             ^
FreeRTOS/queue.h:1340:12: note: expected 'const void * const' but argument is of type 'volatile double *'
 BaseType_t xQueueGenericSendFromISR( QueueHandle_t xQueue, const void * const pvItemToQueue, BaseType_t * const pxHigherPriorityTaskWoken, const BaseType_t xCopyPosition ) PRIVILEGED_FUNCTION;
            ^
main.c: In function 'PRVGADraw_Task':
main.c:227:6: warning: operation on 'i' may be undefined [-Wsequence-point]
    i = ++i%100; //point to the next data (oldest) to be overwritten
      ^
main.c:275:8: warning: unused variable 'stability_flag_str' [-Wunused-variable]
   char stability_flag_str[20];
        ^
Info: Linking Ass_1.elf
nios2-elf-g++  -T'../Ass_1_bsp//linker.x' -msys-crt0='../Ass_1_bsp//obj/HAL/src/crt0.o' -msys-lib=hal_bsp -L../Ass_1_bsp/   -Wl,-Map=Ass_1.map   -O0 -g -Wall   -mhw-div -mhw-mul -mno-hw-mulx -mgpopt=global  -o Ass_1.elf obj/default/FreeRTOS/croutine.o obj/default/FreeRTOS/event_groups.o obj/default/FreeRTOS/heap.o obj/default/FreeRTOS/list.o obj/default/FreeRTOS/port.o obj/default/FreeRTOS/queue.o obj/default/FreeRTOS/tasks.o obj/default/FreeRTOS/timers.o obj/default/main.o obj/default/FreeRTOS/port_asm.o -lm -msys-lib=m
nios2-elf-insert Ass_1.elf --thread_model hal --cpu_name nios2 --qsys true --simulation_enabled false --id 7 --sidp 0x430f0 --timestamp 1393900972 --stderr_dev jtag_uart --stdin_dev jtag_uart --stdout_dev jtag_uart --sopc_system_name nios2 --quartus_project_dir "C:/Users/tcas362/Documents/GitHub/COMPSYS-723-Assignment-1/Ass_1" --sopcinfo C:/Users/tcas362/Documents/GitHub/COMPSYS-723-Assignment-1/Ass_1/software/Ass_1_bsp/../../nios2.sopcinfo
Info: (Ass_1.elf) 633 KBytes program size (code + initialized data).
Info:             130561 KBytes free for stack + heap.
Info: Creating Ass_1.objdump
nios2-elf-objdump --disassemble --syms --all-header --source Ass_1.elf >Ass_1.objdump
[Ass_1 build complete]
15:21:45 **** Incremental Build of configuration Nios II for project Ass_1 ****
make all 
Info: Building ../Ass_1_bsp/
C:/intelFPGA/18.1/nios2eds/bin/gnu/H-x86_64-mingw32/bin/make --no-print-directory -C ../Ass_1_bsp/
[BSP build complete]
Info: Compiling main.c to obj/default/main.o
nios2-elf-gcc -xc -MP -MMD -c -I../Ass_1_bsp//HAL/inc -I../Ass_1_bsp/ -I../Ass_1_bsp//drivers/inc  -pipe -D__hal__ -DALT_NO_INSTRUCTION_EMULATION -DALT_SINGLE_THREADED    -O0 -g -Wall   -mhw-div -mhw-mul -mno-hw-mulx -mgpopt=global  -o obj/default/main.o main.c
In file included from main.c:19:0:
main.c: In function 'stabilityMonitorTask':
FreeRTOS/queue.h:1100:123: warning: passing argument 2 of 'xQueueGenericSendFromISR' discards 'volatile' qualifier from pointer target type [-Wdiscarded-qualifiers]
 #define xQueueSendToBackFromISR( xQueue, pvItemToQueue, pxHigherPriorityTaskWoken ) xQueueGenericSendFromISR( ( xQueue ), ( pvItemToQueue ), ( pxHigherPriorityTaskWoken ), queueSEND_TO_BACK )
                                                                                                                           ^
main.c:104:13: note: in expansion of macro 'xQueueSendToBackFromISR'
             xQueueSendToBackFromISR( Q_freq_data, &frequency, pdFALSE );
             ^
FreeRTOS/queue.h:1340:12: note: expected 'const void * const' but argument is of type 'volatile double *'
 BaseType_t xQueueGenericSendFromISR( QueueHandle_t xQueue, const void * const pvItemToQueue, BaseType_t * const pxHigherPriorityTaskWoken, const BaseType_t xCopyPosition ) PRIVILEGED_FUNCTION;
            ^
main.c: In function 'PRVGADraw_Task':
main.c:229:6: warning: operation on 'i' may be undefined [-Wsequence-point]
    i = ++i%100; //point to the next data (oldest) to be overwritten
      ^
main.c:275:8: warning: unused variable 'stability_flag_str' [-Wunused-variable]
   char stability_flag_str[20];
        ^
Info: Linking Ass_1.elf
nios2-elf-g++  -T'../Ass_1_bsp//linker.x' -msys-crt0='../Ass_1_bsp//obj/HAL/src/crt0.o' -msys-lib=hal_bsp -L../Ass_1_bsp/   -Wl,-Map=Ass_1.map   -O0 -g -Wall   -mhw-div -mhw-mul -mno-hw-mulx -mgpopt=global  -o Ass_1.elf obj/default/FreeRTOS/croutine.o obj/default/FreeRTOS/event_groups.o obj/default/FreeRTOS/heap.o obj/default/FreeRTOS/list.o obj/default/FreeRTOS/port.o obj/default/FreeRTOS/queue.o obj/default/FreeRTOS/tasks.o obj/default/FreeRTOS/timers.o obj/default/main.o obj/default/FreeRTOS/port_asm.o -lm -msys-lib=m
nios2-elf-insert Ass_1.elf --thread_model hal --cpu_name nios2 --qsys true --simulation_enabled false --id 7 --sidp 0x430f0 --timestamp 1393900972 --stderr_dev jtag_uart --stdin_dev jtag_uart --stdout_dev jtag_uart --sopc_system_name nios2 --quartus_project_dir "C:/Users/tcas362/Documents/GitHub/COMPSYS-723-Assignment-1/Ass_1" --sopcinfo C:/Users/tcas362/Documents/GitHub/COMPSYS-723-Assignment-1/Ass_1/software/Ass_1_bsp/../../nios2.sopcinfo
Info: (Ass_1.elf) 633 KBytes program size (code + initialized data).
Info:             130561 KBytes free for stack + heap.
Info: Creating Ass_1.objdump
nios2-elf-objdump --disassemble --syms --all-header --source Ass_1.elf >Ass_1.objdump
[Ass_1 build complete]
15:24:20 **** Incremental Build of configuration Nios II for project Ass_1 ****
make all 
Info: Building ../Ass_1_bsp/
C:/intelFPGA/18.1/nios2eds/bin/gnu/H-x86_64-mingw32/bin/make --no-print-directory -C ../Ass_1_bsp/
[BSP build complete]
[Ass_1 build complete]
15:26:37 **** Incremental Build of configuration Nios II for project Ass_1 ****
make all 
Info: Building ../Ass_1_bsp/
C:/intelFPGA/18.1/nios2eds/bin/gnu/H-x86_64-mingw32/bin/make --no-print-directory -C ../Ass_1_bsp/
[BSP build complete]
Info: Compiling main.c to obj/default/main.o
nios2-elf-gcc -xc -MP -MMD -c -I../Ass_1_bsp//HAL/inc -I../Ass_1_bsp/ -I../Ass_1_bsp//drivers/inc  -pipe -D__hal__ -DALT_NO_INSTRUCTION_EMULATION -DALT_SINGLE_THREADED    -O0 -g -Wall   -mhw-div -mhw-mul -mno-hw-mulx -mgpopt=global  -o obj/default/main.o main.c
In file included from main.c:19:0:
main.c: In function 'stabilityMonitorTask':
FreeRTOS/queue.h:1100:123: warning: passing argument 2 of 'xQueueGenericSendFromISR' discards 'volatile' qualifier from pointer target type [-Wdiscarded-qualifiers]
 #define xQueueSendToBackFromISR( xQueue, pvItemToQueue, pxHigherPriorityTaskWoken ) xQueueGenericSendFromISR( ( xQueue ), ( pvItemToQueue ), ( pxHigherPriorityTaskWoken ), queueSEND_TO_BACK )
                                                                                                                           ^
main.c:104:13: note: in expansion of macro 'xQueueSendToBackFromISR'
             xQueueSendToBackFromISR( Q_freq_data, &frequency, pdFALSE );
             ^
FreeRTOS/queue.h:1340:12: note: expected 'const void * const' but argument is of type 'volatile double *'
 BaseType_t xQueueGenericSendFromISR( QueueHandle_t xQueue, const void * const pvItemToQueue, BaseType_t * const pxHigherPriorityTaskWoken, const BaseType_t xCopyPosition ) PRIVILEGED_FUNCTION;
            ^
main.c: In function 'PRVGADraw_Task':
main.c:229:6: warning: operation on 'i' may be undefined [-Wsequence-point]
    i = ++i%100; //point to the next data (oldest) to be overwritten
      ^
main.c:275:8: warning: unused variable 'stability_flag_str' [-Wunused-variable]
   char stability_flag_str[20];
        ^
Info: Linking Ass_1.elf
nios2-elf-g++  -T'../Ass_1_bsp//linker.x' -msys-crt0='../Ass_1_bsp//obj/HAL/src/crt0.o' -msys-lib=hal_bsp -L../Ass_1_bsp/   -Wl,-Map=Ass_1.map   -O0 -g -Wall   -mhw-div -mhw-mul -mno-hw-mulx -mgpopt=global  -o Ass_1.elf obj/default/FreeRTOS/croutine.o obj/default/FreeRTOS/event_groups.o obj/default/FreeRTOS/heap.o obj/default/FreeRTOS/list.o obj/default/FreeRTOS/port.o obj/default/FreeRTOS/queue.o obj/default/FreeRTOS/tasks.o obj/default/FreeRTOS/timers.o obj/default/main.o obj/default/FreeRTOS/port_asm.o -lm -msys-lib=m
nios2-elf-insert Ass_1.elf --thread_model hal --cpu_name nios2 --qsys true --simulation_enabled false --id 7 --sidp 0x430f0 --timestamp 1393900972 --stderr_dev jtag_uart --stdin_dev jtag_uart --stdout_dev jtag_uart --sopc_system_name nios2 --quartus_project_dir "C:/Users/tcas362/Documents/GitHub/COMPSYS-723-Assignment-1/Ass_1" --sopcinfo C:/Users/tcas362/Documents/GitHub/COMPSYS-723-Assignment-1/Ass_1/software/Ass_1_bsp/../../nios2.sopcinfo
Info: (Ass_1.elf) 633 KBytes program size (code + initialized data).
Info:             130561 KBytes free for stack + heap.
Info: Creating Ass_1.objdump
nios2-elf-objdump --disassemble --syms --all-header --source Ass_1.elf >Ass_1.objdump
[Ass_1 build complete]
15:27:37 **** Incremental Build of configuration Nios II for project Ass_1 ****
make all 
Info: Building ../Ass_1_bsp/
C:/intelFPGA/18.1/nios2eds/bin/gnu/H-x86_64-mingw32/bin/make --no-print-directory -C ../Ass_1_bsp/
[BSP build complete]
Info: Compiling main.c to obj/default/main.o
nios2-elf-gcc -xc -MP -MMD -c -I../Ass_1_bsp//HAL/inc -I../Ass_1_bsp/ -I../Ass_1_bsp//drivers/inc  -pipe -D__hal__ -DALT_NO_INSTRUCTION_EMULATION -DALT_SINGLE_THREADED    -O0 -g -Wall   -mhw-div -mhw-mul -mno-hw-mulx -mgpopt=global  -o obj/default/main.o main.c
In file included from main.c:19:0:
main.c: In function 'stabilityMonitorTask':
main.c:99:48: error: 'samples' undeclared (first use in this function)
         if (xQueueReceive(stabilityTaskQueue, &samples, portMAX_DELAY)) {
                                                ^
FreeRTOS/queue.h:814:93: note: in definition of macro 'xQueueReceive'
 #define xQueueReceive( xQueue, pvBuffer, xTicksToWait ) xQueueGenericReceive( ( xQueue ), ( pvBuffer ), ( xTicksToWait ), pdFALSE )
                                                                                             ^
main.c:99:48: note: each undeclared identifier is reported only once for each function it appears in
         if (xQueueReceive(stabilityTaskQueue, &samples, portMAX_DELAY)) {
                                                ^
FreeRTOS/queue.h:814:93: note: in definition of macro 'xQueueReceive'
 #define xQueueReceive( xQueue, pvBuffer, xTicksToWait ) xQueueGenericReceive( ( xQueue ), ( pvBuffer ), ( xTicksToWait ), pdFALSE )
                                                                                             ^
FreeRTOS/queue.h:1100:123: warning: passing argument 2 of 'xQueueGenericSendFromISR' discards 'volatile' qualifier from pointer target type [-Wdiscarded-qualifiers]
 #define xQueueSendToBackFromISR( xQueue, pvItemToQueue, pxHigherPriorityTaskWoken ) xQueueGenericSendFromISR( ( xQueue ), ( pvItemToQueue ), ( pxHigherPriorityTaskWoken ), queueSEND_TO_BACK )
                                                                                                                           ^
main.c:104:13: note: in expansion of macro 'xQueueSendToBackFromISR'
             xQueueSendToBackFromISR( Q_freq_data, &frequency, pdFALSE );
             ^
FreeRTOS/queue.h:1340:12: note: expected 'const void * const' but argument is of type 'volatile double *'
 BaseType_t xQueueGenericSendFromISR( QueueHandle_t xQueue, const void * const pvItemToQueue, BaseType_t * const pxHigherPriorityTaskWoken, const BaseType_t xCopyPosition ) PRIVILEGED_FUNCTION;
            ^
main.c: In function 'PRVGADraw_Task':
main.c:229:6: warning: operation on 'i' may be undefined [-Wsequence-point]
    i = ++i%100; //point to the next data (oldest) to be overwritten
      ^
main.c:275:8: warning: unused variable 'stability_flag_str' [-Wunused-variable]
   char stability_flag_str[20];
        ^
make: *** [obj/default/main.o] Error 1
15:27:44 **** Incremental Build of configuration Nios II for project Ass_1 ****
make all 
Info: Building ../Ass_1_bsp/
C:/intelFPGA/18.1/nios2eds/bin/gnu/H-x86_64-mingw32/bin/make --no-print-directory -C ../Ass_1_bsp/
[BSP build complete]
Info: Compiling main.c to obj/default/main.o
nios2-elf-gcc -xc -MP -MMD -c -I../Ass_1_bsp//HAL/inc -I../Ass_1_bsp/ -I../Ass_1_bsp//drivers/inc  -pipe -D__hal__ -DALT_NO_INSTRUCTION_EMULATION -DALT_SINGLE_THREADED    -O0 -g -Wall   -mhw-div -mhw-mul -mno-hw-mulx -mgpopt=global  -o obj/default/main.o main.c
In file included from main.c:19:0:
main.c: In function 'stabilityMonitorTask':
FreeRTOS/queue.h:1100:123: warning: passing argument 2 of 'xQueueGenericSendFromISR' discards 'volatile' qualifier from pointer target type [-Wdiscarded-qualifiers]
 #define xQueueSendToBackFromISR( xQueue, pvItemToQueue, pxHigherPriorityTaskWoken ) xQueueGenericSendFromISR( ( xQueue ), ( pvItemToQueue ), ( pxHigherPriorityTaskWoken ), queueSEND_TO_BACK )
                                                                                                                           ^
main.c:104:13: note: in expansion of macro 'xQueueSendToBackFromISR'
             xQueueSendToBackFromISR( Q_freq_data, &frequency, pdFALSE );
             ^
FreeRTOS/queue.h:1340:12: note: expected 'const void * const' but argument is of type 'volatile double *'
 BaseType_t xQueueGenericSendFromISR( QueueHandle_t xQueue, const void * const pvItemToQueue, BaseType_t * const pxHigherPriorityTaskWoken, const BaseType_t xCopyPosition ) PRIVILEGED_FUNCTION;
            ^
main.c: In function 'PRVGADraw_Task':
main.c:229:6: warning: operation on 'i' may be undefined [-Wsequence-point]
    i = ++i%100; //point to the next data (oldest) to be overwritten
      ^
main.c:275:8: warning: unused variable 'stability_flag_str' [-Wunused-variable]
   char stability_flag_str[20];
        ^
Info: Linking Ass_1.elf
nios2-elf-g++  -T'../Ass_1_bsp//linker.x' -msys-crt0='../Ass_1_bsp//obj/HAL/src/crt0.o' -msys-lib=hal_bsp -L../Ass_1_bsp/   -Wl,-Map=Ass_1.map   -O0 -g -Wall   -mhw-div -mhw-mul -mno-hw-mulx -mgpopt=global  -o Ass_1.elf obj/default/FreeRTOS/croutine.o obj/default/FreeRTOS/event_groups.o obj/default/FreeRTOS/heap.o obj/default/FreeRTOS/list.o obj/default/FreeRTOS/port.o obj/default/FreeRTOS/queue.o obj/default/FreeRTOS/tasks.o obj/default/FreeRTOS/timers.o obj/default/main.o obj/default/FreeRTOS/port_asm.o -lm -msys-lib=m
nios2-elf-insert Ass_1.elf --thread_model hal --cpu_name nios2 --qsys true --simulation_enabled false --id 7 --sidp 0x430f0 --timestamp 1393900972 --stderr_dev jtag_uart --stdin_dev jtag_uart --stdout_dev jtag_uart --sopc_system_name nios2 --quartus_project_dir "C:/Users/tcas362/Documents/GitHub/COMPSYS-723-Assignment-1/Ass_1" --sopcinfo C:/Users/tcas362/Documents/GitHub/COMPSYS-723-Assignment-1/Ass_1/software/Ass_1_bsp/../../nios2.sopcinfo
Info: (Ass_1.elf) 633 KBytes program size (code + initialized data).
Info:             130561 KBytes free for stack + heap.
Info: Creating Ass_1.objdump
nios2-elf-objdump --disassemble --syms --all-header --source Ass_1.elf >Ass_1.objdump
[Ass_1 build complete]
15:28:03 **** Incremental Build of configuration Nios II for project Ass_1 ****
make all 
Info: Building ../Ass_1_bsp/
C:/intelFPGA/18.1/nios2eds/bin/gnu/H-x86_64-mingw32/bin/make --no-print-directory -C ../Ass_1_bsp/
[BSP build complete]
Info: Compiling main.c to obj/default/main.o
nios2-elf-gcc -xc -MP -MMD -c -I../Ass_1_bsp//HAL/inc -I../Ass_1_bsp/ -I../Ass_1_bsp//drivers/inc  -pipe -D__hal__ -DALT_NO_INSTRUCTION_EMULATION -DALT_SINGLE_THREADED    -O0 -g -Wall   -mhw-div -mhw-mul -mno-hw-mulx -mgpopt=global  -o obj/default/main.o main.c
In file included from main.c:19:0:
main.c: In function 'stabilityMonitorTask':
FreeRTOS/queue.h:1100:123: warning: passing argument 2 of 'xQueueGenericSendFromISR' discards 'volatile' qualifier from pointer target type [-Wdiscarded-qualifiers]
 #define xQueueSendToBackFromISR( xQueue, pvItemToQueue, pxHigherPriorityTaskWoken ) xQueueGenericSendFromISR( ( xQueue ), ( pvItemToQueue ), ( pxHigherPriorityTaskWoken ), queueSEND_TO_BACK )
                                                                                                                           ^
main.c:104:13: note: in expansion of macro 'xQueueSendToBackFromISR'
             xQueueSendToBackFromISR( Q_freq_data, &frequency, pdFALSE );
             ^
FreeRTOS/queue.h:1340:12: note: expected 'const void * const' but argument is of type 'volatile double *'
 BaseType_t xQueueGenericSendFromISR( QueueHandle_t xQueue, const void * const pvItemToQueue, BaseType_t * const pxHigherPriorityTaskWoken, const BaseType_t xCopyPosition ) PRIVILEGED_FUNCTION;
            ^
main.c: In function 'PRVGADraw_Task':
main.c:229:6: warning: operation on 'i' may be undefined [-Wsequence-point]
    i = ++i%100; //point to the next data (oldest) to be overwritten
      ^
main.c:275:8: warning: unused variable 'stability_flag_str' [-Wunused-variable]
   char stability_flag_str[20];
        ^
Info: Linking Ass_1.elf
nios2-elf-g++  -T'../Ass_1_bsp//linker.x' -msys-crt0='../Ass_1_bsp//obj/HAL/src/crt0.o' -msys-lib=hal_bsp -L../Ass_1_bsp/   -Wl,-Map=Ass_1.map   -O0 -g -Wall   -mhw-div -mhw-mul -mno-hw-mulx -mgpopt=global  -o Ass_1.elf obj/default/FreeRTOS/croutine.o obj/default/FreeRTOS/event_groups.o obj/default/FreeRTOS/heap.o obj/default/FreeRTOS/list.o obj/default/FreeRTOS/port.o obj/default/FreeRTOS/queue.o obj/default/FreeRTOS/tasks.o obj/default/FreeRTOS/timers.o obj/default/main.o obj/default/FreeRTOS/port_asm.o -lm -msys-lib=m
nios2-elf-insert Ass_1.elf --thread_model hal --cpu_name nios2 --qsys true --simulation_enabled false --id 7 --sidp 0x430f0 --timestamp 1393900972 --stderr_dev jtag_uart --stdin_dev jtag_uart --stdout_dev jtag_uart --sopc_system_name nios2 --quartus_project_dir "C:/Users/tcas362/Documents/GitHub/COMPSYS-723-Assignment-1/Ass_1" --sopcinfo C:/Users/tcas362/Documents/GitHub/COMPSYS-723-Assignment-1/Ass_1/software/Ass_1_bsp/../../nios2.sopcinfo
Info: (Ass_1.elf) 633 KBytes program size (code + initialized data).
Info:             130560 KBytes free for stack + heap.
Info: Creating Ass_1.objdump
nios2-elf-objdump --disassemble --syms --all-header --source Ass_1.elf >Ass_1.objdump
[Ass_1 build complete]
15:30:06 **** Incremental Build of configuration Nios II for project Ass_1 ****
make all 
Info: Building ../Ass_1_bsp/
C:/intelFPGA/18.1/nios2eds/bin/gnu/H-x86_64-mingw32/bin/make --no-print-directory -C ../Ass_1_bsp/
[BSP build complete]
Info: Compiling main.c to obj/default/main.o
nios2-elf-gcc -xc -MP -MMD -c -I../Ass_1_bsp//HAL/inc -I../Ass_1_bsp/ -I../Ass_1_bsp//drivers/inc  -pipe -D__hal__ -DALT_NO_INSTRUCTION_EMULATION -DALT_SINGLE_THREADED    -O0 -g -Wall   -mhw-div -mhw-mul -mno-hw-mulx -mgpopt=global  -o obj/default/main.o main.c
In file included from main.c:19:0:
main.c: In function 'stabilityMonitorTask':
FreeRTOS/queue.h:1100:123: warning: passing argument 2 of 'xQueueGenericSendFromISR' discards 'volatile' qualifier from pointer target type [-Wdiscarded-qualifiers]
 #define xQueueSendToBackFromISR( xQueue, pvItemToQueue, pxHigherPriorityTaskWoken ) xQueueGenericSendFromISR( ( xQueue ), ( pvItemToQueue ), ( pxHigherPriorityTaskWoken ), queueSEND_TO_BACK )
                                                                                                                           ^
main.c:105:13: note: in expansion of macro 'xQueueSendToBackFromISR'
             xQueueSendToBackFromISR( Q_freq_data, &frequency, pdFALSE );
             ^
FreeRTOS/queue.h:1340:12: note: expected 'const void * const' but argument is of type 'volatile double *'
 BaseType_t xQueueGenericSendFromISR( QueueHandle_t xQueue, const void * const pvItemToQueue, BaseType_t * const pxHigherPriorityTaskWoken, const BaseType_t xCopyPosition ) PRIVILEGED_FUNCTION;
            ^
main.c: In function 'PRVGADraw_Task':
main.c:230:6: warning: operation on 'i' may be undefined [-Wsequence-point]
    i = ++i%100; //point to the next data (oldest) to be overwritten
      ^
main.c:276:8: warning: unused variable 'stability_flag_str' [-Wunused-variable]
   char stability_flag_str[20];
        ^
Info: Linking Ass_1.elf
nios2-elf-g++  -T'../Ass_1_bsp//linker.x' -msys-crt0='../Ass_1_bsp//obj/HAL/src/crt0.o' -msys-lib=hal_bsp -L../Ass_1_bsp/   -Wl,-Map=Ass_1.map   -O0 -g -Wall   -mhw-div -mhw-mul -mno-hw-mulx -mgpopt=global  -o Ass_1.elf obj/default/FreeRTOS/croutine.o obj/default/FreeRTOS/event_groups.o obj/default/FreeRTOS/heap.o obj/default/FreeRTOS/list.o obj/default/FreeRTOS/port.o obj/default/FreeRTOS/queue.o obj/default/FreeRTOS/tasks.o obj/default/FreeRTOS/timers.o obj/default/main.o obj/default/FreeRTOS/port_asm.o -lm -msys-lib=m
nios2-elf-insert Ass_1.elf --thread_model hal --cpu_name nios2 --qsys true --simulation_enabled false --id 7 --sidp 0x430f0 --timestamp 1393900972 --stderr_dev jtag_uart --stdin_dev jtag_uart --stdout_dev jtag_uart --sopc_system_name nios2 --quartus_project_dir "C:/Users/tcas362/Documents/GitHub/COMPSYS-723-Assignment-1/Ass_1" --sopcinfo C:/Users/tcas362/Documents/GitHub/COMPSYS-723-Assignment-1/Ass_1/software/Ass_1_bsp/../../nios2.sopcinfo
Info: (Ass_1.elf) 633 KBytes program size (code + initialized data).
Info:             130561 KBytes free for stack + heap.
Info: Creating Ass_1.objdump
nios2-elf-objdump --disassemble --syms --all-header --source Ass_1.elf >Ass_1.objdump
[Ass_1 build complete]
15:31:57 **** Incremental Build of configuration Nios II for project Ass_1 ****
make all 
Info: Building ../Ass_1_bsp/
C:/intelFPGA/18.1/nios2eds/bin/gnu/H-x86_64-mingw32/bin/make --no-print-directory -C ../Ass_1_bsp/
[BSP build complete]
Info: Compiling main.c to obj/default/main.o
nios2-elf-gcc -xc -MP -MMD -c -I../Ass_1_bsp//HAL/inc -I../Ass_1_bsp/ -I../Ass_1_bsp//drivers/inc  -pipe -D__hal__ -DALT_NO_INSTRUCTION_EMULATION -DALT_SINGLE_THREADED    -O0 -g -Wall   -mhw-div -mhw-mul -mno-hw-mulx -mgpopt=global  -o obj/default/main.o main.c
In file included from main.c:19:0:
main.c: In function 'stabilityMonitorTask':
FreeRTOS/queue.h:1100:123: warning: passing argument 2 of 'xQueueGenericSendFromISR' discards 'volatile' qualifier from pointer target type [-Wdiscarded-qualifiers]
 #define xQueueSendToBackFromISR( xQueue, pvItemToQueue, pxHigherPriorityTaskWoken ) xQueueGenericSendFromISR( ( xQueue ), ( pvItemToQueue ), ( pxHigherPriorityTaskWoken ), queueSEND_TO_BACK )
                                                                                                                           ^
main.c:104:13: note: in expansion of macro 'xQueueSendToBackFromISR'
             xQueueSendToBackFromISR( Q_freq_data, &frequency, pdFALSE );
             ^
FreeRTOS/queue.h:1340:12: note: expected 'const void * const' but argument is of type 'volatile double *'
 BaseType_t xQueueGenericSendFromISR( QueueHandle_t xQueue, const void * const pvItemToQueue, BaseType_t * const pxHigherPriorityTaskWoken, const BaseType_t xCopyPosition ) PRIVILEGED_FUNCTION;
            ^
main.c: In function 'PRVGADraw_Task':
main.c:226:6: warning: operation on 'i' may be undefined [-Wsequence-point]
    i = ++i%100; //point to the next data (oldest) to be overwritten
      ^
main.c:272:8: warning: unused variable 'stability_flag_str' [-Wunused-variable]
   char stability_flag_str[20];
        ^
Info: Linking Ass_1.elf
nios2-elf-g++  -T'../Ass_1_bsp//linker.x' -msys-crt0='../Ass_1_bsp//obj/HAL/src/crt0.o' -msys-lib=hal_bsp -L../Ass_1_bsp/   -Wl,-Map=Ass_1.map   -O0 -g -Wall   -mhw-div -mhw-mul -mno-hw-mulx -mgpopt=global  -o Ass_1.elf obj/default/FreeRTOS/croutine.o obj/default/FreeRTOS/event_groups.o obj/default/FreeRTOS/heap.o obj/default/FreeRTOS/list.o obj/default/FreeRTOS/port.o obj/default/FreeRTOS/queue.o obj/default/FreeRTOS/tasks.o obj/default/FreeRTOS/timers.o obj/default/main.o obj/default/FreeRTOS/port_asm.o -lm -msys-lib=m
nios2-elf-insert Ass_1.elf --thread_model hal --cpu_name nios2 --qsys true --simulation_enabled false --id 7 --sidp 0x430f0 --timestamp 1393900972 --stderr_dev jtag_uart --stdin_dev jtag_uart --stdout_dev jtag_uart --sopc_system_name nios2 --quartus_project_dir "C:/Users/tcas362/Documents/GitHub/COMPSYS-723-Assignment-1/Ass_1" --sopcinfo C:/Users/tcas362/Documents/GitHub/COMPSYS-723-Assignment-1/Ass_1/software/Ass_1_bsp/../../nios2.sopcinfo
Info: (Ass_1.elf) 633 KBytes program size (code + initialized data).
Info:             130561 KBytes free for stack + heap.
Info: Creating Ass_1.objdump
nios2-elf-objdump --disassemble --syms --all-header --source Ass_1.elf >Ass_1.objdump
[Ass_1 build complete]
15:32:21 **** Incremental Build of configuration Nios II for project Ass_1 ****
make all 
Info: Building ../Ass_1_bsp/
C:/intelFPGA/18.1/nios2eds/bin/gnu/H-x86_64-mingw32/bin/make --no-print-directory -C ../Ass_1_bsp/
[BSP build complete]
Info: Compiling main.c to obj/default/main.o
nios2-elf-gcc -xc -MP -MMD -c -I../Ass_1_bsp//HAL/inc -I../Ass_1_bsp/ -I../Ass_1_bsp//drivers/inc  -pipe -D__hal__ -DALT_NO_INSTRUCTION_EMULATION -DALT_SINGLE_THREADED    -O0 -g -Wall   -mhw-div -mhw-mul -mno-hw-mulx -mgpopt=global  -o obj/default/main.o main.c
In file included from main.c:19:0:
main.c: In function 'stabilityMonitorTask':
FreeRTOS/queue.h:1100:123: warning: passing argument 2 of 'xQueueGenericSendFromISR' discards 'volatile' qualifier from pointer target type [-Wdiscarded-qualifiers]
 #define xQueueSendToBackFromISR( xQueue, pvItemToQueue, pxHigherPriorityTaskWoken ) xQueueGenericSendFromISR( ( xQueue ), ( pvItemToQueue ), ( pxHigherPriorityTaskWoken ), queueSEND_TO_BACK )
                                                                                                                           ^
main.c:104:13: note: in expansion of macro 'xQueueSendToBackFromISR'
             xQueueSendToBackFromISR( Q_freq_data, &frequency, pdFALSE );
             ^
FreeRTOS/queue.h:1340:12: note: expected 'const void * const' but argument is of type 'volatile double *'
 BaseType_t xQueueGenericSendFromISR( QueueHandle_t xQueue, const void * const pvItemToQueue, BaseType_t * const pxHigherPriorityTaskWoken, const BaseType_t xCopyPosition ) PRIVILEGED_FUNCTION;
            ^
main.c: In function 'PRVGADraw_Task':
main.c:226:6: warning: operation on 'i' may be undefined [-Wsequence-point]
    i = ++i%100; //point to the next data (oldest) to be overwritten
      ^
main.c:272:8: warning: unused variable 'stability_flag_str' [-Wunused-variable]
   char stability_flag_str[20];
        ^
Info: Linking Ass_1.elf
nios2-elf-g++  -T'../Ass_1_bsp//linker.x' -msys-crt0='../Ass_1_bsp//obj/HAL/src/crt0.o' -msys-lib=hal_bsp -L../Ass_1_bsp/   -Wl,-Map=Ass_1.map   -O0 -g -Wall   -mhw-div -mhw-mul -mno-hw-mulx -mgpopt=global  -o Ass_1.elf obj/default/FreeRTOS/croutine.o obj/default/FreeRTOS/event_groups.o obj/default/FreeRTOS/heap.o obj/default/FreeRTOS/list.o obj/default/FreeRTOS/port.o obj/default/FreeRTOS/queue.o obj/default/FreeRTOS/tasks.o obj/default/FreeRTOS/timers.o obj/default/main.o obj/default/FreeRTOS/port_asm.o -lm -msys-lib=m
nios2-elf-insert Ass_1.elf --thread_model hal --cpu_name nios2 --qsys true --simulation_enabled false --id 7 --sidp 0x430f0 --timestamp 1393900972 --stderr_dev jtag_uart --stdin_dev jtag_uart --stdout_dev jtag_uart --sopc_system_name nios2 --quartus_project_dir "C:/Users/tcas362/Documents/GitHub/COMPSYS-723-Assignment-1/Ass_1" --sopcinfo C:/Users/tcas362/Documents/GitHub/COMPSYS-723-Assignment-1/Ass_1/software/Ass_1_bsp/../../nios2.sopcinfo
Info: (Ass_1.elf) 633 KBytes program size (code + initialized data).
Info:             130561 KBytes free for stack + heap.
Info: Creating Ass_1.objdump
nios2-elf-objdump --disassemble --syms --all-header --source Ass_1.elf >Ass_1.objdump
[Ass_1 build complete]
15:32:39 **** Incremental Build of configuration Nios II for project Ass_1 ****
make all 
Info: Building ../Ass_1_bsp/
C:/intelFPGA/18.1/nios2eds/bin/gnu/H-x86_64-mingw32/bin/make --no-print-directory -C ../Ass_1_bsp/
[BSP build complete]
Info: Compiling main.c to obj/default/main.o
nios2-elf-gcc -xc -MP -MMD -c -I../Ass_1_bsp//HAL/inc -I../Ass_1_bsp/ -I../Ass_1_bsp//drivers/inc  -pipe -D__hal__ -DALT_NO_INSTRUCTION_EMULATION -DALT_SINGLE_THREADED    -O0 -g -Wall   -mhw-div -mhw-mul -mno-hw-mulx -mgpopt=global  -o obj/default/main.o main.c
In file included from main.c:19:0:
main.c: In function 'stabilityMonitorTask':
FreeRTOS/queue.h:1100:123: warning: passing argument 2 of 'xQueueGenericSendFromISR' discards 'volatile' qualifier from pointer target type [-Wdiscarded-qualifiers]
 #define xQueueSendToBackFromISR( xQueue, pvItemToQueue, pxHigherPriorityTaskWoken ) xQueueGenericSendFromISR( ( xQueue ), ( pvItemToQueue ), ( pxHigherPriorityTaskWoken ), queueSEND_TO_BACK )
                                                                                                                           ^
main.c:104:13: note: in expansion of macro 'xQueueSendToBackFromISR'
             xQueueSendToBackFromISR( Q_freq_data, &frequency, pdFALSE );
             ^
FreeRTOS/queue.h:1340:12: note: expected 'const void * const' but argument is of type 'volatile double *'
 BaseType_t xQueueGenericSendFromISR( QueueHandle_t xQueue, const void * const pvItemToQueue, BaseType_t * const pxHigherPriorityTaskWoken, const BaseType_t xCopyPosition ) PRIVILEGED_FUNCTION;
            ^
main.c: In function 'PRVGADraw_Task':
main.c:226:6: warning: operation on 'i' may be undefined [-Wsequence-point]
    i = ++i%100; //point to the next data (oldest) to be overwritten
      ^
main.c:272:8: warning: unused variable 'stability_flag_str' [-Wunused-variable]
   char stability_flag_str[20];
        ^
Info: Linking Ass_1.elf
nios2-elf-g++  -T'../Ass_1_bsp//linker.x' -msys-crt0='../Ass_1_bsp//obj/HAL/src/crt0.o' -msys-lib=hal_bsp -L../Ass_1_bsp/   -Wl,-Map=Ass_1.map   -O0 -g -Wall   -mhw-div -mhw-mul -mno-hw-mulx -mgpopt=global  -o Ass_1.elf obj/default/FreeRTOS/croutine.o obj/default/FreeRTOS/event_groups.o obj/default/FreeRTOS/heap.o obj/default/FreeRTOS/list.o obj/default/FreeRTOS/port.o obj/default/FreeRTOS/queue.o obj/default/FreeRTOS/tasks.o obj/default/FreeRTOS/timers.o obj/default/main.o obj/default/FreeRTOS/port_asm.o -lm -msys-lib=m
nios2-elf-insert Ass_1.elf --thread_model hal --cpu_name nios2 --qsys true --simulation_enabled false --id 7 --sidp 0x430f0 --timestamp 1393900972 --stderr_dev jtag_uart --stdin_dev jtag_uart --stdout_dev jtag_uart --sopc_system_name nios2 --quartus_project_dir "C:/Users/tcas362/Documents/GitHub/COMPSYS-723-Assignment-1/Ass_1" --sopcinfo C:/Users/tcas362/Documents/GitHub/COMPSYS-723-Assignment-1/Ass_1/software/Ass_1_bsp/../../nios2.sopcinfo
Info: (Ass_1.elf) 633 KBytes program size (code + initialized data).
Info:             130561 KBytes free for stack + heap.
Info: Creating Ass_1.objdump
nios2-elf-objdump --disassemble --syms --all-header --source Ass_1.elf >Ass_1.objdump
[Ass_1 build complete]
15:33:37 **** Incremental Build of configuration Nios II for project Ass_1 ****
make all 
Info: Building ../Ass_1_bsp/
C:/intelFPGA/18.1/nios2eds/bin/gnu/H-x86_64-mingw32/bin/make --no-print-directory -C ../Ass_1_bsp/
[BSP build complete]
Info: Compiling main.c to obj/default/main.o
nios2-elf-gcc -xc -MP -MMD -c -I../Ass_1_bsp//HAL/inc -I../Ass_1_bsp/ -I../Ass_1_bsp//drivers/inc  -pipe -D__hal__ -DALT_NO_INSTRUCTION_EMULATION -DALT_SINGLE_THREADED    -O0 -g -Wall   -mhw-div -mhw-mul -mno-hw-mulx -mgpopt=global  -o obj/default/main.o main.c
In file included from main.c:19:0:
main.c: In function 'stabilityMonitorTask':
FreeRTOS/queue.h:1100:123: warning: passing argument 2 of 'xQueueGenericSendFromISR' discards 'volatile' qualifier from pointer target type [-Wdiscarded-qualifiers]
 #define xQueueSendToBackFromISR( xQueue, pvItemToQueue, pxHigherPriorityTaskWoken ) xQueueGenericSendFromISR( ( xQueue ), ( pvItemToQueue ), ( pxHigherPriorityTaskWoken ), queueSEND_TO_BACK )
                                                                                                                           ^
main.c:104:13: note: in expansion of macro 'xQueueSendToBackFromISR'
             xQueueSendToBackFromISR( Q_freq_data, &frequency, pdFALSE );
             ^
FreeRTOS/queue.h:1340:12: note: expected 'const void * const' but argument is of type 'volatile double *'
 BaseType_t xQueueGenericSendFromISR( QueueHandle_t xQueue, const void * const pvItemToQueue, BaseType_t * const pxHigherPriorityTaskWoken, const BaseType_t xCopyPosition ) PRIVILEGED_FUNCTION;
            ^
main.c: In function 'PRVGADraw_Task':
main.c:226:6: warning: operation on 'i' may be undefined [-Wsequence-point]
    i = ++i%100; //point to the next data (oldest) to be overwritten
      ^
main.c:272:8: warning: unused variable 'stability_flag_str' [-Wunused-variable]
   char stability_flag_str[20];
        ^
Info: Linking Ass_1.elf
nios2-elf-g++  -T'../Ass_1_bsp//linker.x' -msys-crt0='../Ass_1_bsp//obj/HAL/src/crt0.o' -msys-lib=hal_bsp -L../Ass_1_bsp/   -Wl,-Map=Ass_1.map   -O0 -g -Wall   -mhw-div -mhw-mul -mno-hw-mulx -mgpopt=global  -o Ass_1.elf obj/default/FreeRTOS/croutine.o obj/default/FreeRTOS/event_groups.o obj/default/FreeRTOS/heap.o obj/default/FreeRTOS/list.o obj/default/FreeRTOS/port.o obj/default/FreeRTOS/queue.o obj/default/FreeRTOS/tasks.o obj/default/FreeRTOS/timers.o obj/default/main.o obj/default/FreeRTOS/port_asm.o -lm -msys-lib=m
nios2-elf-insert Ass_1.elf --thread_model hal --cpu_name nios2 --qsys true --simulation_enabled false --id 7 --sidp 0x430f0 --timestamp 1393900972 --stderr_dev jtag_uart --stdin_dev jtag_uart --stdout_dev jtag_uart --sopc_system_name nios2 --quartus_project_dir "C:/Users/tcas362/Documents/GitHub/COMPSYS-723-Assignment-1/Ass_1" --sopcinfo C:/Users/tcas362/Documents/GitHub/COMPSYS-723-Assignment-1/Ass_1/software/Ass_1_bsp/../../nios2.sopcinfo
Info: (Ass_1.elf) 633 KBytes program size (code + initialized data).
Info:             130561 KBytes free for stack + heap.
Info: Creating Ass_1.objdump
nios2-elf-objdump --disassemble --syms --all-header --source Ass_1.elf >Ass_1.objdump
[Ass_1 build complete]
15:34:25 **** Incremental Build of configuration Nios II for project Ass_1 ****
make all 
Info: Building ../Ass_1_bsp/
C:/intelFPGA/18.1/nios2eds/bin/gnu/H-x86_64-mingw32/bin/make --no-print-directory -C ../Ass_1_bsp/
[BSP build complete]
Info: Compiling main.c to obj/default/main.o
nios2-elf-gcc -xc -MP -MMD -c -I../Ass_1_bsp//HAL/inc -I../Ass_1_bsp/ -I../Ass_1_bsp//drivers/inc  -pipe -D__hal__ -DALT_NO_INSTRUCTION_EMULATION -DALT_SINGLE_THREADED    -O0 -g -Wall   -mhw-div -mhw-mul -mno-hw-mulx -mgpopt=global  -o obj/default/main.o main.c
In file included from main.c:19:0:
main.c: In function 'stabilityMonitorTask':
FreeRTOS/queue.h:1100:123: warning: passing argument 2 of 'xQueueGenericSendFromISR' discards 'volatile' qualifier from pointer target type [-Wdiscarded-qualifiers]
 #define xQueueSendToBackFromISR( xQueue, pvItemToQueue, pxHigherPriorityTaskWoken ) xQueueGenericSendFromISR( ( xQueue ), ( pvItemToQueue ), ( pxHigherPriorityTaskWoken ), queueSEND_TO_BACK )
                                                                                                                           ^
main.c:104:13: note: in expansion of macro 'xQueueSendToBackFromISR'
             xQueueSendToBackFromISR( Q_freq_data, &frequency, pdFALSE );
             ^
FreeRTOS/queue.h:1340:12: note: expected 'const void * const' but argument is of type 'volatile double *'
 BaseType_t xQueueGenericSendFromISR( QueueHandle_t xQueue, const void * const pvItemToQueue, BaseType_t * const pxHigherPriorityTaskWoken, const BaseType_t xCopyPosition ) PRIVILEGED_FUNCTION;
            ^
main.c: In function 'PRVGADraw_Task':
main.c:225:6: warning: operation on 'i' may be undefined [-Wsequence-point]
    i = ++i%100; //point to the next data (oldest) to be overwritten
      ^
main.c:271:8: warning: unused variable 'stability_flag_str' [-Wunused-variable]
   char stability_flag_str[20];
        ^
Info: Linking Ass_1.elf
nios2-elf-g++  -T'../Ass_1_bsp//linker.x' -msys-crt0='../Ass_1_bsp//obj/HAL/src/crt0.o' -msys-lib=hal_bsp -L../Ass_1_bsp/   -Wl,-Map=Ass_1.map   -O0 -g -Wall   -mhw-div -mhw-mul -mno-hw-mulx -mgpopt=global  -o Ass_1.elf obj/default/FreeRTOS/croutine.o obj/default/FreeRTOS/event_groups.o obj/default/FreeRTOS/heap.o obj/default/FreeRTOS/list.o obj/default/FreeRTOS/port.o obj/default/FreeRTOS/queue.o obj/default/FreeRTOS/tasks.o obj/default/FreeRTOS/timers.o obj/default/main.o obj/default/FreeRTOS/port_asm.o -lm -msys-lib=m
nios2-elf-insert Ass_1.elf --thread_model hal --cpu_name nios2 --qsys true --simulation_enabled false --id 7 --sidp 0x430f0 --timestamp 1393900972 --stderr_dev jtag_uart --stdin_dev jtag_uart --stdout_dev jtag_uart --sopc_system_name nios2 --quartus_project_dir "C:/Users/tcas362/Documents/GitHub/COMPSYS-723-Assignment-1/Ass_1" --sopcinfo C:/Users/tcas362/Documents/GitHub/COMPSYS-723-Assignment-1/Ass_1/software/Ass_1_bsp/../../nios2.sopcinfo
Info: (Ass_1.elf) 633 KBytes program size (code + initialized data).
Info:             130561 KBytes free for stack + heap.
Info: Creating Ass_1.objdump
nios2-elf-objdump --disassemble --syms --all-header --source Ass_1.elf >Ass_1.objdump
[Ass_1 build complete]
15:34:53 **** Incremental Build of configuration Nios II for project Ass_1 ****
make all 
Info: Building ../Ass_1_bsp/
C:/intelFPGA/18.1/nios2eds/bin/gnu/H-x86_64-mingw32/bin/make --no-print-directory -C ../Ass_1_bsp/
[BSP build complete]
Info: Compiling main.c to obj/default/main.o
nios2-elf-gcc -xc -MP -MMD -c -I../Ass_1_bsp//HAL/inc -I../Ass_1_bsp/ -I../Ass_1_bsp//drivers/inc  -pipe -D__hal__ -DALT_NO_INSTRUCTION_EMULATION -DALT_SINGLE_THREADED    -O0 -g -Wall   -mhw-div -mhw-mul -mno-hw-mulx -mgpopt=global  -o obj/default/main.o main.c
In file included from main.c:19:0:
main.c: In function 'stabilityMonitorTask':
FreeRTOS/queue.h:1100:123: warning: passing argument 2 of 'xQueueGenericSendFromISR' discards 'volatile' qualifier from pointer target type [-Wdiscarded-qualifiers]
 #define xQueueSendToBackFromISR( xQueue, pvItemToQueue, pxHigherPriorityTaskWoken ) xQueueGenericSendFromISR( ( xQueue ), ( pvItemToQueue ), ( pxHigherPriorityTaskWoken ), queueSEND_TO_BACK )
                                                                                                                           ^
main.c:104:13: note: in expansion of macro 'xQueueSendToBackFromISR'
             xQueueSendToBackFromISR( Q_freq_data, &frequency, pdFALSE );
             ^
FreeRTOS/queue.h:1340:12: note: expected 'const void * const' but argument is of type 'volatile double *'
 BaseType_t xQueueGenericSendFromISR( QueueHandle_t xQueue, const void * const pvItemToQueue, BaseType_t * const pxHigherPriorityTaskWoken, const BaseType_t xCopyPosition ) PRIVILEGED_FUNCTION;
            ^
main.c: In function 'PRVGADraw_Task':
main.c:225:6: warning: operation on 'i' may be undefined [-Wsequence-point]
    i = ++i%100; //point to the next data (oldest) to be overwritten
      ^
main.c:271:8: warning: unused variable 'stability_flag_str' [-Wunused-variable]
   char stability_flag_str[20];
        ^
Info: Linking Ass_1.elf
nios2-elf-g++  -T'../Ass_1_bsp//linker.x' -msys-crt0='../Ass_1_bsp//obj/HAL/src/crt0.o' -msys-lib=hal_bsp -L../Ass_1_bsp/   -Wl,-Map=Ass_1.map   -O0 -g -Wall   -mhw-div -mhw-mul -mno-hw-mulx -mgpopt=global  -o Ass_1.elf obj/default/FreeRTOS/croutine.o obj/default/FreeRTOS/event_groups.o obj/default/FreeRTOS/heap.o obj/default/FreeRTOS/list.o obj/default/FreeRTOS/port.o obj/default/FreeRTOS/queue.o obj/default/FreeRTOS/tasks.o obj/default/FreeRTOS/timers.o obj/default/main.o obj/default/FreeRTOS/port_asm.o -lm -msys-lib=m
nios2-elf-insert Ass_1.elf --thread_model hal --cpu_name nios2 --qsys true --simulation_enabled false --id 7 --sidp 0x430f0 --timestamp 1393900972 --stderr_dev jtag_uart --stdin_dev jtag_uart --stdout_dev jtag_uart --sopc_system_name nios2 --quartus_project_dir "C:/Users/tcas362/Documents/GitHub/COMPSYS-723-Assignment-1/Ass_1" --sopcinfo C:/Users/tcas362/Documents/GitHub/COMPSYS-723-Assignment-1/Ass_1/software/Ass_1_bsp/../../nios2.sopcinfo
Info: (Ass_1.elf) 633 KBytes program size (code + initialized data).
Info:             130561 KBytes free for stack + heap.
Info: Creating Ass_1.objdump
nios2-elf-objdump --disassemble --syms --all-header --source Ass_1.elf >Ass_1.objdump
[Ass_1 build complete]
15:37:04 **** Incremental Build of configuration Nios II for project Ass_1 ****
make all 
Info: Building ../Ass_1_bsp/
C:/intelFPGA/18.1/nios2eds/bin/gnu/H-x86_64-mingw32/bin/make --no-print-directory -C ../Ass_1_bsp/
[BSP build complete]
Info: Compiling main.c to obj/default/main.o
nios2-elf-gcc -xc -MP -MMD -c -I../Ass_1_bsp//HAL/inc -I../Ass_1_bsp/ -I../Ass_1_bsp//drivers/inc  -pipe -D__hal__ -DALT_NO_INSTRUCTION_EMULATION -DALT_SINGLE_THREADED    -O0 -g -Wall   -mhw-div -mhw-mul -mno-hw-mulx -mgpopt=global  -o obj/default/main.o main.c
In file included from main.c:19:0:
main.c: In function 'stabilityMonitorTask':
FreeRTOS/queue.h:1100:123: warning: passing argument 2 of 'xQueueGenericSendFromISR' discards 'volatile' qualifier from pointer target type [-Wdiscarded-qualifiers]
 #define xQueueSendToBackFromISR( xQueue, pvItemToQueue, pxHigherPriorityTaskWoken ) xQueueGenericSendFromISR( ( xQueue ), ( pvItemToQueue ), ( pxHigherPriorityTaskWoken ), queueSEND_TO_BACK )
                                                                                                                           ^
main.c:104:13: note: in expansion of macro 'xQueueSendToBackFromISR'
             xQueueSendToBackFromISR( Q_freq_data, &frequency, pdFALSE );
             ^
FreeRTOS/queue.h:1340:12: note: expected 'const void * const' but argument is of type 'volatile double *'
 BaseType_t xQueueGenericSendFromISR( QueueHandle_t xQueue, const void * const pvItemToQueue, BaseType_t * const pxHigherPriorityTaskWoken, const BaseType_t xCopyPosition ) PRIVILEGED_FUNCTION;
            ^
main.c: In function 'PRVGADraw_Task':
main.c:225:6: warning: operation on 'i' may be undefined [-Wsequence-point]
    i = ++i%100; //point to the next data (oldest) to be overwritten
      ^
main.c:271:8: warning: unused variable 'stability_flag_str' [-Wunused-variable]
   char stability_flag_str[20];
        ^
Info: Linking Ass_1.elf
nios2-elf-g++  -T'../Ass_1_bsp//linker.x' -msys-crt0='../Ass_1_bsp//obj/HAL/src/crt0.o' -msys-lib=hal_bsp -L../Ass_1_bsp/   -Wl,-Map=Ass_1.map   -O0 -g -Wall   -mhw-div -mhw-mul -mno-hw-mulx -mgpopt=global  -o Ass_1.elf obj/default/FreeRTOS/croutine.o obj/default/FreeRTOS/event_groups.o obj/default/FreeRTOS/heap.o obj/default/FreeRTOS/list.o obj/default/FreeRTOS/port.o obj/default/FreeRTOS/queue.o obj/default/FreeRTOS/tasks.o obj/default/FreeRTOS/timers.o obj/default/main.o obj/default/FreeRTOS/port_asm.o -lm -msys-lib=m
nios2-elf-insert Ass_1.elf --thread_model hal --cpu_name nios2 --qsys true --simulation_enabled false --id 7 --sidp 0x430f0 --timestamp 1393900972 --stderr_dev jtag_uart --stdin_dev jtag_uart --stdout_dev jtag_uart --sopc_system_name nios2 --quartus_project_dir "C:/Users/tcas362/Documents/GitHub/COMPSYS-723-Assignment-1/Ass_1" --sopcinfo C:/Users/tcas362/Documents/GitHub/COMPSYS-723-Assignment-1/Ass_1/software/Ass_1_bsp/../../nios2.sopcinfo
Info: (Ass_1.elf) 633 KBytes program size (code + initialized data).
Info:             130561 KBytes free for stack + heap.
Info: Creating Ass_1.objdump
nios2-elf-objdump --disassemble --syms --all-header --source Ass_1.elf >Ass_1.objdump
[Ass_1 build complete]
15:38:06 **** Incremental Build of configuration Nios II for project Ass_1 ****
make all 
Info: Building ../Ass_1_bsp/
C:/intelFPGA/18.1/nios2eds/bin/gnu/H-x86_64-mingw32/bin/make --no-print-directory -C ../Ass_1_bsp/
[BSP build complete]
Info: Compiling main.c to obj/default/main.o
nios2-elf-gcc -xc -MP -MMD -c -I../Ass_1_bsp//HAL/inc -I../Ass_1_bsp/ -I../Ass_1_bsp//drivers/inc  -pipe -D__hal__ -DALT_NO_INSTRUCTION_EMULATION -DALT_SINGLE_THREADED    -O0 -g -Wall   -mhw-div -mhw-mul -mno-hw-mulx -mgpopt=global  -o obj/default/main.o main.c
In file included from main.c:19:0:
main.c: In function 'stabilityMonitorTask':
FreeRTOS/queue.h:1100:123: warning: passing argument 2 of 'xQueueGenericSendFromISR' discards 'volatile' qualifier from pointer target type [-Wdiscarded-qualifiers]
 #define xQueueSendToBackFromISR( xQueue, pvItemToQueue, pxHigherPriorityTaskWoken ) xQueueGenericSendFromISR( ( xQueue ), ( pvItemToQueue ), ( pxHigherPriorityTaskWoken ), queueSEND_TO_BACK )
                                                                                                                           ^
main.c:104:13: note: in expansion of macro 'xQueueSendToBackFromISR'
             xQueueSendToBackFromISR( Q_freq_data, &frequency, pdFALSE );
             ^
FreeRTOS/queue.h:1340:12: note: expected 'const void * const' but argument is of type 'volatile double *'
 BaseType_t xQueueGenericSendFromISR( QueueHandle_t xQueue, const void * const pvItemToQueue, BaseType_t * const pxHigherPriorityTaskWoken, const BaseType_t xCopyPosition ) PRIVILEGED_FUNCTION;
            ^
main.c: In function 'PRVGADraw_Task':
main.c:225:6: warning: operation on 'i' may be undefined [-Wsequence-point]
    i = ++i%100; //point to the next data (oldest) to be overwritten
      ^
main.c:271:8: warning: unused variable 'stability_flag_str' [-Wunused-variable]
   char stability_flag_str[20];
        ^
Info: Linking Ass_1.elf
nios2-elf-g++  -T'../Ass_1_bsp//linker.x' -msys-crt0='../Ass_1_bsp//obj/HAL/src/crt0.o' -msys-lib=hal_bsp -L../Ass_1_bsp/   -Wl,-Map=Ass_1.map   -O0 -g -Wall   -mhw-div -mhw-mul -mno-hw-mulx -mgpopt=global  -o Ass_1.elf obj/default/FreeRTOS/croutine.o obj/default/FreeRTOS/event_groups.o obj/default/FreeRTOS/heap.o obj/default/FreeRTOS/list.o obj/default/FreeRTOS/port.o obj/default/FreeRTOS/queue.o obj/default/FreeRTOS/tasks.o obj/default/FreeRTOS/timers.o obj/default/main.o obj/default/FreeRTOS/port_asm.o -lm -msys-lib=m
nios2-elf-insert Ass_1.elf --thread_model hal --cpu_name nios2 --qsys true --simulation_enabled false --id 7 --sidp 0x430f0 --timestamp 1393900972 --stderr_dev jtag_uart --stdin_dev jtag_uart --stdout_dev jtag_uart --sopc_system_name nios2 --quartus_project_dir "C:/Users/tcas362/Documents/GitHub/COMPSYS-723-Assignment-1/Ass_1" --sopcinfo C:/Users/tcas362/Documents/GitHub/COMPSYS-723-Assignment-1/Ass_1/software/Ass_1_bsp/../../nios2.sopcinfo
Info: (Ass_1.elf) 633 KBytes program size (code + initialized data).
Info:             130561 KBytes free for stack + heap.
Info: Creating Ass_1.objdump
nios2-elf-objdump --disassemble --syms --all-header --source Ass_1.elf >Ass_1.objdump
[Ass_1 build complete]
15:39:30 **** Incremental Build of configuration Nios II for project Ass_1 ****
make all 
Info: Building ../Ass_1_bsp/
C:/intelFPGA/18.1/nios2eds/bin/gnu/H-x86_64-mingw32/bin/make --no-print-directory -C ../Ass_1_bsp/
[BSP build complete]
Info: Compiling main.c to obj/default/main.o
nios2-elf-gcc -xc -MP -MMD -c -I../Ass_1_bsp//HAL/inc -I../Ass_1_bsp/ -I../Ass_1_bsp//drivers/inc  -pipe -D__hal__ -DALT_NO_INSTRUCTION_EMULATION -DALT_SINGLE_THREADED    -O0 -g -Wall   -mhw-div -mhw-mul -mno-hw-mulx -mgpopt=global  -o obj/default/main.o main.c
In file included from main.c:19:0:
main.c: In function 'stabilityMonitorTask':
FreeRTOS/queue.h:1100:123: warning: passing argument 2 of 'xQueueGenericSendFromISR' discards 'volatile' qualifier from pointer target type [-Wdiscarded-qualifiers]
 #define xQueueSendToBackFromISR( xQueue, pvItemToQueue, pxHigherPriorityTaskWoken ) xQueueGenericSendFromISR( ( xQueue ), ( pvItemToQueue ), ( pxHigherPriorityTaskWoken ), queueSEND_TO_BACK )
                                                                                                                           ^
main.c:104:13: note: in expansion of macro 'xQueueSendToBackFromISR'
             xQueueSendToBackFromISR( Q_freq_data, &frequency, pdFALSE );
             ^
FreeRTOS/queue.h:1340:12: note: expected 'const void * const' but argument is of type 'volatile double *'
 BaseType_t xQueueGenericSendFromISR( QueueHandle_t xQueue, const void * const pvItemToQueue, BaseType_t * const pxHigherPriorityTaskWoken, const BaseType_t xCopyPosition ) PRIVILEGED_FUNCTION;
            ^
main.c: In function 'PRVGADraw_Task':
main.c:224:6: warning: operation on 'i' may be undefined [-Wsequence-point]
    i = ++i%100; //point to the next data (oldest) to be overwritten
      ^
main.c:270:8: warning: unused variable 'stability_flag_str' [-Wunused-variable]
   char stability_flag_str[20];
        ^
Info: Linking Ass_1.elf
nios2-elf-g++  -T'../Ass_1_bsp//linker.x' -msys-crt0='../Ass_1_bsp//obj/HAL/src/crt0.o' -msys-lib=hal_bsp -L../Ass_1_bsp/   -Wl,-Map=Ass_1.map   -O0 -g -Wall   -mhw-div -mhw-mul -mno-hw-mulx -mgpopt=global  -o Ass_1.elf obj/default/FreeRTOS/croutine.o obj/default/FreeRTOS/event_groups.o obj/default/FreeRTOS/heap.o obj/default/FreeRTOS/list.o obj/default/FreeRTOS/port.o obj/default/FreeRTOS/queue.o obj/default/FreeRTOS/tasks.o obj/default/FreeRTOS/timers.o obj/default/main.o obj/default/FreeRTOS/port_asm.o -lm -msys-lib=m
nios2-elf-insert Ass_1.elf --thread_model hal --cpu_name nios2 --qsys true --simulation_enabled false --id 7 --sidp 0x430f0 --timestamp 1393900972 --stderr_dev jtag_uart --stdin_dev jtag_uart --stdout_dev jtag_uart --sopc_system_name nios2 --quartus_project_dir "C:/Users/tcas362/Documents/GitHub/COMPSYS-723-Assignment-1/Ass_1" --sopcinfo C:/Users/tcas362/Documents/GitHub/COMPSYS-723-Assignment-1/Ass_1/software/Ass_1_bsp/../../nios2.sopcinfo
Info: (Ass_1.elf) 633 KBytes program size (code + initialized data).
Info:             130561 KBytes free for stack + heap.
Info: Creating Ass_1.objdump
nios2-elf-objdump --disassemble --syms --all-header --source Ass_1.elf >Ass_1.objdump
[Ass_1 build complete]
15:42:01 **** Incremental Build of configuration Nios II for project Ass_1 ****
make all 
Info: Building ../Ass_1_bsp/
C:/intelFPGA/18.1/nios2eds/bin/gnu/H-x86_64-mingw32/bin/make --no-print-directory -C ../Ass_1_bsp/
[BSP build complete]
[Ass_1 build complete]
15:42:49 **** Incremental Build of configuration Nios II for project Ass_1 ****
make all 
Info: Building ../Ass_1_bsp/
C:/intelFPGA/18.1/nios2eds/bin/gnu/H-x86_64-mingw32/bin/make --no-print-directory -C ../Ass_1_bsp/
[BSP build complete]
[Ass_1 build complete]
15:43:26 **** Incremental Build of configuration Nios II for project Ass_1 ****
make all 
Info: Building ../Ass_1_bsp/
C:/intelFPGA/18.1/nios2eds/bin/gnu/H-x86_64-mingw32/bin/make --no-print-directory -C ../Ass_1_bsp/
[BSP build complete]
Info: Compiling main.c to obj/default/main.o
nios2-elf-gcc -xc -MP -MMD -c -I../Ass_1_bsp//HAL/inc -I../Ass_1_bsp/ -I../Ass_1_bsp//drivers/inc  -pipe -D__hal__ -DALT_NO_INSTRUCTION_EMULATION -DALT_SINGLE_THREADED    -O0 -g -Wall   -mhw-div -mhw-mul -mno-hw-mulx -mgpopt=global  -o obj/default/main.o main.c
In file included from main.c:19:0:
main.c: In function 'stabilityMonitorTask':
FreeRTOS/queue.h:1100:123: warning: passing argument 2 of 'xQueueGenericSendFromISR' discards 'volatile' qualifier from pointer target type [-Wdiscarded-qualifiers]
 #define xQueueSendToBackFromISR( xQueue, pvItemToQueue, pxHigherPriorityTaskWoken ) xQueueGenericSendFromISR( ( xQueue ), ( pvItemToQueue ), ( pxHigherPriorityTaskWoken ), queueSEND_TO_BACK )
                                                                                                                           ^
main.c:104:13: note: in expansion of macro 'xQueueSendToBackFromISR'
             xQueueSendToBackFromISR( Q_freq_data, &frequency, pdFALSE );
             ^
FreeRTOS/queue.h:1340:12: note: expected 'const void * const' but argument is of type 'volatile double *'
 BaseType_t xQueueGenericSendFromISR( QueueHandle_t xQueue, const void * const pvItemToQueue, BaseType_t * const pxHigherPriorityTaskWoken, const BaseType_t xCopyPosition ) PRIVILEGED_FUNCTION;
            ^
main.c: In function 'PRVGADraw_Task':
main.c:224:6: warning: operation on 'i' may be undefined [-Wsequence-point]
    i = ++i%100; //point to the next data (oldest) to be overwritten
      ^
main.c:270:8: warning: unused variable 'stability_flag_str' [-Wunused-variable]
   char stability_flag_str[20];
        ^
Info: Linking Ass_1.elf
nios2-elf-g++  -T'../Ass_1_bsp//linker.x' -msys-crt0='../Ass_1_bsp//obj/HAL/src/crt0.o' -msys-lib=hal_bsp -L../Ass_1_bsp/   -Wl,-Map=Ass_1.map   -O0 -g -Wall   -mhw-div -mhw-mul -mno-hw-mulx -mgpopt=global  -o Ass_1.elf obj/default/FreeRTOS/croutine.o obj/default/FreeRTOS/event_groups.o obj/default/FreeRTOS/heap.o obj/default/FreeRTOS/list.o obj/default/FreeRTOS/port.o obj/default/FreeRTOS/queue.o obj/default/FreeRTOS/tasks.o obj/default/FreeRTOS/timers.o obj/default/main.o obj/default/FreeRTOS/port_asm.o -lm -msys-lib=m
nios2-elf-insert Ass_1.elf --thread_model hal --cpu_name nios2 --qsys true --simulation_enabled false --id 7 --sidp 0x430f0 --timestamp 1393900972 --stderr_dev jtag_uart --stdin_dev jtag_uart --stdout_dev jtag_uart --sopc_system_name nios2 --quartus_project_dir "C:/Users/tcas362/Documents/GitHub/COMPSYS-723-Assignment-1/Ass_1" --sopcinfo C:/Users/tcas362/Documents/GitHub/COMPSYS-723-Assignment-1/Ass_1/software/Ass_1_bsp/../../nios2.sopcinfo
Info: (Ass_1.elf) 633 KBytes program size (code + initialized data).
Info:             130561 KBytes free for stack + heap.
Info: Creating Ass_1.objdump
nios2-elf-objdump --disassemble --syms --all-header --source Ass_1.elf >Ass_1.objdump
[Ass_1 build complete]
15:46:10 **** Incremental Build of configuration Nios II for project Ass_1 ****
make all 
Info: Building ../Ass_1_bsp/
C:/intelFPGA/18.1/nios2eds/bin/gnu/H-x86_64-mingw32/bin/make --no-print-directory -C ../Ass_1_bsp/
[BSP build complete]
Info: Compiling main.c to obj/default/main.o
nios2-elf-gcc -xc -MP -MMD -c -I../Ass_1_bsp//HAL/inc -I../Ass_1_bsp/ -I../Ass_1_bsp//drivers/inc  -pipe -D__hal__ -DALT_NO_INSTRUCTION_EMULATION -DALT_SINGLE_THREADED    -O0 -g -Wall   -mhw-div -mhw-mul -mno-hw-mulx -mgpopt=global  -o obj/default/main.o main.c
In file included from main.c:19:0:
main.c: In function 'stabilityMonitorTask':
FreeRTOS/queue.h:1100:123: warning: passing argument 2 of 'xQueueGenericSendFromISR' discards 'volatile' qualifier from pointer target type [-Wdiscarded-qualifiers]
 #define xQueueSendToBackFromISR( xQueue, pvItemToQueue, pxHigherPriorityTaskWoken ) xQueueGenericSendFromISR( ( xQueue ), ( pvItemToQueue ), ( pxHigherPriorityTaskWoken ), queueSEND_TO_BACK )
                                                                                                                           ^
main.c:104:13: note: in expansion of macro 'xQueueSendToBackFromISR'
             xQueueSendToBackFromISR( Q_freq_data, &frequency, pdFALSE );
             ^
FreeRTOS/queue.h:1340:12: note: expected 'const void * const' but argument is of type 'volatile double *'
 BaseType_t xQueueGenericSendFromISR( QueueHandle_t xQueue, const void * const pvItemToQueue, BaseType_t * const pxHigherPriorityTaskWoken, const BaseType_t xCopyPosition ) PRIVILEGED_FUNCTION;
            ^
main.c: In function 'PRVGADraw_Task':
main.c:224:6: warning: operation on 'i' may be undefined [-Wsequence-point]
    i = ++i%100; //point to the next data (oldest) to be overwritten
      ^
main.c:270:8: warning: unused variable 'stability_flag_str' [-Wunused-variable]
   char stability_flag_str[20];
        ^
Info: Linking Ass_1.elf
nios2-elf-g++  -T'../Ass_1_bsp//linker.x' -msys-crt0='../Ass_1_bsp//obj/HAL/src/crt0.o' -msys-lib=hal_bsp -L../Ass_1_bsp/   -Wl,-Map=Ass_1.map   -O0 -g -Wall   -mhw-div -mhw-mul -mno-hw-mulx -mgpopt=global  -o Ass_1.elf obj/default/FreeRTOS/croutine.o obj/default/FreeRTOS/event_groups.o obj/default/FreeRTOS/heap.o obj/default/FreeRTOS/list.o obj/default/FreeRTOS/port.o obj/default/FreeRTOS/queue.o obj/default/FreeRTOS/tasks.o obj/default/FreeRTOS/timers.o obj/default/main.o obj/default/FreeRTOS/port_asm.o -lm -msys-lib=m
nios2-elf-insert Ass_1.elf --thread_model hal --cpu_name nios2 --qsys true --simulation_enabled false --id 7 --sidp 0x430f0 --timestamp 1393900972 --stderr_dev jtag_uart --stdin_dev jtag_uart --stdout_dev jtag_uart --sopc_system_name nios2 --quartus_project_dir "C:/Users/tcas362/Documents/GitHub/COMPSYS-723-Assignment-1/Ass_1" --sopcinfo C:/Users/tcas362/Documents/GitHub/COMPSYS-723-Assignment-1/Ass_1/software/Ass_1_bsp/../../nios2.sopcinfo
Info: (Ass_1.elf) 633 KBytes program size (code + initialized data).
Info:             130561 KBytes free for stack + heap.
Info: Creating Ass_1.objdump
nios2-elf-objdump --disassemble --syms --all-header --source Ass_1.elf >Ass_1.objdump
[Ass_1 build complete]
15:48:00 **** Incremental Build of configuration Nios II for project Ass_1 ****
make all 
Info: Building ../Ass_1_bsp/
C:/intelFPGA/18.1/nios2eds/bin/gnu/H-x86_64-mingw32/bin/make --no-print-directory -C ../Ass_1_bsp/
[BSP build complete]
Info: Compiling main.c to obj/default/main.o
nios2-elf-gcc -xc -MP -MMD -c -I../Ass_1_bsp//HAL/inc -I../Ass_1_bsp/ -I../Ass_1_bsp//drivers/inc  -pipe -D__hal__ -DALT_NO_INSTRUCTION_EMULATION -DALT_SINGLE_THREADED    -O0 -g -Wall   -mhw-div -mhw-mul -mno-hw-mulx -mgpopt=global  -o obj/default/main.o main.c
In file included from main.c:19:0:
main.c: In function 'stabilityMonitorTask':
FreeRTOS/queue.h:1100:123: warning: passing argument 2 of 'xQueueGenericSendFromISR' discards 'volatile' qualifier from pointer target type [-Wdiscarded-qualifiers]
 #define xQueueSendToBackFromISR( xQueue, pvItemToQueue, pxHigherPriorityTaskWoken ) xQueueGenericSendFromISR( ( xQueue ), ( pvItemToQueue ), ( pxHigherPriorityTaskWoken ), queueSEND_TO_BACK )
                                                                                                                           ^
main.c:102:13: note: in expansion of macro 'xQueueSendToBackFromISR'
             xQueueSendToBackFromISR( Q_freq_data, &frequency, pdFALSE );
             ^
FreeRTOS/queue.h:1340:12: note: expected 'const void * const' but argument is of type 'volatile double *'
 BaseType_t xQueueGenericSendFromISR( QueueHandle_t xQueue, const void * const pvItemToQueue, BaseType_t * const pxHigherPriorityTaskWoken, const BaseType_t xCopyPosition ) PRIVILEGED_FUNCTION;
            ^
main.c: In function 'PRVGADraw_Task':
main.c:222:6: warning: operation on 'i' may be undefined [-Wsequence-point]
    i = ++i%100; //point to the next data (oldest) to be overwritten
      ^
main.c:268:8: warning: unused variable 'stability_flag_str' [-Wunused-variable]
   char stability_flag_str[20];
        ^
Info: Linking Ass_1.elf
nios2-elf-g++  -T'../Ass_1_bsp//linker.x' -msys-crt0='../Ass_1_bsp//obj/HAL/src/crt0.o' -msys-lib=hal_bsp -L../Ass_1_bsp/   -Wl,-Map=Ass_1.map   -O0 -g -Wall   -mhw-div -mhw-mul -mno-hw-mulx -mgpopt=global  -o Ass_1.elf obj/default/FreeRTOS/croutine.o obj/default/FreeRTOS/event_groups.o obj/default/FreeRTOS/heap.o obj/default/FreeRTOS/list.o obj/default/FreeRTOS/port.o obj/default/FreeRTOS/queue.o obj/default/FreeRTOS/tasks.o obj/default/FreeRTOS/timers.o obj/default/main.o obj/default/FreeRTOS/port_asm.o -lm -msys-lib=m
nios2-elf-insert Ass_1.elf --thread_model hal --cpu_name nios2 --qsys true --simulation_enabled false --id 7 --sidp 0x430f0 --timestamp 1393900972 --stderr_dev jtag_uart --stdin_dev jtag_uart --stdout_dev jtag_uart --sopc_system_name nios2 --quartus_project_dir "C:/Users/tcas362/Documents/GitHub/COMPSYS-723-Assignment-1/Ass_1" --sopcinfo C:/Users/tcas362/Documents/GitHub/COMPSYS-723-Assignment-1/Ass_1/software/Ass_1_bsp/../../nios2.sopcinfo
Info: (Ass_1.elf) 633 KBytes program size (code + initialized data).
Info:             130561 KBytes free for stack + heap.
Info: Creating Ass_1.objdump
nios2-elf-objdump --disassemble --syms --all-header --source Ass_1.elf >Ass_1.objdump
[Ass_1 build complete]
15:48:49 **** Incremental Build of configuration Nios II for project Ass_1 ****
make all 
Info: Building ../Ass_1_bsp/
C:/intelFPGA/18.1/nios2eds/bin/gnu/H-x86_64-mingw32/bin/make --no-print-directory -C ../Ass_1_bsp/
[BSP build complete]
Info: Compiling main.c to obj/default/main.o
nios2-elf-gcc -xc -MP -MMD -c -I../Ass_1_bsp//HAL/inc -I../Ass_1_bsp/ -I../Ass_1_bsp//drivers/inc  -pipe -D__hal__ -DALT_NO_INSTRUCTION_EMULATION -DALT_SINGLE_THREADED    -O0 -g -Wall   -mhw-div -mhw-mul -mno-hw-mulx -mgpopt=global  -o obj/default/main.o main.c
In file included from main.c:19:0:
main.c: In function 'freq_relay_isr':
FreeRTOS/queue.h:1100:123: warning: passing argument 2 of 'xQueueGenericSendFromISR' discards 'volatile' qualifier from pointer target type [-Wdiscarded-qualifiers]
 #define xQueueSendToBackFromISR( xQueue, pvItemToQueue, pxHigherPriorityTaskWoken ) xQueueGenericSendFromISR( ( xQueue ), ( pvItemToQueue ), ( pxHigherPriorityTaskWoken ), queueSEND_TO_BACK )
                                                                                                                           ^
main.c:90:5: note: in expansion of macro 'xQueueSendToBackFromISR'
     xQueueSendToBackFromISR( Q_freq_data, &frequency, pdFALSE );
     ^
FreeRTOS/queue.h:1340:12: note: expected 'const void * const' but argument is of type 'volatile double *'
 BaseType_t xQueueGenericSendFromISR( QueueHandle_t xQueue, const void * const pvItemToQueue, BaseType_t * const pxHigherPriorityTaskWoken, const BaseType_t xCopyPosition ) PRIVILEGED_FUNCTION;
            ^
main.c: In function 'PRVGADraw_Task':
main.c:222:6: warning: operation on 'i' may be undefined [-Wsequence-point]
    i = ++i%100; //point to the next data (oldest) to be overwritten
      ^
main.c:268:8: warning: unused variable 'stability_flag_str' [-Wunused-variable]
   char stability_flag_str[20];
        ^
Info: Linking Ass_1.elf
nios2-elf-g++  -T'../Ass_1_bsp//linker.x' -msys-crt0='../Ass_1_bsp//obj/HAL/src/crt0.o' -msys-lib=hal_bsp -L../Ass_1_bsp/   -Wl,-Map=Ass_1.map   -O0 -g -Wall   -mhw-div -mhw-mul -mno-hw-mulx -mgpopt=global  -o Ass_1.elf obj/default/FreeRTOS/croutine.o obj/default/FreeRTOS/event_groups.o obj/default/FreeRTOS/heap.o obj/default/FreeRTOS/list.o obj/default/FreeRTOS/port.o obj/default/FreeRTOS/queue.o obj/default/FreeRTOS/tasks.o obj/default/FreeRTOS/timers.o obj/default/main.o obj/default/FreeRTOS/port_asm.o -lm -msys-lib=m
nios2-elf-insert Ass_1.elf --thread_model hal --cpu_name nios2 --qsys true --simulation_enabled false --id 7 --sidp 0x430f0 --timestamp 1393900972 --stderr_dev jtag_uart --stdin_dev jtag_uart --stdout_dev jtag_uart --sopc_system_name nios2 --quartus_project_dir "C:/Users/tcas362/Documents/GitHub/COMPSYS-723-Assignment-1/Ass_1" --sopcinfo C:/Users/tcas362/Documents/GitHub/COMPSYS-723-Assignment-1/Ass_1/software/Ass_1_bsp/../../nios2.sopcinfo
Info: (Ass_1.elf) 633 KBytes program size (code + initialized data).
Info:             130561 KBytes free for stack + heap.
Info: Creating Ass_1.objdump
nios2-elf-objdump --disassemble --syms --all-header --source Ass_1.elf >Ass_1.objdump
[Ass_1 build complete]
15:50:43 **** Incremental Build of configuration Nios II for project Ass_1 ****
make all 
Info: Building ../Ass_1_bsp/
C:/intelFPGA/18.1/nios2eds/bin/gnu/H-x86_64-mingw32/bin/make --no-print-directory -C ../Ass_1_bsp/
[BSP build complete]
Info: Compiling main.c to obj/default/main.o
nios2-elf-gcc -xc -MP -MMD -c -I../Ass_1_bsp//HAL/inc -I../Ass_1_bsp/ -I../Ass_1_bsp//drivers/inc  -pipe -D__hal__ -DALT_NO_INSTRUCTION_EMULATION -DALT_SINGLE_THREADED    -O0 -g -Wall   -mhw-div -mhw-mul -mno-hw-mulx -mgpopt=global  -o obj/default/main.o main.c
In file included from main.c:19:0:
main.c: In function 'freq_relay_isr':
FreeRTOS/queue.h:1261:117: warning: passing argument 2 of 'xQueueGenericSendFromISR' discards 'volatile' qualifier from pointer target type [-Wdiscarded-qualifiers]
 #define xQueueSendFromISR( xQueue, pvItemToQueue, pxHigherPriorityTaskWoken ) xQueueGenericSendFromISR( ( xQueue ), ( pvItemToQueue ), ( pxHigherPriorityTaskWoken ), queueSEND_TO_BACK )
                                                                                                                     ^
main.c:93:5: note: in expansion of macro 'xQueueSendFromISR'
     xQueueSendFromISR(stabilityTaskQueue, &frequency, pdFALSE);
     ^
FreeRTOS/queue.h:1340:12: note: expected 'const void * const' but argument is of type 'volatile double *'
 BaseType_t xQueueGenericSendFromISR( QueueHandle_t xQueue, const void * const pvItemToQueue, BaseType_t * const pxHigherPriorityTaskWoken, const BaseType_t xCopyPosition ) PRIVILEGED_FUNCTION;
            ^
FreeRTOS/queue.h:1100:123: warning: passing argument 2 of 'xQueueGenericSendFromISR' discards 'volatile' qualifier from pointer target type [-Wdiscarded-qualifiers]
 #define xQueueSendToBackFromISR( xQueue, pvItemToQueue, pxHigherPriorityTaskWoken ) xQueueGenericSendFromISR( ( xQueue ), ( pvItemToQueue ), ( pxHigherPriorityTaskWoken ), queueSEND_TO_BACK )
                                                                                                                           ^
main.c:94:5: note: in expansion of macro 'xQueueSendToBackFromISR'
     xQueueSendToBackFromISR( Q_freq_data, &frequency, pdFALSE );
     ^
FreeRTOS/queue.h:1340:12: note: expected 'const void * const' but argument is of type 'volatile double *'
 BaseType_t xQueueGenericSendFromISR( QueueHandle_t xQueue, const void * const pvItemToQueue, BaseType_t * const pxHigherPriorityTaskWoken, const BaseType_t xCopyPosition ) PRIVILEGED_FUNCTION;
            ^
main.c: In function 'stabilityMonitorTask':
FreeRTOS/queue.h:814:91: warning: passing argument 2 of 'xQueueGenericReceive' discards 'volatile' qualifier from pointer target type [-Wdiscarded-qualifiers]
 #define xQueueReceive( xQueue, pvBuffer, xTicksToWait ) xQueueGenericReceive( ( xQueue ), ( pvBuffer ), ( xTicksToWait ), pdFALSE )
                                                                                           ^
main.c:101:13: note: in expansion of macro 'xQueueReceive'
         if (xQueueReceive(stabilityTaskQueue, &frequency, portMAX_DELAY)) {
             ^
FreeRTOS/queue.h:913:12: note: expected 'void * const' but argument is of type 'volatile double *'
 BaseType_t xQueueGenericReceive( QueueHandle_t xQueue, void * const pvBuffer, TickType_t xTicksToWait, const BaseType_t xJustPeek ) PRIVILEGED_FUNCTION;
            ^
main.c:100:7: warning: unused variable 'samples' [-Wunused-variable]
   int samples;
       ^
main.c: In function 'PRVGADraw_Task':
main.c:222:6: warning: operation on 'i' may be undefined [-Wsequence-point]
    i = ++i%100; //point to the next data (oldest) to be overwritten
      ^
main.c:268:8: warning: unused variable 'stability_flag_str' [-Wunused-variable]
   char stability_flag_str[20];
        ^
Info: Linking Ass_1.elf
nios2-elf-g++  -T'../Ass_1_bsp//linker.x' -msys-crt0='../Ass_1_bsp//obj/HAL/src/crt0.o' -msys-lib=hal_bsp -L../Ass_1_bsp/   -Wl,-Map=Ass_1.map   -O0 -g -Wall   -mhw-div -mhw-mul -mno-hw-mulx -mgpopt=global  -o Ass_1.elf obj/default/FreeRTOS/croutine.o obj/default/FreeRTOS/event_groups.o obj/default/FreeRTOS/heap.o obj/default/FreeRTOS/list.o obj/default/FreeRTOS/port.o obj/default/FreeRTOS/queue.o obj/default/FreeRTOS/tasks.o obj/default/FreeRTOS/timers.o obj/default/main.o obj/default/FreeRTOS/port_asm.o -lm -msys-lib=m
nios2-elf-insert Ass_1.elf --thread_model hal --cpu_name nios2 --qsys true --simulation_enabled false --id 7 --sidp 0x430f0 --timestamp 1393900972 --stderr_dev jtag_uart --stdin_dev jtag_uart --stdout_dev jtag_uart --sopc_system_name nios2 --quartus_project_dir "C:/Users/tcas362/Documents/GitHub/COMPSYS-723-Assignment-1/Ass_1" --sopcinfo C:/Users/tcas362/Documents/GitHub/COMPSYS-723-Assignment-1/Ass_1/software/Ass_1_bsp/../../nios2.sopcinfo
Info: (Ass_1.elf) 633 KBytes program size (code + initialized data).
Info:             130561 KBytes free for stack + heap.
Info: Creating Ass_1.objdump
nios2-elf-objdump --disassemble --syms --all-header --source Ass_1.elf >Ass_1.objdump
[Ass_1 build complete]
15:52:52 **** Incremental Build of configuration Nios II for project Ass_1 ****
make all 
Info: Building ../Ass_1_bsp/
C:/intelFPGA/18.1/nios2eds/bin/gnu/H-x86_64-mingw32/bin/make --no-print-directory -C ../Ass_1_bsp/
[BSP build complete]
Info: Compiling main.c to obj/default/main.o
nios2-elf-gcc -xc -MP -MMD -c -I../Ass_1_bsp//HAL/inc -I../Ass_1_bsp/ -I../Ass_1_bsp//drivers/inc  -pipe -D__hal__ -DALT_NO_INSTRUCTION_EMULATION -DALT_SINGLE_THREADED    -O0 -g -Wall   -mhw-div -mhw-mul -mno-hw-mulx -mgpopt=global  -o obj/default/main.o main.c
In file included from main.c:19:0:
main.c: In function 'freq_relay_isr':
FreeRTOS/queue.h:1261:117: warning: passing argument 2 of 'xQueueGenericSendFromISR' discards 'volatile' qualifier from pointer target type [-Wdiscarded-qualifiers]
 #define xQueueSendFromISR( xQueue, pvItemToQueue, pxHigherPriorityTaskWoken ) xQueueGenericSendFromISR( ( xQueue ), ( pvItemToQueue ), ( pxHigherPriorityTaskWoken ), queueSEND_TO_BACK )
                                                                                                                     ^
main.c:93:5: note: in expansion of macro 'xQueueSendFromISR'
     xQueueSendFromISR(stabilityTaskQueue, &frequency, pdFALSE);
     ^
FreeRTOS/queue.h:1340:12: note: expected 'const void * const' but argument is of type 'volatile double *'
 BaseType_t xQueueGenericSendFromISR( QueueHandle_t xQueue, const void * const pvItemToQueue, BaseType_t * const pxHigherPriorityTaskWoken, const BaseType_t xCopyPosition ) PRIVILEGED_FUNCTION;
            ^
FreeRTOS/queue.h:1100:123: warning: passing argument 2 of 'xQueueGenericSendFromISR' discards 'volatile' qualifier from pointer target type [-Wdiscarded-qualifiers]
 #define xQueueSendToBackFromISR( xQueue, pvItemToQueue, pxHigherPriorityTaskWoken ) xQueueGenericSendFromISR( ( xQueue ), ( pvItemToQueue ), ( pxHigherPriorityTaskWoken ), queueSEND_TO_BACK )
                                                                                                                           ^
main.c:94:5: note: in expansion of macro 'xQueueSendToBackFromISR'
     xQueueSendToBackFromISR( Q_freq_data, &frequency, pdFALSE );
     ^
FreeRTOS/queue.h:1340:12: note: expected 'const void * const' but argument is of type 'volatile double *'
 BaseType_t xQueueGenericSendFromISR( QueueHandle_t xQueue, const void * const pvItemToQueue, BaseType_t * const pxHigherPriorityTaskWoken, const BaseType_t xCopyPosition ) PRIVILEGED_FUNCTION;
            ^
main.c: In function 'stabilityMonitorTask':
FreeRTOS/queue.h:814:91: warning: passing argument 2 of 'xQueueGenericReceive' discards 'volatile' qualifier from pointer target type [-Wdiscarded-qualifiers]
 #define xQueueReceive( xQueue, pvBuffer, xTicksToWait ) xQueueGenericReceive( ( xQueue ), ( pvBuffer ), ( xTicksToWait ), pdFALSE )
                                                                                           ^
main.c:100:13: note: in expansion of macro 'xQueueReceive'
         if (xQueueReceive(stabilityTaskQueue, &frequency, portMAX_DELAY)) {
             ^
FreeRTOS/queue.h:913:12: note: expected 'void * const' but argument is of type 'volatile double *'
 BaseType_t xQueueGenericReceive( QueueHandle_t xQueue, void * const pvBuffer, TickType_t xTicksToWait, const BaseType_t xJustPeek ) PRIVILEGED_FUNCTION;
            ^
main.c: In function 'PRVGADraw_Task':
main.c:212:6: warning: operation on 'i' may be undefined [-Wsequence-point]
    i = ++i%100;
      ^
Info: Linking Ass_1.elf
nios2-elf-g++  -T'../Ass_1_bsp//linker.x' -msys-crt0='../Ass_1_bsp//obj/HAL/src/crt0.o' -msys-lib=hal_bsp -L../Ass_1_bsp/   -Wl,-Map=Ass_1.map   -O0 -g -Wall   -mhw-div -mhw-mul -mno-hw-mulx -mgpopt=global  -o Ass_1.elf obj/default/FreeRTOS/croutine.o obj/default/FreeRTOS/event_groups.o obj/default/FreeRTOS/heap.o obj/default/FreeRTOS/list.o obj/default/FreeRTOS/port.o obj/default/FreeRTOS/queue.o obj/default/FreeRTOS/tasks.o obj/default/FreeRTOS/timers.o obj/default/main.o obj/default/FreeRTOS/port_asm.o -lm -msys-lib=m
nios2-elf-insert Ass_1.elf --thread_model hal --cpu_name nios2 --qsys true --simulation_enabled false --id 7 --sidp 0x430f0 --timestamp 1393900972 --stderr_dev jtag_uart --stdin_dev jtag_uart --stdout_dev jtag_uart --sopc_system_name nios2 --quartus_project_dir "C:/Users/tcas362/Documents/GitHub/COMPSYS-723-Assignment-1/Ass_1" --sopcinfo C:/Users/tcas362/Documents/GitHub/COMPSYS-723-Assignment-1/Ass_1/software/Ass_1_bsp/../../nios2.sopcinfo
Info: (Ass_1.elf) 633 KBytes program size (code + initialized data).
Info:             130561 KBytes free for stack + heap.
Info: Creating Ass_1.objdump
nios2-elf-objdump --disassemble --syms --all-header --source Ass_1.elf >Ass_1.objdump
[Ass_1 build complete]
16:22:51 **** Incremental Build of configuration Nios II for project Ass_1 ****
make all 
Info: Building ../Ass_1_bsp/
C:/intelFPGA/18.1/nios2eds/bin/gnu/H-x86_64-mingw32/bin/make --no-print-directory -C ../Ass_1_bsp/
[BSP build complete]
Info: Compiling main.c to obj/default/main.o
nios2-elf-gcc -xc -MP -MMD -c -I../Ass_1_bsp//HAL/inc -I../Ass_1_bsp/ -I../Ass_1_bsp//drivers/inc  -pipe -D__hal__ -DALT_NO_INSTRUCTION_EMULATION -DALT_SINGLE_THREADED    -O0 -g -Wall   -mhw-div -mhw-mul -mno-hw-mulx -mgpopt=global  -o obj/default/main.o main.c
In file included from main.c:19:0:
main.c: In function 'freq_relay_isr':
FreeRTOS/queue.h:1261:117: warning: passing argument 2 of 'xQueueGenericSendFromISR' discards 'volatile' qualifier from pointer target type [-Wdiscarded-qualifiers]
 #define xQueueSendFromISR( xQueue, pvItemToQueue, pxHigherPriorityTaskWoken ) xQueueGenericSendFromISR( ( xQueue ), ( pvItemToQueue ), ( pxHigherPriorityTaskWoken ), queueSEND_TO_BACK )
                                                                                                                     ^
main.c:93:5: note: in expansion of macro 'xQueueSendFromISR'
     xQueueSendFromISR(stabilityTaskQueue, &frequency, pdFALSE);
     ^
FreeRTOS/queue.h:1340:12: note: expected 'const void * const' but argument is of type 'volatile double *'
 BaseType_t xQueueGenericSendFromISR( QueueHandle_t xQueue, const void * const pvItemToQueue, BaseType_t * const pxHigherPriorityTaskWoken, const BaseType_t xCopyPosition ) PRIVILEGED_FUNCTION;
            ^
FreeRTOS/queue.h:1100:123: warning: passing argument 2 of 'xQueueGenericSendFromISR' discards 'volatile' qualifier from pointer target type [-Wdiscarded-qualifiers]
 #define xQueueSendToBackFromISR( xQueue, pvItemToQueue, pxHigherPriorityTaskWoken ) xQueueGenericSendFromISR( ( xQueue ), ( pvItemToQueue ), ( pxHigherPriorityTaskWoken ), queueSEND_TO_BACK )
                                                                                                                           ^
main.c:94:5: note: in expansion of macro 'xQueueSendToBackFromISR'
     xQueueSendToBackFromISR( Q_freq_data, &frequency, pdFALSE );
     ^
FreeRTOS/queue.h:1340:12: note: expected 'const void * const' but argument is of type 'volatile double *'
 BaseType_t xQueueGenericSendFromISR( QueueHandle_t xQueue, const void * const pvItemToQueue, BaseType_t * const pxHigherPriorityTaskWoken, const BaseType_t xCopyPosition ) PRIVILEGED_FUNCTION;
            ^
main.c: In function 'stabilityMonitorTask':
FreeRTOS/queue.h:814:91: warning: passing argument 2 of 'xQueueGenericReceive' discards 'volatile' qualifier from pointer target type [-Wdiscarded-qualifiers]
 #define xQueueReceive( xQueue, pvBuffer, xTicksToWait ) xQueueGenericReceive( ( xQueue ), ( pvBuffer ), ( xTicksToWait ), pdFALSE )
                                                                                           ^
main.c:110:13: note: in expansion of macro 'xQueueReceive'
         if (xQueueReceive(stabilityTaskQueue, &frequency, portMAX_DELAY)) {
             ^
FreeRTOS/queue.h:913:12: note: expected 'void * const' but argument is of type 'volatile double *'
 BaseType_t xQueueGenericReceive( QueueHandle_t xQueue, void * const pvBuffer, TickType_t xTicksToWait, const BaseType_t xJustPeek ) PRIVILEGED_FUNCTION;
            ^
main.c: In function 'PRVGADraw_Task':
main.c:218:6: warning: operation on 'i' may be undefined [-Wsequence-point]
    i = ++i % 100;
      ^
Info: Linking Ass_1.elf
nios2-elf-g++  -T'../Ass_1_bsp//linker.x' -msys-crt0='../Ass_1_bsp//obj/HAL/src/crt0.o' -msys-lib=hal_bsp -L../Ass_1_bsp/   -Wl,-Map=Ass_1.map   -O0 -g -Wall   -mhw-div -mhw-mul -mno-hw-mulx -mgpopt=global  -o Ass_1.elf obj/default/FreeRTOS/croutine.o obj/default/FreeRTOS/event_groups.o obj/default/FreeRTOS/heap.o obj/default/FreeRTOS/list.o obj/default/FreeRTOS/port.o obj/default/FreeRTOS/queue.o obj/default/FreeRTOS/tasks.o obj/default/FreeRTOS/timers.o obj/default/main.o obj/default/FreeRTOS/port_asm.o -lm -msys-lib=m
nios2-elf-insert Ass_1.elf --thread_model hal --cpu_name nios2 --qsys true --simulation_enabled false --id 7 --sidp 0x430f0 --timestamp 1393900972 --stderr_dev jtag_uart --stdin_dev jtag_uart --stdout_dev jtag_uart --sopc_system_name nios2 --quartus_project_dir "C:/Users/tcas362/Documents/GitHub/COMPSYS-723-Assignment-1/Ass_1" --sopcinfo C:/Users/tcas362/Documents/GitHub/COMPSYS-723-Assignment-1/Ass_1/software/Ass_1_bsp/../../nios2.sopcinfo
Info: (Ass_1.elf) 633 KBytes program size (code + initialized data).
Info:             130561 KBytes free for stack + heap.
Info: Creating Ass_1.objdump
nios2-elf-objdump --disassemble --syms --all-header --source Ass_1.elf >Ass_1.objdump
[Ass_1 build complete]
16:25:01 **** Incremental Build of configuration Nios II for project Ass_1 ****
make all 
Info: Building ../Ass_1_bsp/
C:/intelFPGA/18.1/nios2eds/bin/gnu/H-x86_64-mingw32/bin/make --no-print-directory -C ../Ass_1_bsp/
[BSP build complete]
Info: Compiling main.c to obj/default/main.o
nios2-elf-gcc -xc -MP -MMD -c -I../Ass_1_bsp//HAL/inc -I../Ass_1_bsp/ -I../Ass_1_bsp//drivers/inc  -pipe -D__hal__ -DALT_NO_INSTRUCTION_EMULATION -DALT_SINGLE_THREADED    -O0 -g -Wall   -mhw-div -mhw-mul -mno-hw-mulx -mgpopt=global  -o obj/default/main.o main.c
In file included from main.c:19:0:
main.c: In function 'freq_relay_isr':
FreeRTOS/queue.h:1261:117: warning: passing argument 2 of 'xQueueGenericSendFromISR' discards 'volatile' qualifier from pointer target type [-Wdiscarded-qualifiers]
 #define xQueueSendFromISR( xQueue, pvItemToQueue, pxHigherPriorityTaskWoken ) xQueueGenericSendFromISR( ( xQueue ), ( pvItemToQueue ), ( pxHigherPriorityTaskWoken ), queueSEND_TO_BACK )
                                                                                                                     ^
main.c:93:5: note: in expansion of macro 'xQueueSendFromISR'
     xQueueSendFromISR(stabilityTaskQueue, &frequency, pdFALSE);
     ^
FreeRTOS/queue.h:1340:12: note: expected 'const void * const' but argument is of type 'volatile double *'
 BaseType_t xQueueGenericSendFromISR( QueueHandle_t xQueue, const void * const pvItemToQueue, BaseType_t * const pxHigherPriorityTaskWoken, const BaseType_t xCopyPosition ) PRIVILEGED_FUNCTION;
            ^
FreeRTOS/queue.h:1100:123: warning: passing argument 2 of 'xQueueGenericSendFromISR' discards 'volatile' qualifier from pointer target type [-Wdiscarded-qualifiers]
 #define xQueueSendToBackFromISR( xQueue, pvItemToQueue, pxHigherPriorityTaskWoken ) xQueueGenericSendFromISR( ( xQueue ), ( pvItemToQueue ), ( pxHigherPriorityTaskWoken ), queueSEND_TO_BACK )
                                                                                                                           ^
main.c:94:5: note: in expansion of macro 'xQueueSendToBackFromISR'
     xQueueSendToBackFromISR( Q_freq_data, &frequency, pdFALSE );
     ^
FreeRTOS/queue.h:1340:12: note: expected 'const void * const' but argument is of type 'volatile double *'
 BaseType_t xQueueGenericSendFromISR( QueueHandle_t xQueue, const void * const pvItemToQueue, BaseType_t * const pxHigherPriorityTaskWoken, const BaseType_t xCopyPosition ) PRIVILEGED_FUNCTION;
            ^
main.c: In function 'stabilityMonitorTask':
FreeRTOS/queue.h:814:91: warning: passing argument 2 of 'xQueueGenericReceive' discards 'volatile' qualifier from pointer target type [-Wdiscarded-qualifiers]
 #define xQueueReceive( xQueue, pvBuffer, xTicksToWait ) xQueueGenericReceive( ( xQueue ), ( pvBuffer ), ( xTicksToWait ), pdFALSE )
                                                                                           ^
main.c:110:13: note: in expansion of macro 'xQueueReceive'
         if (xQueueReceive(stabilityTaskQueue, &frequency, portMAX_DELAY)) {
             ^
FreeRTOS/queue.h:913:12: note: expected 'void * const' but argument is of type 'volatile double *'
 BaseType_t xQueueGenericReceive( QueueHandle_t xQueue, void * const pvBuffer, TickType_t xTicksToWait, const BaseType_t xJustPeek ) PRIVILEGED_FUNCTION;
            ^
main.c: In function 'PRVGADraw_Task':
main.c:218:6: warning: operation on 'i' may be undefined [-Wsequence-point]
    i = ++i % 100;
      ^
Info: Linking Ass_1.elf
nios2-elf-g++  -T'../Ass_1_bsp//linker.x' -msys-crt0='../Ass_1_bsp//obj/HAL/src/crt0.o' -msys-lib=hal_bsp -L../Ass_1_bsp/   -Wl,-Map=Ass_1.map   -O0 -g -Wall   -mhw-div -mhw-mul -mno-hw-mulx -mgpopt=global  -o Ass_1.elf obj/default/FreeRTOS/croutine.o obj/default/FreeRTOS/event_groups.o obj/default/FreeRTOS/heap.o obj/default/FreeRTOS/list.o obj/default/FreeRTOS/port.o obj/default/FreeRTOS/queue.o obj/default/FreeRTOS/tasks.o obj/default/FreeRTOS/timers.o obj/default/main.o obj/default/FreeRTOS/port_asm.o -lm -msys-lib=m
nios2-elf-insert Ass_1.elf --thread_model hal --cpu_name nios2 --qsys true --simulation_enabled false --id 7 --sidp 0x430f0 --timestamp 1393900972 --stderr_dev jtag_uart --stdin_dev jtag_uart --stdout_dev jtag_uart --sopc_system_name nios2 --quartus_project_dir "C:/Users/tcas362/Documents/GitHub/COMPSYS-723-Assignment-1/Ass_1" --sopcinfo C:/Users/tcas362/Documents/GitHub/COMPSYS-723-Assignment-1/Ass_1/software/Ass_1_bsp/../../nios2.sopcinfo
Info: (Ass_1.elf) 633 KBytes program size (code + initialized data).
Info:             130561 KBytes free for stack + heap.
Info: Creating Ass_1.objdump
nios2-elf-objdump --disassemble --syms --all-header --source Ass_1.elf >Ass_1.objdump
[Ass_1 build complete]
16:26:54 **** Incremental Build of configuration Nios II for project Ass_1 ****
make all 
Info: Building ../Ass_1_bsp/
C:/intelFPGA/18.1/nios2eds/bin/gnu/H-x86_64-mingw32/bin/make --no-print-directory -C ../Ass_1_bsp/
[BSP build complete]
Info: Compiling main.c to obj/default/main.o
nios2-elf-gcc -xc -MP -MMD -c -I../Ass_1_bsp//HAL/inc -I../Ass_1_bsp/ -I../Ass_1_bsp//drivers/inc  -pipe -D__hal__ -DALT_NO_INSTRUCTION_EMULATION -DALT_SINGLE_THREADED    -O0 -g -Wall   -mhw-div -mhw-mul -mno-hw-mulx -mgpopt=global  -o obj/default/main.o main.c
In file included from main.c:19:0:
main.c: In function 'freq_relay_isr':
FreeRTOS/queue.h:1261:117: warning: passing argument 2 of 'xQueueGenericSendFromISR' discards 'volatile' qualifier from pointer target type [-Wdiscarded-qualifiers]
 #define xQueueSendFromISR( xQueue, pvItemToQueue, pxHigherPriorityTaskWoken ) xQueueGenericSendFromISR( ( xQueue ), ( pvItemToQueue ), ( pxHigherPriorityTaskWoken ), queueSEND_TO_BACK )
                                                                                                                     ^
main.c:93:5: note: in expansion of macro 'xQueueSendFromISR'
     xQueueSendFromISR(stabilityTaskQueue, &frequency, pdFALSE);
     ^
FreeRTOS/queue.h:1340:12: note: expected 'const void * const' but argument is of type 'volatile double *'
 BaseType_t xQueueGenericSendFromISR( QueueHandle_t xQueue, const void * const pvItemToQueue, BaseType_t * const pxHigherPriorityTaskWoken, const BaseType_t xCopyPosition ) PRIVILEGED_FUNCTION;
            ^
FreeRTOS/queue.h:1100:123: warning: passing argument 2 of 'xQueueGenericSendFromISR' discards 'volatile' qualifier from pointer target type [-Wdiscarded-qualifiers]
 #define xQueueSendToBackFromISR( xQueue, pvItemToQueue, pxHigherPriorityTaskWoken ) xQueueGenericSendFromISR( ( xQueue ), ( pvItemToQueue ), ( pxHigherPriorityTaskWoken ), queueSEND_TO_BACK )
                                                                                                                           ^
main.c:94:5: note: in expansion of macro 'xQueueSendToBackFromISR'
     xQueueSendToBackFromISR( Q_freq_data, &frequency, pdFALSE );
     ^
FreeRTOS/queue.h:1340:12: note: expected 'const void * const' but argument is of type 'volatile double *'
 BaseType_t xQueueGenericSendFromISR( QueueHandle_t xQueue, const void * const pvItemToQueue, BaseType_t * const pxHigherPriorityTaskWoken, const BaseType_t xCopyPosition ) PRIVILEGED_FUNCTION;
            ^
main.c: In function 'stabilityMonitorTask':
FreeRTOS/queue.h:814:91: warning: passing argument 2 of 'xQueueGenericReceive' discards 'volatile' qualifier from pointer target type [-Wdiscarded-qualifiers]
 #define xQueueReceive( xQueue, pvBuffer, xTicksToWait ) xQueueGenericReceive( ( xQueue ), ( pvBuffer ), ( xTicksToWait ), pdFALSE )
                                                                                           ^
main.c:110:13: note: in expansion of macro 'xQueueReceive'
         if (xQueueReceive(stabilityTaskQueue, &frequency, portMAX_DELAY)) {
             ^
FreeRTOS/queue.h:913:12: note: expected 'void * const' but argument is of type 'volatile double *'
 BaseType_t xQueueGenericReceive( QueueHandle_t xQueue, void * const pvBuffer, TickType_t xTicksToWait, const BaseType_t xJustPeek ) PRIVILEGED_FUNCTION;
            ^
main.c: In function 'PRVGADraw_Task':
main.c:218:6: warning: operation on 'i' may be undefined [-Wsequence-point]
    i = ++i % 100;
      ^
Info: Linking Ass_1.elf
nios2-elf-g++  -T'../Ass_1_bsp//linker.x' -msys-crt0='../Ass_1_bsp//obj/HAL/src/crt0.o' -msys-lib=hal_bsp -L../Ass_1_bsp/   -Wl,-Map=Ass_1.map   -O0 -g -Wall   -mhw-div -mhw-mul -mno-hw-mulx -mgpopt=global  -o Ass_1.elf obj/default/FreeRTOS/croutine.o obj/default/FreeRTOS/event_groups.o obj/default/FreeRTOS/heap.o obj/default/FreeRTOS/list.o obj/default/FreeRTOS/port.o obj/default/FreeRTOS/queue.o obj/default/FreeRTOS/tasks.o obj/default/FreeRTOS/timers.o obj/default/main.o obj/default/FreeRTOS/port_asm.o -lm -msys-lib=m
nios2-elf-insert Ass_1.elf --thread_model hal --cpu_name nios2 --qsys true --simulation_enabled false --id 7 --sidp 0x430f0 --timestamp 1393900972 --stderr_dev jtag_uart --stdin_dev jtag_uart --stdout_dev jtag_uart --sopc_system_name nios2 --quartus_project_dir "C:/Users/tcas362/Documents/GitHub/COMPSYS-723-Assignment-1/Ass_1" --sopcinfo C:/Users/tcas362/Documents/GitHub/COMPSYS-723-Assignment-1/Ass_1/software/Ass_1_bsp/../../nios2.sopcinfo
Info: (Ass_1.elf) 633 KBytes program size (code + initialized data).
Info:             130561 KBytes free for stack + heap.
Info: Creating Ass_1.objdump
nios2-elf-objdump --disassemble --syms --all-header --source Ass_1.elf >Ass_1.objdump
[Ass_1 build complete]
16:28:04 **** Incremental Build of configuration Nios II for project Ass_1 ****
make all 
Info: Building ../Ass_1_bsp/
C:/intelFPGA/18.1/nios2eds/bin/gnu/H-x86_64-mingw32/bin/make --no-print-directory -C ../Ass_1_bsp/
[BSP build complete]
Info: Compiling main.c to obj/default/main.o
nios2-elf-gcc -xc -MP -MMD -c -I../Ass_1_bsp//HAL/inc -I../Ass_1_bsp/ -I../Ass_1_bsp//drivers/inc  -pipe -D__hal__ -DALT_NO_INSTRUCTION_EMULATION -DALT_SINGLE_THREADED    -O0 -g -Wall   -mhw-div -mhw-mul -mno-hw-mulx -mgpopt=global  -o obj/default/main.o main.c
In file included from main.c:19:0:
main.c: In function 'freq_relay_isr':
FreeRTOS/queue.h:1261:117: warning: passing argument 2 of 'xQueueGenericSendFromISR' discards 'volatile' qualifier from pointer target type [-Wdiscarded-qualifiers]
 #define xQueueSendFromISR( xQueue, pvItemToQueue, pxHigherPriorityTaskWoken ) xQueueGenericSendFromISR( ( xQueue ), ( pvItemToQueue ), ( pxHigherPriorityTaskWoken ), queueSEND_TO_BACK )
                                                                                                                     ^
main.c:93:5: note: in expansion of macro 'xQueueSendFromISR'
     xQueueSendFromISR(stabilityTaskQueue, &frequency, pdFALSE);
     ^
FreeRTOS/queue.h:1340:12: note: expected 'const void * const' but argument is of type 'volatile double *'
 BaseType_t xQueueGenericSendFromISR( QueueHandle_t xQueue, const void * const pvItemToQueue, BaseType_t * const pxHigherPriorityTaskWoken, const BaseType_t xCopyPosition ) PRIVILEGED_FUNCTION;
            ^
FreeRTOS/queue.h:1100:123: warning: passing argument 2 of 'xQueueGenericSendFromISR' discards 'volatile' qualifier from pointer target type [-Wdiscarded-qualifiers]
 #define xQueueSendToBackFromISR( xQueue, pvItemToQueue, pxHigherPriorityTaskWoken ) xQueueGenericSendFromISR( ( xQueue ), ( pvItemToQueue ), ( pxHigherPriorityTaskWoken ), queueSEND_TO_BACK )
                                                                                                                           ^
main.c:94:5: note: in expansion of macro 'xQueueSendToBackFromISR'
     xQueueSendToBackFromISR( Q_freq_data, &frequency, pdFALSE );
     ^
FreeRTOS/queue.h:1340:12: note: expected 'const void * const' but argument is of type 'volatile double *'
 BaseType_t xQueueGenericSendFromISR( QueueHandle_t xQueue, const void * const pvItemToQueue, BaseType_t * const pxHigherPriorityTaskWoken, const BaseType_t xCopyPosition ) PRIVILEGED_FUNCTION;
            ^
main.c: In function 'stabilityMonitorTask':
FreeRTOS/queue.h:814:91: warning: passing argument 2 of 'xQueueGenericReceive' discards 'volatile' qualifier from pointer target type [-Wdiscarded-qualifiers]
 #define xQueueReceive( xQueue, pvBuffer, xTicksToWait ) xQueueGenericReceive( ( xQueue ), ( pvBuffer ), ( xTicksToWait ), pdFALSE )
                                                                                           ^
main.c:111:13: note: in expansion of macro 'xQueueReceive'
         if (xQueueReceive(stabilityTaskQueue, &frequency, portMAX_DELAY)) {
             ^
FreeRTOS/queue.h:913:12: note: expected 'void * const' but argument is of type 'volatile double *'
 BaseType_t xQueueGenericReceive( QueueHandle_t xQueue, void * const pvBuffer, TickType_t xTicksToWait, const BaseType_t xJustPeek ) PRIVILEGED_FUNCTION;
            ^
main.c: In function 'PRVGADraw_Task':
main.c:219:6: warning: operation on 'i' may be undefined [-Wsequence-point]
    i = ++i % 100;
      ^
Info: Linking Ass_1.elf
nios2-elf-g++  -T'../Ass_1_bsp//linker.x' -msys-crt0='../Ass_1_bsp//obj/HAL/src/crt0.o' -msys-lib=hal_bsp -L../Ass_1_bsp/   -Wl,-Map=Ass_1.map   -O0 -g -Wall   -mhw-div -mhw-mul -mno-hw-mulx -mgpopt=global  -o Ass_1.elf obj/default/FreeRTOS/croutine.o obj/default/FreeRTOS/event_groups.o obj/default/FreeRTOS/heap.o obj/default/FreeRTOS/list.o obj/default/FreeRTOS/port.o obj/default/FreeRTOS/queue.o obj/default/FreeRTOS/tasks.o obj/default/FreeRTOS/timers.o obj/default/main.o obj/default/FreeRTOS/port_asm.o -lm -msys-lib=m
nios2-elf-insert Ass_1.elf --thread_model hal --cpu_name nios2 --qsys true --simulation_enabled false --id 7 --sidp 0x430f0 --timestamp 1393900972 --stderr_dev jtag_uart --stdin_dev jtag_uart --stdout_dev jtag_uart --sopc_system_name nios2 --quartus_project_dir "C:/Users/tcas362/Documents/GitHub/COMPSYS-723-Assignment-1/Ass_1" --sopcinfo C:/Users/tcas362/Documents/GitHub/COMPSYS-723-Assignment-1/Ass_1/software/Ass_1_bsp/../../nios2.sopcinfo
Info: (Ass_1.elf) 633 KBytes program size (code + initialized data).
Info:             130561 KBytes free for stack + heap.
Info: Creating Ass_1.objdump
nios2-elf-objdump --disassemble --syms --all-header --source Ass_1.elf >Ass_1.objdump
[Ass_1 build complete]
16:28:51 **** Incremental Build of configuration Nios II for project Ass_1 ****
make all 
Info: Building ../Ass_1_bsp/
C:/intelFPGA/18.1/nios2eds/bin/gnu/H-x86_64-mingw32/bin/make --no-print-directory -C ../Ass_1_bsp/
[BSP build complete]
Info: Compiling main.c to obj/default/main.o
nios2-elf-gcc -xc -MP -MMD -c -I../Ass_1_bsp//HAL/inc -I../Ass_1_bsp/ -I../Ass_1_bsp//drivers/inc  -pipe -D__hal__ -DALT_NO_INSTRUCTION_EMULATION -DALT_SINGLE_THREADED    -O0 -g -Wall   -mhw-div -mhw-mul -mno-hw-mulx -mgpopt=global  -o obj/default/main.o main.c
In file included from main.c:19:0:
main.c: In function 'freq_relay_isr':
FreeRTOS/queue.h:1261:117: warning: passing argument 2 of 'xQueueGenericSendFromISR' discards 'volatile' qualifier from pointer target type [-Wdiscarded-qualifiers]
 #define xQueueSendFromISR( xQueue, pvItemToQueue, pxHigherPriorityTaskWoken ) xQueueGenericSendFromISR( ( xQueue ), ( pvItemToQueue ), ( pxHigherPriorityTaskWoken ), queueSEND_TO_BACK )
                                                                                                                     ^
main.c:93:5: note: in expansion of macro 'xQueueSendFromISR'
     xQueueSendFromISR(stabilityTaskQueue, &frequency, pdFALSE);
     ^
FreeRTOS/queue.h:1340:12: note: expected 'const void * const' but argument is of type 'volatile double *'
 BaseType_t xQueueGenericSendFromISR( QueueHandle_t xQueue, const void * const pvItemToQueue, BaseType_t * const pxHigherPriorityTaskWoken, const BaseType_t xCopyPosition ) PRIVILEGED_FUNCTION;
            ^
FreeRTOS/queue.h:1100:123: warning: passing argument 2 of 'xQueueGenericSendFromISR' discards 'volatile' qualifier from pointer target type [-Wdiscarded-qualifiers]
 #define xQueueSendToBackFromISR( xQueue, pvItemToQueue, pxHigherPriorityTaskWoken ) xQueueGenericSendFromISR( ( xQueue ), ( pvItemToQueue ), ( pxHigherPriorityTaskWoken ), queueSEND_TO_BACK )
                                                                                                                           ^
main.c:94:5: note: in expansion of macro 'xQueueSendToBackFromISR'
     xQueueSendToBackFromISR( Q_freq_data, &frequency, pdFALSE );
     ^
FreeRTOS/queue.h:1340:12: note: expected 'const void * const' but argument is of type 'volatile double *'
 BaseType_t xQueueGenericSendFromISR( QueueHandle_t xQueue, const void * const pvItemToQueue, BaseType_t * const pxHigherPriorityTaskWoken, const BaseType_t xCopyPosition ) PRIVILEGED_FUNCTION;
            ^
main.c: In function 'stabilityMonitorTask':
FreeRTOS/queue.h:814:91: warning: passing argument 2 of 'xQueueGenericReceive' discards 'volatile' qualifier from pointer target type [-Wdiscarded-qualifiers]
 #define xQueueReceive( xQueue, pvBuffer, xTicksToWait ) xQueueGenericReceive( ( xQueue ), ( pvBuffer ), ( xTicksToWait ), pdFALSE )
                                                                                           ^
main.c:111:13: note: in expansion of macro 'xQueueReceive'
         if (xQueueReceive(stabilityTaskQueue, &frequency, portMAX_DELAY)) {
             ^
FreeRTOS/queue.h:913:12: note: expected 'void * const' but argument is of type 'volatile double *'
 BaseType_t xQueueGenericReceive( QueueHandle_t xQueue, void * const pvBuffer, TickType_t xTicksToWait, const BaseType_t xJustPeek ) PRIVILEGED_FUNCTION;
            ^
main.c: In function 'PRVGADraw_Task':
main.c:219:6: warning: operation on 'i' may be undefined [-Wsequence-point]
    i = ++i % 100;
      ^
Info: Linking Ass_1.elf
nios2-elf-g++  -T'../Ass_1_bsp//linker.x' -msys-crt0='../Ass_1_bsp//obj/HAL/src/crt0.o' -msys-lib=hal_bsp -L../Ass_1_bsp/   -Wl,-Map=Ass_1.map   -O0 -g -Wall   -mhw-div -mhw-mul -mno-hw-mulx -mgpopt=global  -o Ass_1.elf obj/default/FreeRTOS/croutine.o obj/default/FreeRTOS/event_groups.o obj/default/FreeRTOS/heap.o obj/default/FreeRTOS/list.o obj/default/FreeRTOS/port.o obj/default/FreeRTOS/queue.o obj/default/FreeRTOS/tasks.o obj/default/FreeRTOS/timers.o obj/default/main.o obj/default/FreeRTOS/port_asm.o -lm -msys-lib=m
nios2-elf-insert Ass_1.elf --thread_model hal --cpu_name nios2 --qsys true --simulation_enabled false --id 7 --sidp 0x430f0 --timestamp 1393900972 --stderr_dev jtag_uart --stdin_dev jtag_uart --stdout_dev jtag_uart --sopc_system_name nios2 --quartus_project_dir "C:/Users/tcas362/Documents/GitHub/COMPSYS-723-Assignment-1/Ass_1" --sopcinfo C:/Users/tcas362/Documents/GitHub/COMPSYS-723-Assignment-1/Ass_1/software/Ass_1_bsp/../../nios2.sopcinfo
Info: (Ass_1.elf) 633 KBytes program size (code + initialized data).
Info:             130561 KBytes free for stack + heap.
Info: Creating Ass_1.objdump
nios2-elf-objdump --disassemble --syms --all-header --source Ass_1.elf >Ass_1.objdump
[Ass_1 build complete]
16:30:52 **** Incremental Build of configuration Nios II for project Ass_1 ****
make all 
Info: Building ../Ass_1_bsp/
C:/intelFPGA/18.1/nios2eds/bin/gnu/H-x86_64-mingw32/bin/make --no-print-directory -C ../Ass_1_bsp/
[BSP build complete]
Info: Compiling main.c to obj/default/main.o
nios2-elf-gcc -xc -MP -MMD -c -I../Ass_1_bsp//HAL/inc -I../Ass_1_bsp/ -I../Ass_1_bsp//drivers/inc  -pipe -D__hal__ -DALT_NO_INSTRUCTION_EMULATION -DALT_SINGLE_THREADED    -O0 -g -Wall   -mhw-div -mhw-mul -mno-hw-mulx -mgpopt=global  -o obj/default/main.o main.c
In file included from main.c:19:0:
main.c: In function 'freq_relay_isr':
FreeRTOS/queue.h:1261:117: warning: passing argument 2 of 'xQueueGenericSendFromISR' discards 'volatile' qualifier from pointer target type [-Wdiscarded-qualifiers]
 #define xQueueSendFromISR( xQueue, pvItemToQueue, pxHigherPriorityTaskWoken ) xQueueGenericSendFromISR( ( xQueue ), ( pvItemToQueue ), ( pxHigherPriorityTaskWoken ), queueSEND_TO_BACK )
                                                                                                                     ^
main.c:93:5: note: in expansion of macro 'xQueueSendFromISR'
     xQueueSendFromISR(stabilityTaskQueue, &frequency, pdFALSE);
     ^
FreeRTOS/queue.h:1340:12: note: expected 'const void * const' but argument is of type 'volatile double *'
 BaseType_t xQueueGenericSendFromISR( QueueHandle_t xQueue, const void * const pvItemToQueue, BaseType_t * const pxHigherPriorityTaskWoken, const BaseType_t xCopyPosition ) PRIVILEGED_FUNCTION;
            ^
FreeRTOS/queue.h:1100:123: warning: passing argument 2 of 'xQueueGenericSendFromISR' discards 'volatile' qualifier from pointer target type [-Wdiscarded-qualifiers]
 #define xQueueSendToBackFromISR( xQueue, pvItemToQueue, pxHigherPriorityTaskWoken ) xQueueGenericSendFromISR( ( xQueue ), ( pvItemToQueue ), ( pxHigherPriorityTaskWoken ), queueSEND_TO_BACK )
                                                                                                                           ^
main.c:94:5: note: in expansion of macro 'xQueueSendToBackFromISR'
     xQueueSendToBackFromISR( Q_freq_data, &frequency, pdFALSE );
     ^
FreeRTOS/queue.h:1340:12: note: expected 'const void * const' but argument is of type 'volatile double *'
 BaseType_t xQueueGenericSendFromISR( QueueHandle_t xQueue, const void * const pvItemToQueue, BaseType_t * const pxHigherPriorityTaskWoken, const BaseType_t xCopyPosition ) PRIVILEGED_FUNCTION;
            ^
main.c: In function 'stabilityMonitorTask':
FreeRTOS/queue.h:814:91: warning: passing argument 2 of 'xQueueGenericReceive' discards 'volatile' qualifier from pointer target type [-Wdiscarded-qualifiers]
 #define xQueueReceive( xQueue, pvBuffer, xTicksToWait ) xQueueGenericReceive( ( xQueue ), ( pvBuffer ), ( xTicksToWait ), pdFALSE )
                                                                                           ^
main.c:111:13: note: in expansion of macro 'xQueueReceive'
         if (xQueueReceive(stabilityTaskQueue, &frequency, portMAX_DELAY)) {
             ^
FreeRTOS/queue.h:913:12: note: expected 'void * const' but argument is of type 'volatile double *'
 BaseType_t xQueueGenericReceive( QueueHandle_t xQueue, void * const pvBuffer, TickType_t xTicksToWait, const BaseType_t xJustPeek ) PRIVILEGED_FUNCTION;
            ^
main.c: In function 'PRVGADraw_Task':
main.c:219:6: warning: operation on 'i' may be undefined [-Wsequence-point]
    i = ++i % 100;
      ^
Info: Linking Ass_1.elf
nios2-elf-g++  -T'../Ass_1_bsp//linker.x' -msys-crt0='../Ass_1_bsp//obj/HAL/src/crt0.o' -msys-lib=hal_bsp -L../Ass_1_bsp/   -Wl,-Map=Ass_1.map   -O0 -g -Wall   -mhw-div -mhw-mul -mno-hw-mulx -mgpopt=global  -o Ass_1.elf obj/default/FreeRTOS/croutine.o obj/default/FreeRTOS/event_groups.o obj/default/FreeRTOS/heap.o obj/default/FreeRTOS/list.o obj/default/FreeRTOS/port.o obj/default/FreeRTOS/queue.o obj/default/FreeRTOS/tasks.o obj/default/FreeRTOS/timers.o obj/default/main.o obj/default/FreeRTOS/port_asm.o -lm -msys-lib=m
nios2-elf-insert Ass_1.elf --thread_model hal --cpu_name nios2 --qsys true --simulation_enabled false --id 7 --sidp 0x430f0 --timestamp 1393900972 --stderr_dev jtag_uart --stdin_dev jtag_uart --stdout_dev jtag_uart --sopc_system_name nios2 --quartus_project_dir "C:/Users/tcas362/Documents/GitHub/COMPSYS-723-Assignment-1/Ass_1" --sopcinfo C:/Users/tcas362/Documents/GitHub/COMPSYS-723-Assignment-1/Ass_1/software/Ass_1_bsp/../../nios2.sopcinfo
Info: (Ass_1.elf) 633 KBytes program size (code + initialized data).
Info:             130561 KBytes free for stack + heap.
Info: Creating Ass_1.objdump
nios2-elf-objdump --disassemble --syms --all-header --source Ass_1.elf >Ass_1.objdump
[Ass_1 build complete]
16:35:36 **** Incremental Build of configuration Nios II for project Ass_1 ****
make all 
Info: Building ../Ass_1_bsp/
C:/intelFPGA/18.1/nios2eds/bin/gnu/H-x86_64-mingw32/bin/make --no-print-directory -C ../Ass_1_bsp/
[BSP build complete]
Info: Compiling main.c to obj/default/main.o
nios2-elf-gcc -xc -MP -MMD -c -I../Ass_1_bsp//HAL/inc -I../Ass_1_bsp/ -I../Ass_1_bsp//drivers/inc  -pipe -D__hal__ -DALT_NO_INSTRUCTION_EMULATION -DALT_SINGLE_THREADED    -O0 -g -Wall   -mhw-div -mhw-mul -mno-hw-mulx -mgpopt=global  -o obj/default/main.o main.c
In file included from main.c:19:0:
main.c: In function 'freq_relay_isr':
FreeRTOS/queue.h:1261:117: warning: passing argument 2 of 'xQueueGenericSendFromISR' discards 'volatile' qualifier from pointer target type [-Wdiscarded-qualifiers]
 #define xQueueSendFromISR( xQueue, pvItemToQueue, pxHigherPriorityTaskWoken ) xQueueGenericSendFromISR( ( xQueue ), ( pvItemToQueue ), ( pxHigherPriorityTaskWoken ), queueSEND_TO_BACK )
                                                                                                                     ^
main.c:93:5: note: in expansion of macro 'xQueueSendFromISR'
     xQueueSendFromISR(stabilityTaskQueue, &frequency, pdFALSE);
     ^
FreeRTOS/queue.h:1340:12: note: expected 'const void * const' but argument is of type 'volatile double *'
 BaseType_t xQueueGenericSendFromISR( QueueHandle_t xQueue, const void * const pvItemToQueue, BaseType_t * const pxHigherPriorityTaskWoken, const BaseType_t xCopyPosition ) PRIVILEGED_FUNCTION;
            ^
FreeRTOS/queue.h:1100:123: warning: passing argument 2 of 'xQueueGenericSendFromISR' discards 'volatile' qualifier from pointer target type [-Wdiscarded-qualifiers]
 #define xQueueSendToBackFromISR( xQueue, pvItemToQueue, pxHigherPriorityTaskWoken ) xQueueGenericSendFromISR( ( xQueue ), ( pvItemToQueue ), ( pxHigherPriorityTaskWoken ), queueSEND_TO_BACK )
                                                                                                                           ^
main.c:94:5: note: in expansion of macro 'xQueueSendToBackFromISR'
     xQueueSendToBackFromISR( Q_freq_data, &frequency, pdFALSE );
     ^
FreeRTOS/queue.h:1340:12: note: expected 'const void * const' but argument is of type 'volatile double *'
 BaseType_t xQueueGenericSendFromISR( QueueHandle_t xQueue, const void * const pvItemToQueue, BaseType_t * const pxHigherPriorityTaskWoken, const BaseType_t xCopyPosition ) PRIVILEGED_FUNCTION;
            ^
main.c: In function 'stabilityMonitorTask':
FreeRTOS/queue.h:814:91: warning: passing argument 2 of 'xQueueGenericReceive' discards 'volatile' qualifier from pointer target type [-Wdiscarded-qualifiers]
 #define xQueueReceive( xQueue, pvBuffer, xTicksToWait ) xQueueGenericReceive( ( xQueue ), ( pvBuffer ), ( xTicksToWait ), pdFALSE )
                                                                                           ^
main.c:111:13: note: in expansion of macro 'xQueueReceive'
         if (xQueueReceive(stabilityTaskQueue, &frequency, portMAX_DELAY)) {
             ^
FreeRTOS/queue.h:913:12: note: expected 'void * const' but argument is of type 'volatile double *'
 BaseType_t xQueueGenericReceive( QueueHandle_t xQueue, void * const pvBuffer, TickType_t xTicksToWait, const BaseType_t xJustPeek ) PRIVILEGED_FUNCTION;
            ^
main.c: In function 'PRVGADraw_Task':
main.c:219:6: warning: operation on 'i' may be undefined [-Wsequence-point]
    i = ++i % 100;
      ^
Info: Linking Ass_1.elf
nios2-elf-g++  -T'../Ass_1_bsp//linker.x' -msys-crt0='../Ass_1_bsp//obj/HAL/src/crt0.o' -msys-lib=hal_bsp -L../Ass_1_bsp/   -Wl,-Map=Ass_1.map   -O0 -g -Wall   -mhw-div -mhw-mul -mno-hw-mulx -mgpopt=global  -o Ass_1.elf obj/default/FreeRTOS/croutine.o obj/default/FreeRTOS/event_groups.o obj/default/FreeRTOS/heap.o obj/default/FreeRTOS/list.o obj/default/FreeRTOS/port.o obj/default/FreeRTOS/queue.o obj/default/FreeRTOS/tasks.o obj/default/FreeRTOS/timers.o obj/default/main.o obj/default/FreeRTOS/port_asm.o -lm -msys-lib=m
nios2-elf-insert Ass_1.elf --thread_model hal --cpu_name nios2 --qsys true --simulation_enabled false --id 7 --sidp 0x430f0 --timestamp 1393900972 --stderr_dev jtag_uart --stdin_dev jtag_uart --stdout_dev jtag_uart --sopc_system_name nios2 --quartus_project_dir "C:/Users/tcas362/Documents/GitHub/COMPSYS-723-Assignment-1/Ass_1" --sopcinfo C:/Users/tcas362/Documents/GitHub/COMPSYS-723-Assignment-1/Ass_1/software/Ass_1_bsp/../../nios2.sopcinfo
Info: (Ass_1.elf) 633 KBytes program size (code + initialized data).
Info:             130561 KBytes free for stack + heap.
Info: Creating Ass_1.objdump
nios2-elf-objdump --disassemble --syms --all-header --source Ass_1.elf >Ass_1.objdump
[Ass_1 build complete]
16:36:04 **** Incremental Build of configuration Nios II for project Ass_1 ****
make all 
Info: Building ../Ass_1_bsp/
C:/intelFPGA/18.1/nios2eds/bin/gnu/H-x86_64-mingw32/bin/make --no-print-directory -C ../Ass_1_bsp/
[BSP build complete]
Info: Compiling main.c to obj/default/main.o
nios2-elf-gcc -xc -MP -MMD -c -I../Ass_1_bsp//HAL/inc -I../Ass_1_bsp/ -I../Ass_1_bsp//drivers/inc  -pipe -D__hal__ -DALT_NO_INSTRUCTION_EMULATION -DALT_SINGLE_THREADED    -O0 -g -Wall   -mhw-div -mhw-mul -mno-hw-mulx -mgpopt=global  -o obj/default/main.o main.c
In file included from main.c:19:0:
main.c: In function 'freq_relay_isr':
FreeRTOS/queue.h:1261:117: warning: passing argument 2 of 'xQueueGenericSendFromISR' discards 'volatile' qualifier from pointer target type [-Wdiscarded-qualifiers]
 #define xQueueSendFromISR( xQueue, pvItemToQueue, pxHigherPriorityTaskWoken ) xQueueGenericSendFromISR( ( xQueue ), ( pvItemToQueue ), ( pxHigherPriorityTaskWoken ), queueSEND_TO_BACK )
                                                                                                                     ^
main.c:93:5: note: in expansion of macro 'xQueueSendFromISR'
     xQueueSendFromISR(stabilityTaskQueue, &frequency, pdFALSE);
     ^
FreeRTOS/queue.h:1340:12: note: expected 'const void * const' but argument is of type 'volatile double *'
 BaseType_t xQueueGenericSendFromISR( QueueHandle_t xQueue, const void * const pvItemToQueue, BaseType_t * const pxHigherPriorityTaskWoken, const BaseType_t xCopyPosition ) PRIVILEGED_FUNCTION;
            ^
FreeRTOS/queue.h:1100:123: warning: passing argument 2 of 'xQueueGenericSendFromISR' discards 'volatile' qualifier from pointer target type [-Wdiscarded-qualifiers]
 #define xQueueSendToBackFromISR( xQueue, pvItemToQueue, pxHigherPriorityTaskWoken ) xQueueGenericSendFromISR( ( xQueue ), ( pvItemToQueue ), ( pxHigherPriorityTaskWoken ), queueSEND_TO_BACK )
                                                                                                                           ^
main.c:94:5: note: in expansion of macro 'xQueueSendToBackFromISR'
     xQueueSendToBackFromISR( Q_freq_data, &frequency, pdFALSE );
     ^
FreeRTOS/queue.h:1340:12: note: expected 'const void * const' but argument is of type 'volatile double *'
 BaseType_t xQueueGenericSendFromISR( QueueHandle_t xQueue, const void * const pvItemToQueue, BaseType_t * const pxHigherPriorityTaskWoken, const BaseType_t xCopyPosition ) PRIVILEGED_FUNCTION;
            ^
main.c: In function 'stabilityMonitorTask':
FreeRTOS/queue.h:814:91: warning: passing argument 2 of 'xQueueGenericReceive' discards 'volatile' qualifier from pointer target type [-Wdiscarded-qualifiers]
 #define xQueueReceive( xQueue, pvBuffer, xTicksToWait ) xQueueGenericReceive( ( xQueue ), ( pvBuffer ), ( xTicksToWait ), pdFALSE )
                                                                                           ^
main.c:111:13: note: in expansion of macro 'xQueueReceive'
         if (xQueueReceive(stabilityTaskQueue, &frequency, portMAX_DELAY)) {
             ^
FreeRTOS/queue.h:913:12: note: expected 'void * const' but argument is of type 'volatile double *'
 BaseType_t xQueueGenericReceive( QueueHandle_t xQueue, void * const pvBuffer, TickType_t xTicksToWait, const BaseType_t xJustPeek ) PRIVILEGED_FUNCTION;
            ^
main.c: In function 'PRVGADraw_Task':
main.c:219:6: warning: operation on 'i' may be undefined [-Wsequence-point]
    i = ++i % 100;
      ^
Info: Linking Ass_1.elf
nios2-elf-g++  -T'../Ass_1_bsp//linker.x' -msys-crt0='../Ass_1_bsp//obj/HAL/src/crt0.o' -msys-lib=hal_bsp -L../Ass_1_bsp/   -Wl,-Map=Ass_1.map   -O0 -g -Wall   -mhw-div -mhw-mul -mno-hw-mulx -mgpopt=global  -o Ass_1.elf obj/default/FreeRTOS/croutine.o obj/default/FreeRTOS/event_groups.o obj/default/FreeRTOS/heap.o obj/default/FreeRTOS/list.o obj/default/FreeRTOS/port.o obj/default/FreeRTOS/queue.o obj/default/FreeRTOS/tasks.o obj/default/FreeRTOS/timers.o obj/default/main.o obj/default/FreeRTOS/port_asm.o -lm -msys-lib=m
nios2-elf-insert Ass_1.elf --thread_model hal --cpu_name nios2 --qsys true --simulation_enabled false --id 7 --sidp 0x430f0 --timestamp 1393900972 --stderr_dev jtag_uart --stdin_dev jtag_uart --stdout_dev jtag_uart --sopc_system_name nios2 --quartus_project_dir "C:/Users/tcas362/Documents/GitHub/COMPSYS-723-Assignment-1/Ass_1" --sopcinfo C:/Users/tcas362/Documents/GitHub/COMPSYS-723-Assignment-1/Ass_1/software/Ass_1_bsp/../../nios2.sopcinfo
Info: (Ass_1.elf) 633 KBytes program size (code + initialized data).
Info:             130561 KBytes free for stack + heap.
Info: Creating Ass_1.objdump
nios2-elf-objdump --disassemble --syms --all-header --source Ass_1.elf >Ass_1.objdump
[Ass_1 build complete]
16:36:28 **** Incremental Build of configuration Nios II for project Ass_1 ****
make all 
Info: Building ../Ass_1_bsp/
C:/intelFPGA/18.1/nios2eds/bin/gnu/H-x86_64-mingw32/bin/make --no-print-directory -C ../Ass_1_bsp/
[BSP build complete]
[Ass_1 build complete]
16:43:19 **** Incremental Build of configuration Nios II for project Ass_1 ****
make all 
Info: Building ../Ass_1_bsp/
C:/intelFPGA/18.1/nios2eds/bin/gnu/H-x86_64-mingw32/bin/make --no-print-directory -C ../Ass_1_bsp/
[BSP build complete]
Info: Compiling main.c to obj/default/main.o
nios2-elf-gcc -xc -MP -MMD -c -I../Ass_1_bsp//HAL/inc -I../Ass_1_bsp/ -I../Ass_1_bsp//drivers/inc  -pipe -D__hal__ -DALT_NO_INSTRUCTION_EMULATION -DALT_SINGLE_THREADED    -O0 -g -Wall   -mhw-div -mhw-mul -mno-hw-mulx -mgpopt=global  -o obj/default/main.o main.c
In file included from main.c:19:0:
main.c: In function 'freq_relay_isr':
FreeRTOS/queue.h:1261:117: warning: passing argument 2 of 'xQueueGenericSendFromISR' discards 'volatile' qualifier from pointer target type [-Wdiscarded-qualifiers]
 #define xQueueSendFromISR( xQueue, pvItemToQueue, pxHigherPriorityTaskWoken ) xQueueGenericSendFromISR( ( xQueue ), ( pvItemToQueue ), ( pxHigherPriorityTaskWoken ), queueSEND_TO_BACK )
                                                                                                                     ^
main.c:93:5: note: in expansion of macro 'xQueueSendFromISR'
     xQueueSendFromISR(stabilityTaskQueue, &frequency, pdFALSE);
     ^
FreeRTOS/queue.h:1340:12: note: expected 'const void * const' but argument is of type 'volatile double *'
 BaseType_t xQueueGenericSendFromISR( QueueHandle_t xQueue, const void * const pvItemToQueue, BaseType_t * const pxHigherPriorityTaskWoken, const BaseType_t xCopyPosition ) PRIVILEGED_FUNCTION;
            ^
FreeRTOS/queue.h:1100:123: warning: passing argument 2 of 'xQueueGenericSendFromISR' discards 'volatile' qualifier from pointer target type [-Wdiscarded-qualifiers]
 #define xQueueSendToBackFromISR( xQueue, pvItemToQueue, pxHigherPriorityTaskWoken ) xQueueGenericSendFromISR( ( xQueue ), ( pvItemToQueue ), ( pxHigherPriorityTaskWoken ), queueSEND_TO_BACK )
                                                                                                                           ^
main.c:94:5: note: in expansion of macro 'xQueueSendToBackFromISR'
     xQueueSendToBackFromISR( Q_freq_data, &frequency, pdFALSE );
     ^
FreeRTOS/queue.h:1340:12: note: expected 'const void * const' but argument is of type 'volatile double *'
 BaseType_t xQueueGenericSendFromISR( QueueHandle_t xQueue, const void * const pvItemToQueue, BaseType_t * const pxHigherPriorityTaskWoken, const BaseType_t xCopyPosition ) PRIVILEGED_FUNCTION;
            ^
main.c: In function 'stabilityMonitorTask':
FreeRTOS/queue.h:814:91: warning: passing argument 2 of 'xQueueGenericReceive' discards 'volatile' qualifier from pointer target type [-Wdiscarded-qualifiers]
 #define xQueueReceive( xQueue, pvBuffer, xTicksToWait ) xQueueGenericReceive( ( xQueue ), ( pvBuffer ), ( xTicksToWait ), pdFALSE )
                                                                                           ^
main.c:111:13: note: in expansion of macro 'xQueueReceive'
         if (xQueueReceive(stabilityTaskQueue, &frequency, portMAX_DELAY)) {
             ^
FreeRTOS/queue.h:913:12: note: expected 'void * const' but argument is of type 'volatile double *'
 BaseType_t xQueueGenericReceive( QueueHandle_t xQueue, void * const pvBuffer, TickType_t xTicksToWait, const BaseType_t xJustPeek ) PRIVILEGED_FUNCTION;
            ^
main.c: In function 'PRVGADraw_Task':
main.c:219:6: warning: operation on 'i' may be undefined [-Wsequence-point]
    i = ++i % 100;
      ^
main.c: In function 'main':
main.c:301:39: warning: passing argument 3 of 'alt_irq_register' from incompatible pointer type [-Wincompatible-pointer-types]
  alt_irq_register(PUSH_BUTTON_IRQ, 0, button_isr);
                                       ^
In file included from ../Ass_1_bsp//HAL/inc/sys/alt_irq.h:218:0,
                 from main.c:8:
../Ass_1_bsp//HAL/inc/priv/alt_legacy_irq.h:61:12: note: expected 'alt_isr_func {aka void (*)(void *, long unsigned int)}' but argument is of type 'void (*)(void *)'
 extern int alt_irq_register (alt_u32 id, 
            ^
Info: Linking Ass_1.elf
nios2-elf-g++  -T'../Ass_1_bsp//linker.x' -msys-crt0='../Ass_1_bsp//obj/HAL/src/crt0.o' -msys-lib=hal_bsp -L../Ass_1_bsp/   -Wl,-Map=Ass_1.map   -O0 -g -Wall   -mhw-div -mhw-mul -mno-hw-mulx -mgpopt=global  -o Ass_1.elf obj/default/FreeRTOS/croutine.o obj/default/FreeRTOS/event_groups.o obj/default/FreeRTOS/heap.o obj/default/FreeRTOS/list.o obj/default/FreeRTOS/port.o obj/default/FreeRTOS/queue.o obj/default/FreeRTOS/tasks.o obj/default/FreeRTOS/timers.o obj/default/main.o obj/default/FreeRTOS/port_asm.o -lm -msys-lib=m
nios2-elf-insert Ass_1.elf --thread_model hal --cpu_name nios2 --qsys true --simulation_enabled false --id 7 --sidp 0x430f0 --timestamp 1393900972 --stderr_dev jtag_uart --stdin_dev jtag_uart --stdout_dev jtag_uart --sopc_system_name nios2 --quartus_project_dir "C:/Users/tcas362/Documents/GitHub/COMPSYS-723-Assignment-1/Ass_1" --sopcinfo C:/Users/tcas362/Documents/GitHub/COMPSYS-723-Assignment-1/Ass_1/software/Ass_1_bsp/../../nios2.sopcinfo
Info: (Ass_1.elf) 633 KBytes program size (code + initialized data).
Info:             130561 KBytes free for stack + heap.
Info: Creating Ass_1.objdump
nios2-elf-objdump --disassemble --syms --all-header --source Ass_1.elf >Ass_1.objdump
[Ass_1 build complete]
16:45:15 **** Incremental Build of configuration Nios II for project Ass_1 ****
make all 
Info: Building ../Ass_1_bsp/
C:/intelFPGA/18.1/nios2eds/bin/gnu/H-x86_64-mingw32/bin/make --no-print-directory -C ../Ass_1_bsp/
[BSP build complete]
Info: Compiling main.c to obj/default/main.o
nios2-elf-gcc -xc -MP -MMD -c -I../Ass_1_bsp//HAL/inc -I../Ass_1_bsp/ -I../Ass_1_bsp//drivers/inc  -pipe -D__hal__ -DALT_NO_INSTRUCTION_EMULATION -DALT_SINGLE_THREADED    -O0 -g -Wall   -mhw-div -mhw-mul -mno-hw-mulx -mgpopt=global  -o obj/default/main.o main.c
In file included from main.c:19:0:
main.c: In function 'freq_relay_isr':
FreeRTOS/queue.h:1261:117: warning: passing argument 2 of 'xQueueGenericSendFromISR' discards 'volatile' qualifier from pointer target type [-Wdiscarded-qualifiers]
 #define xQueueSendFromISR( xQueue, pvItemToQueue, pxHigherPriorityTaskWoken ) xQueueGenericSendFromISR( ( xQueue ), ( pvItemToQueue ), ( pxHigherPriorityTaskWoken ), queueSEND_TO_BACK )
                                                                                                                     ^
main.c:93:5: note: in expansion of macro 'xQueueSendFromISR'
     xQueueSendFromISR(stabilityTaskQueue, &frequency, pdFALSE);
     ^
FreeRTOS/queue.h:1340:12: note: expected 'const void * const' but argument is of type 'volatile double *'
 BaseType_t xQueueGenericSendFromISR( QueueHandle_t xQueue, const void * const pvItemToQueue, BaseType_t * const pxHigherPriorityTaskWoken, const BaseType_t xCopyPosition ) PRIVILEGED_FUNCTION;
            ^
FreeRTOS/queue.h:1100:123: warning: passing argument 2 of 'xQueueGenericSendFromISR' discards 'volatile' qualifier from pointer target type [-Wdiscarded-qualifiers]
 #define xQueueSendToBackFromISR( xQueue, pvItemToQueue, pxHigherPriorityTaskWoken ) xQueueGenericSendFromISR( ( xQueue ), ( pvItemToQueue ), ( pxHigherPriorityTaskWoken ), queueSEND_TO_BACK )
                                                                                                                           ^
main.c:94:5: note: in expansion of macro 'xQueueSendToBackFromISR'
     xQueueSendToBackFromISR( Q_freq_data, &frequency, pdFALSE );
     ^
FreeRTOS/queue.h:1340:12: note: expected 'const void * const' but argument is of type 'volatile double *'
 BaseType_t xQueueGenericSendFromISR( QueueHandle_t xQueue, const void * const pvItemToQueue, BaseType_t * const pxHigherPriorityTaskWoken, const BaseType_t xCopyPosition ) PRIVILEGED_FUNCTION;
            ^
main.c: In function 'stabilityMonitorTask':
FreeRTOS/queue.h:814:91: warning: passing argument 2 of 'xQueueGenericReceive' discards 'volatile' qualifier from pointer target type [-Wdiscarded-qualifiers]
 #define xQueueReceive( xQueue, pvBuffer, xTicksToWait ) xQueueGenericReceive( ( xQueue ), ( pvBuffer ), ( xTicksToWait ), pdFALSE )
                                                                                           ^
main.c:111:13: note: in expansion of macro 'xQueueReceive'
         if (xQueueReceive(stabilityTaskQueue, &frequency, portMAX_DELAY)) {
             ^
FreeRTOS/queue.h:913:12: note: expected 'void * const' but argument is of type 'volatile double *'
 BaseType_t xQueueGenericReceive( QueueHandle_t xQueue, void * const pvBuffer, TickType_t xTicksToWait, const BaseType_t xJustPeek ) PRIVILEGED_FUNCTION;
            ^
main.c: In function 'PRVGADraw_Task':
main.c:219:6: warning: operation on 'i' may be undefined [-Wsequence-point]
    i = ++i % 100;
      ^
main.c: In function 'LCD_task':
main.c:293:10: warning: unknown conversion type character 0xa in format [-Wformat=]
   printf("buttons: d%\n", IORD_ALTERA_AVALON_PIO_DATA(PUSH_BUTTON_BASE));
          ^
main.c:293:10: warning: too many arguments for format [-Wformat-extra-args]
main.c:293:10: warning: unknown conversion type character 0xa in format [-Wformat=]
main.c:293:10: warning: too many arguments for format [-Wformat-extra-args]
Info: Linking Ass_1.elf
nios2-elf-g++  -T'../Ass_1_bsp//linker.x' -msys-crt0='../Ass_1_bsp//obj/HAL/src/crt0.o' -msys-lib=hal_bsp -L../Ass_1_bsp/   -Wl,-Map=Ass_1.map   -O0 -g -Wall   -mhw-div -mhw-mul -mno-hw-mulx -mgpopt=global  -o Ass_1.elf obj/default/FreeRTOS/croutine.o obj/default/FreeRTOS/event_groups.o obj/default/FreeRTOS/heap.o obj/default/FreeRTOS/list.o obj/default/FreeRTOS/port.o obj/default/FreeRTOS/queue.o obj/default/FreeRTOS/tasks.o obj/default/FreeRTOS/timers.o obj/default/main.o obj/default/FreeRTOS/port_asm.o -lm -msys-lib=m
nios2-elf-insert Ass_1.elf --thread_model hal --cpu_name nios2 --qsys true --simulation_enabled false --id 7 --sidp 0x430f0 --timestamp 1393900972 --stderr_dev jtag_uart --stdin_dev jtag_uart --stdout_dev jtag_uart --sopc_system_name nios2 --quartus_project_dir "C:/Users/tcas362/Documents/GitHub/COMPSYS-723-Assignment-1/Ass_1" --sopcinfo C:/Users/tcas362/Documents/GitHub/COMPSYS-723-Assignment-1/Ass_1/software/Ass_1_bsp/../../nios2.sopcinfo
Info: (Ass_1.elf) 633 KBytes program size (code + initialized data).
Info:             130561 KBytes free for stack + heap.
Info: Creating Ass_1.objdump
nios2-elf-objdump --disassemble --syms --all-header --source Ass_1.elf >Ass_1.objdump
[Ass_1 build complete]
16:45:37 **** Incremental Build of configuration Nios II for project Ass_1 ****
make all 
Info: Building ../Ass_1_bsp/
C:/intelFPGA/18.1/nios2eds/bin/gnu/H-x86_64-mingw32/bin/make --no-print-directory -C ../Ass_1_bsp/
[BSP build complete]
Info: Compiling main.c to obj/default/main.o
nios2-elf-gcc -xc -MP -MMD -c -I../Ass_1_bsp//HAL/inc -I../Ass_1_bsp/ -I../Ass_1_bsp//drivers/inc  -pipe -D__hal__ -DALT_NO_INSTRUCTION_EMULATION -DALT_SINGLE_THREADED    -O0 -g -Wall   -mhw-div -mhw-mul -mno-hw-mulx -mgpopt=global  -o obj/default/main.o main.c
In file included from main.c:19:0:
main.c: In function 'freq_relay_isr':
FreeRTOS/queue.h:1261:117: warning: passing argument 2 of 'xQueueGenericSendFromISR' discards 'volatile' qualifier from pointer target type [-Wdiscarded-qualifiers]
 #define xQueueSendFromISR( xQueue, pvItemToQueue, pxHigherPriorityTaskWoken ) xQueueGenericSendFromISR( ( xQueue ), ( pvItemToQueue ), ( pxHigherPriorityTaskWoken ), queueSEND_TO_BACK )
                                                                                                                     ^
main.c:93:5: note: in expansion of macro 'xQueueSendFromISR'
     xQueueSendFromISR(stabilityTaskQueue, &frequency, pdFALSE);
     ^
FreeRTOS/queue.h:1340:12: note: expected 'const void * const' but argument is of type 'volatile double *'
 BaseType_t xQueueGenericSendFromISR( QueueHandle_t xQueue, const void * const pvItemToQueue, BaseType_t * const pxHigherPriorityTaskWoken, const BaseType_t xCopyPosition ) PRIVILEGED_FUNCTION;
            ^
FreeRTOS/queue.h:1100:123: warning: passing argument 2 of 'xQueueGenericSendFromISR' discards 'volatile' qualifier from pointer target type [-Wdiscarded-qualifiers]
 #define xQueueSendToBackFromISR( xQueue, pvItemToQueue, pxHigherPriorityTaskWoken ) xQueueGenericSendFromISR( ( xQueue ), ( pvItemToQueue ), ( pxHigherPriorityTaskWoken ), queueSEND_TO_BACK )
                                                                                                                           ^
main.c:94:5: note: in expansion of macro 'xQueueSendToBackFromISR'
     xQueueSendToBackFromISR( Q_freq_data, &frequency, pdFALSE );
     ^
FreeRTOS/queue.h:1340:12: note: expected 'const void * const' but argument is of type 'volatile double *'
 BaseType_t xQueueGenericSendFromISR( QueueHandle_t xQueue, const void * const pvItemToQueue, BaseType_t * const pxHigherPriorityTaskWoken, const BaseType_t xCopyPosition ) PRIVILEGED_FUNCTION;
            ^
main.c: In function 'stabilityMonitorTask':
FreeRTOS/queue.h:814:91: warning: passing argument 2 of 'xQueueGenericReceive' discards 'volatile' qualifier from pointer target type [-Wdiscarded-qualifiers]
 #define xQueueReceive( xQueue, pvBuffer, xTicksToWait ) xQueueGenericReceive( ( xQueue ), ( pvBuffer ), ( xTicksToWait ), pdFALSE )
                                                                                           ^
main.c:111:13: note: in expansion of macro 'xQueueReceive'
         if (xQueueReceive(stabilityTaskQueue, &frequency, portMAX_DELAY)) {
             ^
FreeRTOS/queue.h:913:12: note: expected 'void * const' but argument is of type 'volatile double *'
 BaseType_t xQueueGenericReceive( QueueHandle_t xQueue, void * const pvBuffer, TickType_t xTicksToWait, const BaseType_t xJustPeek ) PRIVILEGED_FUNCTION;
            ^
main.c: In function 'PRVGADraw_Task':
main.c:219:6: warning: operation on 'i' may be undefined [-Wsequence-point]
    i = ++i % 100;
      ^
Info: Linking Ass_1.elf
nios2-elf-g++  -T'../Ass_1_bsp//linker.x' -msys-crt0='../Ass_1_bsp//obj/HAL/src/crt0.o' -msys-lib=hal_bsp -L../Ass_1_bsp/   -Wl,-Map=Ass_1.map   -O0 -g -Wall   -mhw-div -mhw-mul -mno-hw-mulx -mgpopt=global  -o Ass_1.elf obj/default/FreeRTOS/croutine.o obj/default/FreeRTOS/event_groups.o obj/default/FreeRTOS/heap.o obj/default/FreeRTOS/list.o obj/default/FreeRTOS/port.o obj/default/FreeRTOS/queue.o obj/default/FreeRTOS/tasks.o obj/default/FreeRTOS/timers.o obj/default/main.o obj/default/FreeRTOS/port_asm.o -lm -msys-lib=m
nios2-elf-insert Ass_1.elf --thread_model hal --cpu_name nios2 --qsys true --simulation_enabled false --id 7 --sidp 0x430f0 --timestamp 1393900972 --stderr_dev jtag_uart --stdin_dev jtag_uart --stdout_dev jtag_uart --sopc_system_name nios2 --quartus_project_dir "C:/Users/tcas362/Documents/GitHub/COMPSYS-723-Assignment-1/Ass_1" --sopcinfo C:/Users/tcas362/Documents/GitHub/COMPSYS-723-Assignment-1/Ass_1/software/Ass_1_bsp/../../nios2.sopcinfo
Info: (Ass_1.elf) 633 KBytes program size (code + initialized data).
Info:             130561 KBytes free for stack + heap.
Info: Creating Ass_1.objdump
nios2-elf-objdump --disassemble --syms --all-header --source Ass_1.elf >Ass_1.objdump
[Ass_1 build complete]
16:49:50 **** Incremental Build of configuration Nios II for project Ass_1 ****
make all 
Info: Building ../Ass_1_bsp/
C:/intelFPGA/18.1/nios2eds/bin/gnu/H-x86_64-mingw32/bin/make --no-print-directory -C ../Ass_1_bsp/
[BSP build complete]
Info: Compiling main.c to obj/default/main.o
nios2-elf-gcc -xc -MP -MMD -c -I../Ass_1_bsp//HAL/inc -I../Ass_1_bsp/ -I../Ass_1_bsp//drivers/inc  -pipe -D__hal__ -DALT_NO_INSTRUCTION_EMULATION -DALT_SINGLE_THREADED    -O0 -g -Wall   -mhw-div -mhw-mul -mno-hw-mulx -mgpopt=global  -o obj/default/main.o main.c
In file included from main.c:19:0:
main.c: In function 'freq_relay_isr':
FreeRTOS/queue.h:1261:117: warning: passing argument 2 of 'xQueueGenericSendFromISR' discards 'volatile' qualifier from pointer target type [-Wdiscarded-qualifiers]
 #define xQueueSendFromISR( xQueue, pvItemToQueue, pxHigherPriorityTaskWoken ) xQueueGenericSendFromISR( ( xQueue ), ( pvItemToQueue ), ( pxHigherPriorityTaskWoken ), queueSEND_TO_BACK )
                                                                                                                     ^
main.c:93:5: note: in expansion of macro 'xQueueSendFromISR'
     xQueueSendFromISR(stabilityTaskQueue, &frequency, pdFALSE);
     ^
FreeRTOS/queue.h:1340:12: note: expected 'const void * const' but argument is of type 'volatile double *'
 BaseType_t xQueueGenericSendFromISR( QueueHandle_t xQueue, const void * const pvItemToQueue, BaseType_t * const pxHigherPriorityTaskWoken, const BaseType_t xCopyPosition ) PRIVILEGED_FUNCTION;
            ^
FreeRTOS/queue.h:1100:123: warning: passing argument 2 of 'xQueueGenericSendFromISR' discards 'volatile' qualifier from pointer target type [-Wdiscarded-qualifiers]
 #define xQueueSendToBackFromISR( xQueue, pvItemToQueue, pxHigherPriorityTaskWoken ) xQueueGenericSendFromISR( ( xQueue ), ( pvItemToQueue ), ( pxHigherPriorityTaskWoken ), queueSEND_TO_BACK )
                                                                                                                           ^
main.c:94:5: note: in expansion of macro 'xQueueSendToBackFromISR'
     xQueueSendToBackFromISR( Q_freq_data, &frequency, pdFALSE );
     ^
FreeRTOS/queue.h:1340:12: note: expected 'const void * const' but argument is of type 'volatile double *'
 BaseType_t xQueueGenericSendFromISR( QueueHandle_t xQueue, const void * const pvItemToQueue, BaseType_t * const pxHigherPriorityTaskWoken, const BaseType_t xCopyPosition ) PRIVILEGED_FUNCTION;
            ^
main.c: In function 'stabilityMonitorTask':
FreeRTOS/queue.h:814:91: warning: passing argument 2 of 'xQueueGenericReceive' discards 'volatile' qualifier from pointer target type [-Wdiscarded-qualifiers]
 #define xQueueReceive( xQueue, pvBuffer, xTicksToWait ) xQueueGenericReceive( ( xQueue ), ( pvBuffer ), ( xTicksToWait ), pdFALSE )
                                                                                           ^
main.c:111:13: note: in expansion of macro 'xQueueReceive'
         if (xQueueReceive(stabilityTaskQueue, &frequency, portMAX_DELAY)) {
             ^
FreeRTOS/queue.h:913:12: note: expected 'void * const' but argument is of type 'volatile double *'
 BaseType_t xQueueGenericReceive( QueueHandle_t xQueue, void * const pvBuffer, TickType_t xTicksToWait, const BaseType_t xJustPeek ) PRIVILEGED_FUNCTION;
            ^
main.c: In function 'PRVGADraw_Task':
main.c:219:6: warning: operation on 'i' may be undefined [-Wsequence-point]
    i = ++i % 100;
      ^
Info: Linking Ass_1.elf
nios2-elf-g++  -T'../Ass_1_bsp//linker.x' -msys-crt0='../Ass_1_bsp//obj/HAL/src/crt0.o' -msys-lib=hal_bsp -L../Ass_1_bsp/   -Wl,-Map=Ass_1.map   -O0 -g -Wall   -mhw-div -mhw-mul -mno-hw-mulx -mgpopt=global  -o Ass_1.elf obj/default/FreeRTOS/croutine.o obj/default/FreeRTOS/event_groups.o obj/default/FreeRTOS/heap.o obj/default/FreeRTOS/list.o obj/default/FreeRTOS/port.o obj/default/FreeRTOS/queue.o obj/default/FreeRTOS/tasks.o obj/default/FreeRTOS/timers.o obj/default/main.o obj/default/FreeRTOS/port_asm.o -lm -msys-lib=m
nios2-elf-insert Ass_1.elf --thread_model hal --cpu_name nios2 --qsys true --simulation_enabled false --id 7 --sidp 0x430f0 --timestamp 1393900972 --stderr_dev jtag_uart --stdin_dev jtag_uart --stdout_dev jtag_uart --sopc_system_name nios2 --quartus_project_dir "C:/Users/tcas362/Documents/GitHub/COMPSYS-723-Assignment-1/Ass_1" --sopcinfo C:/Users/tcas362/Documents/GitHub/COMPSYS-723-Assignment-1/Ass_1/software/Ass_1_bsp/../../nios2.sopcinfo
Info: (Ass_1.elf) 633 KBytes program size (code + initialized data).
Info:             130561 KBytes free for stack + heap.
Info: Creating Ass_1.objdump
nios2-elf-objdump --disassemble --syms --all-header --source Ass_1.elf >Ass_1.objdump
[Ass_1 build complete]
16:53:51 **** Incremental Build of configuration Nios II for project Ass_1 ****
make all 
Info: Building ../Ass_1_bsp/
C:/intelFPGA/18.1/nios2eds/bin/gnu/H-x86_64-mingw32/bin/make --no-print-directory -C ../Ass_1_bsp/
[BSP build complete]
Info: Compiling main.c to obj/default/main.o
nios2-elf-gcc -xc -MP -MMD -c -I../Ass_1_bsp//HAL/inc -I../Ass_1_bsp/ -I../Ass_1_bsp//drivers/inc  -pipe -D__hal__ -DALT_NO_INSTRUCTION_EMULATION -DALT_SINGLE_THREADED    -O0 -g -Wall   -mhw-div -mhw-mul -mno-hw-mulx -mgpopt=global  -o obj/default/main.o main.c
In file included from main.c:19:0:
main.c: In function 'freq_relay_isr':
FreeRTOS/queue.h:1261:117: warning: passing argument 2 of 'xQueueGenericSendFromISR' discards 'volatile' qualifier from pointer target type [-Wdiscarded-qualifiers]
 #define xQueueSendFromISR( xQueue, pvItemToQueue, pxHigherPriorityTaskWoken ) xQueueGenericSendFromISR( ( xQueue ), ( pvItemToQueue ), ( pxHigherPriorityTaskWoken ), queueSEND_TO_BACK )
                                                                                                                     ^
main.c:93:5: note: in expansion of macro 'xQueueSendFromISR'
     xQueueSendFromISR(stabilityTaskQueue, &frequency, pdFALSE);
     ^
FreeRTOS/queue.h:1340:12: note: expected 'const void * const' but argument is of type 'volatile double *'
 BaseType_t xQueueGenericSendFromISR( QueueHandle_t xQueue, const void * const pvItemToQueue, BaseType_t * const pxHigherPriorityTaskWoken, const BaseType_t xCopyPosition ) PRIVILEGED_FUNCTION;
            ^
FreeRTOS/queue.h:1100:123: warning: passing argument 2 of 'xQueueGenericSendFromISR' discards 'volatile' qualifier from pointer target type [-Wdiscarded-qualifiers]
 #define xQueueSendToBackFromISR( xQueue, pvItemToQueue, pxHigherPriorityTaskWoken ) xQueueGenericSendFromISR( ( xQueue ), ( pvItemToQueue ), ( pxHigherPriorityTaskWoken ), queueSEND_TO_BACK )
                                                                                                                           ^
main.c:94:5: note: in expansion of macro 'xQueueSendToBackFromISR'
     xQueueSendToBackFromISR( Q_freq_data, &frequency, pdFALSE );
     ^
FreeRTOS/queue.h:1340:12: note: expected 'const void * const' but argument is of type 'volatile double *'
 BaseType_t xQueueGenericSendFromISR( QueueHandle_t xQueue, const void * const pvItemToQueue, BaseType_t * const pxHigherPriorityTaskWoken, const BaseType_t xCopyPosition ) PRIVILEGED_FUNCTION;
            ^
main.c: In function 'stabilityMonitorTask':
FreeRTOS/queue.h:814:91: warning: passing argument 2 of 'xQueueGenericReceive' discards 'volatile' qualifier from pointer target type [-Wdiscarded-qualifiers]
 #define xQueueReceive( xQueue, pvBuffer, xTicksToWait ) xQueueGenericReceive( ( xQueue ), ( pvBuffer ), ( xTicksToWait ), pdFALSE )
                                                                                           ^
main.c:113:13: note: in expansion of macro 'xQueueReceive'
         if (xQueueReceive(stabilityTaskQueue, &frequency, portMAX_DELAY)) {
             ^
FreeRTOS/queue.h:913:12: note: expected 'void * const' but argument is of type 'volatile double *'
 BaseType_t xQueueGenericReceive( QueueHandle_t xQueue, void * const pvBuffer, TickType_t xTicksToWait, const BaseType_t xJustPeek ) PRIVILEGED_FUNCTION;
            ^
main.c: In function 'PRVGADraw_Task':
main.c:221:6: warning: operation on 'i' may be undefined [-Wsequence-point]
    i = ++i % 100;
      ^
Info: Linking Ass_1.elf
nios2-elf-g++  -T'../Ass_1_bsp//linker.x' -msys-crt0='../Ass_1_bsp//obj/HAL/src/crt0.o' -msys-lib=hal_bsp -L../Ass_1_bsp/   -Wl,-Map=Ass_1.map   -O0 -g -Wall   -mhw-div -mhw-mul -mno-hw-mulx -mgpopt=global  -o Ass_1.elf obj/default/FreeRTOS/croutine.o obj/default/FreeRTOS/event_groups.o obj/default/FreeRTOS/heap.o obj/default/FreeRTOS/list.o obj/default/FreeRTOS/port.o obj/default/FreeRTOS/queue.o obj/default/FreeRTOS/tasks.o obj/default/FreeRTOS/timers.o obj/default/main.o obj/default/FreeRTOS/port_asm.o -lm -msys-lib=m
nios2-elf-insert Ass_1.elf --thread_model hal --cpu_name nios2 --qsys true --simulation_enabled false --id 7 --sidp 0x430f0 --timestamp 1393900972 --stderr_dev jtag_uart --stdin_dev jtag_uart --stdout_dev jtag_uart --sopc_system_name nios2 --quartus_project_dir "C:/Users/tcas362/Documents/GitHub/COMPSYS-723-Assignment-1/Ass_1" --sopcinfo C:/Users/tcas362/Documents/GitHub/COMPSYS-723-Assignment-1/Ass_1/software/Ass_1_bsp/../../nios2.sopcinfo
Info: (Ass_1.elf) 633 KBytes program size (code + initialized data).
Info:             130561 KBytes free for stack + heap.
Info: Creating Ass_1.objdump
nios2-elf-objdump --disassemble --syms --all-header --source Ass_1.elf >Ass_1.objdump
[Ass_1 build complete]
16:58:29 **** Incremental Build of configuration Nios II for project Ass_1 ****
make all 
Info: Building ../Ass_1_bsp/
C:/intelFPGA/18.1/nios2eds/bin/gnu/H-x86_64-mingw32/bin/make --no-print-directory -C ../Ass_1_bsp/
[BSP build complete]
Info: Compiling main.c to obj/default/main.o
nios2-elf-gcc -xc -MP -MMD -c -I../Ass_1_bsp//HAL/inc -I../Ass_1_bsp/ -I../Ass_1_bsp//drivers/inc  -pipe -D__hal__ -DALT_NO_INSTRUCTION_EMULATION -DALT_SINGLE_THREADED    -O0 -g -Wall   -mhw-div -mhw-mul -mno-hw-mulx -mgpopt=global  -o obj/default/main.o main.c
In file included from main.c:19:0:
main.c: In function 'freq_relay_isr':
FreeRTOS/queue.h:1261:117: warning: passing argument 2 of 'xQueueGenericSendFromISR' discards 'volatile' qualifier from pointer target type [-Wdiscarded-qualifiers]
 #define xQueueSendFromISR( xQueue, pvItemToQueue, pxHigherPriorityTaskWoken ) xQueueGenericSendFromISR( ( xQueue ), ( pvItemToQueue ), ( pxHigherPriorityTaskWoken ), queueSEND_TO_BACK )
                                                                                                                     ^
main.c:93:5: note: in expansion of macro 'xQueueSendFromISR'
     xQueueSendFromISR(stabilityTaskQueue, &frequency, pdFALSE);
     ^
FreeRTOS/queue.h:1340:12: note: expected 'const void * const' but argument is of type 'volatile double *'
 BaseType_t xQueueGenericSendFromISR( QueueHandle_t xQueue, const void * const pvItemToQueue, BaseType_t * const pxHigherPriorityTaskWoken, const BaseType_t xCopyPosition ) PRIVILEGED_FUNCTION;
            ^
FreeRTOS/queue.h:1100:123: warning: passing argument 2 of 'xQueueGenericSendFromISR' discards 'volatile' qualifier from pointer target type [-Wdiscarded-qualifiers]
 #define xQueueSendToBackFromISR( xQueue, pvItemToQueue, pxHigherPriorityTaskWoken ) xQueueGenericSendFromISR( ( xQueue ), ( pvItemToQueue ), ( pxHigherPriorityTaskWoken ), queueSEND_TO_BACK )
                                                                                                                           ^
main.c:94:5: note: in expansion of macro 'xQueueSendToBackFromISR'
     xQueueSendToBackFromISR( Q_freq_data, &frequency, pdFALSE );
     ^
FreeRTOS/queue.h:1340:12: note: expected 'const void * const' but argument is of type 'volatile double *'
 BaseType_t xQueueGenericSendFromISR( QueueHandle_t xQueue, const void * const pvItemToQueue, BaseType_t * const pxHigherPriorityTaskWoken, const BaseType_t xCopyPosition ) PRIVILEGED_FUNCTION;
            ^
In file included from main.c:9:0:
main.c: In function 'button_isr':
../Ass_1_bsp//HAL/inc/io.h:75:65: warning: overflow in implicit constant conversion [-Woverflow]
   __builtin_stwio (__IO_CALC_ADDRESS_NATIVE ((BASE), (REGNUM)), (DATA))
                                                                 ^
../Ass_1_bsp//drivers/inc/altera_avalon_pio_regs.h:38:55: note: in expansion of macro 'IOWR'
 #define IOWR_ALTERA_AVALON_PIO_DATA(base, data)       IOWR(base, 0, data)
                                                       ^
main.c:101:6: note: in expansion of macro 'IOWR_ALTERA_AVALON_PIO_DATA'
      IOWR_ALTERA_AVALON_PIO_DATA(SEVEN_SEG_BASE, 0x4949494949494949);
      ^
In file included from main.c:19:0:
main.c: In function 'stabilityMonitorTask':
FreeRTOS/queue.h:814:91: warning: passing argument 2 of 'xQueueGenericReceive' discards 'volatile' qualifier from pointer target type [-Wdiscarded-qualifiers]
 #define xQueueReceive( xQueue, pvBuffer, xTicksToWait ) xQueueGenericReceive( ( xQueue ), ( pvBuffer ), ( xTicksToWait ), pdFALSE )
                                                                                           ^
main.c:113:13: note: in expansion of macro 'xQueueReceive'
         if (xQueueReceive(stabilityTaskQueue, &frequency, portMAX_DELAY)) {
             ^
FreeRTOS/queue.h:913:12: note: expected 'void * const' but argument is of type 'volatile double *'
 BaseType_t xQueueGenericReceive( QueueHandle_t xQueue, void * const pvBuffer, TickType_t xTicksToWait, const BaseType_t xJustPeek ) PRIVILEGED_FUNCTION;
            ^
main.c: In function 'PRVGADraw_Task':
main.c:221:6: warning: operation on 'i' may be undefined [-Wsequence-point]
    i = ++i % 100;
      ^
Info: Linking Ass_1.elf
nios2-elf-g++  -T'../Ass_1_bsp//linker.x' -msys-crt0='../Ass_1_bsp//obj/HAL/src/crt0.o' -msys-lib=hal_bsp -L../Ass_1_bsp/   -Wl,-Map=Ass_1.map   -O0 -g -Wall   -mhw-div -mhw-mul -mno-hw-mulx -mgpopt=global  -o Ass_1.elf obj/default/FreeRTOS/croutine.o obj/default/FreeRTOS/event_groups.o obj/default/FreeRTOS/heap.o obj/default/FreeRTOS/list.o obj/default/FreeRTOS/port.o obj/default/FreeRTOS/queue.o obj/default/FreeRTOS/tasks.o obj/default/FreeRTOS/timers.o obj/default/main.o obj/default/FreeRTOS/port_asm.o -lm -msys-lib=m
nios2-elf-insert Ass_1.elf --thread_model hal --cpu_name nios2 --qsys true --simulation_enabled false --id 7 --sidp 0x430f0 --timestamp 1393900972 --stderr_dev jtag_uart --stdin_dev jtag_uart --stdout_dev jtag_uart --sopc_system_name nios2 --quartus_project_dir "C:/Users/tcas362/Documents/GitHub/COMPSYS-723-Assignment-1/Ass_1" --sopcinfo C:/Users/tcas362/Documents/GitHub/COMPSYS-723-Assignment-1/Ass_1/software/Ass_1_bsp/../../nios2.sopcinfo
Info: (Ass_1.elf) 633 KBytes program size (code + initialized data).
Info:             130561 KBytes free for stack + heap.
Info: Creating Ass_1.objdump
nios2-elf-objdump --disassemble --syms --all-header --source Ass_1.elf >Ass_1.objdump
[Ass_1 build complete]
16:59:30 **** Incremental Build of configuration Nios II for project Ass_1 ****
make all 
Info: Building ../Ass_1_bsp/
C:/intelFPGA/18.1/nios2eds/bin/gnu/H-x86_64-mingw32/bin/make --no-print-directory -C ../Ass_1_bsp/
[BSP build complete]
Info: Compiling main.c to obj/default/main.o
nios2-elf-gcc -xc -MP -MMD -c -I../Ass_1_bsp//HAL/inc -I../Ass_1_bsp/ -I../Ass_1_bsp//drivers/inc  -pipe -D__hal__ -DALT_NO_INSTRUCTION_EMULATION -DALT_SINGLE_THREADED    -O0 -g -Wall   -mhw-div -mhw-mul -mno-hw-mulx -mgpopt=global  -o obj/default/main.o main.c
In file included from main.c:19:0:
main.c: In function 'freq_relay_isr':
FreeRTOS/queue.h:1261:117: warning: passing argument 2 of 'xQueueGenericSendFromISR' discards 'volatile' qualifier from pointer target type [-Wdiscarded-qualifiers]
 #define xQueueSendFromISR( xQueue, pvItemToQueue, pxHigherPriorityTaskWoken ) xQueueGenericSendFromISR( ( xQueue ), ( pvItemToQueue ), ( pxHigherPriorityTaskWoken ), queueSEND_TO_BACK )
                                                                                                                     ^
main.c:93:5: note: in expansion of macro 'xQueueSendFromISR'
     xQueueSendFromISR(stabilityTaskQueue, &frequency, pdFALSE);
     ^
FreeRTOS/queue.h:1340:12: note: expected 'const void * const' but argument is of type 'volatile double *'
 BaseType_t xQueueGenericSendFromISR( QueueHandle_t xQueue, const void * const pvItemToQueue, BaseType_t * const pxHigherPriorityTaskWoken, const BaseType_t xCopyPosition ) PRIVILEGED_FUNCTION;
            ^
FreeRTOS/queue.h:1100:123: warning: passing argument 2 of 'xQueueGenericSendFromISR' discards 'volatile' qualifier from pointer target type [-Wdiscarded-qualifiers]
 #define xQueueSendToBackFromISR( xQueue, pvItemToQueue, pxHigherPriorityTaskWoken ) xQueueGenericSendFromISR( ( xQueue ), ( pvItemToQueue ), ( pxHigherPriorityTaskWoken ), queueSEND_TO_BACK )
                                                                                                                           ^
main.c:94:5: note: in expansion of macro 'xQueueSendToBackFromISR'
     xQueueSendToBackFromISR( Q_freq_data, &frequency, pdFALSE );
     ^
FreeRTOS/queue.h:1340:12: note: expected 'const void * const' but argument is of type 'volatile double *'
 BaseType_t xQueueGenericSendFromISR( QueueHandle_t xQueue, const void * const pvItemToQueue, BaseType_t * const pxHigherPriorityTaskWoken, const BaseType_t xCopyPosition ) PRIVILEGED_FUNCTION;
            ^
main.c: In function 'stabilityMonitorTask':
FreeRTOS/queue.h:814:91: warning: passing argument 2 of 'xQueueGenericReceive' discards 'volatile' qualifier from pointer target type [-Wdiscarded-qualifiers]
 #define xQueueReceive( xQueue, pvBuffer, xTicksToWait ) xQueueGenericReceive( ( xQueue ), ( pvBuffer ), ( xTicksToWait ), pdFALSE )
                                                                                           ^
main.c:113:13: note: in expansion of macro 'xQueueReceive'
         if (xQueueReceive(stabilityTaskQueue, &frequency, portMAX_DELAY)) {
             ^
FreeRTOS/queue.h:913:12: note: expected 'void * const' but argument is of type 'volatile double *'
 BaseType_t xQueueGenericReceive( QueueHandle_t xQueue, void * const pvBuffer, TickType_t xTicksToWait, const BaseType_t xJustPeek ) PRIVILEGED_FUNCTION;
            ^
main.c: In function 'PRVGADraw_Task':
main.c:221:6: warning: operation on 'i' may be undefined [-Wsequence-point]
    i = ++i % 100;
      ^
Info: Linking Ass_1.elf
nios2-elf-g++  -T'../Ass_1_bsp//linker.x' -msys-crt0='../Ass_1_bsp//obj/HAL/src/crt0.o' -msys-lib=hal_bsp -L../Ass_1_bsp/   -Wl,-Map=Ass_1.map   -O0 -g -Wall   -mhw-div -mhw-mul -mno-hw-mulx -mgpopt=global  -o Ass_1.elf obj/default/FreeRTOS/croutine.o obj/default/FreeRTOS/event_groups.o obj/default/FreeRTOS/heap.o obj/default/FreeRTOS/list.o obj/default/FreeRTOS/port.o obj/default/FreeRTOS/queue.o obj/default/FreeRTOS/tasks.o obj/default/FreeRTOS/timers.o obj/default/main.o obj/default/FreeRTOS/port_asm.o -lm -msys-lib=m
nios2-elf-insert Ass_1.elf --thread_model hal --cpu_name nios2 --qsys true --simulation_enabled false --id 7 --sidp 0x430f0 --timestamp 1393900972 --stderr_dev jtag_uart --stdin_dev jtag_uart --stdout_dev jtag_uart --sopc_system_name nios2 --quartus_project_dir "C:/Users/tcas362/Documents/GitHub/COMPSYS-723-Assignment-1/Ass_1" --sopcinfo C:/Users/tcas362/Documents/GitHub/COMPSYS-723-Assignment-1/Ass_1/software/Ass_1_bsp/../../nios2.sopcinfo
Info: (Ass_1.elf) 633 KBytes program size (code + initialized data).
Info:             130561 KBytes free for stack + heap.
Info: Creating Ass_1.objdump
nios2-elf-objdump --disassemble --syms --all-header --source Ass_1.elf >Ass_1.objdump
[Ass_1 build complete]
17:01:46 **** Incremental Build of configuration Nios II for project Ass_1 ****
make all 
Info: Building ../Ass_1_bsp/
C:/intelFPGA/18.1/nios2eds/bin/gnu/H-x86_64-mingw32/bin/make --no-print-directory -C ../Ass_1_bsp/
[BSP build complete]
Info: Compiling main.c to obj/default/main.o
nios2-elf-gcc -xc -MP -MMD -c -I../Ass_1_bsp//HAL/inc -I../Ass_1_bsp/ -I../Ass_1_bsp//drivers/inc  -pipe -D__hal__ -DALT_NO_INSTRUCTION_EMULATION -DALT_SINGLE_THREADED    -O0 -g -Wall   -mhw-div -mhw-mul -mno-hw-mulx -mgpopt=global  -o obj/default/main.o main.c
In file included from main.c:19:0:
main.c: In function 'freq_relay_isr':
FreeRTOS/queue.h:1261:117: warning: passing argument 2 of 'xQueueGenericSendFromISR' discards 'volatile' qualifier from pointer target type [-Wdiscarded-qualifiers]
 #define xQueueSendFromISR( xQueue, pvItemToQueue, pxHigherPriorityTaskWoken ) xQueueGenericSendFromISR( ( xQueue ), ( pvItemToQueue ), ( pxHigherPriorityTaskWoken ), queueSEND_TO_BACK )
                                                                                                                     ^
main.c:93:5: note: in expansion of macro 'xQueueSendFromISR'
     xQueueSendFromISR(stabilityTaskQueue, &frequency, pdFALSE);
     ^
FreeRTOS/queue.h:1340:12: note: expected 'const void * const' but argument is of type 'volatile double *'
 BaseType_t xQueueGenericSendFromISR( QueueHandle_t xQueue, const void * const pvItemToQueue, BaseType_t * const pxHigherPriorityTaskWoken, const BaseType_t xCopyPosition ) PRIVILEGED_FUNCTION;
            ^
FreeRTOS/queue.h:1100:123: warning: passing argument 2 of 'xQueueGenericSendFromISR' discards 'volatile' qualifier from pointer target type [-Wdiscarded-qualifiers]
 #define xQueueSendToBackFromISR( xQueue, pvItemToQueue, pxHigherPriorityTaskWoken ) xQueueGenericSendFromISR( ( xQueue ), ( pvItemToQueue ), ( pxHigherPriorityTaskWoken ), queueSEND_TO_BACK )
                                                                                                                           ^
main.c:94:5: note: in expansion of macro 'xQueueSendToBackFromISR'
     xQueueSendToBackFromISR( Q_freq_data, &frequency, pdFALSE );
     ^
FreeRTOS/queue.h:1340:12: note: expected 'const void * const' but argument is of type 'volatile double *'
 BaseType_t xQueueGenericSendFromISR( QueueHandle_t xQueue, const void * const pvItemToQueue, BaseType_t * const pxHigherPriorityTaskWoken, const BaseType_t xCopyPosition ) PRIVILEGED_FUNCTION;
            ^
main.c: In function 'stabilityMonitorTask':
FreeRTOS/queue.h:814:91: warning: passing argument 2 of 'xQueueGenericReceive' discards 'volatile' qualifier from pointer target type [-Wdiscarded-qualifiers]
 #define xQueueReceive( xQueue, pvBuffer, xTicksToWait ) xQueueGenericReceive( ( xQueue ), ( pvBuffer ), ( xTicksToWait ), pdFALSE )
                                                                                           ^
main.c:113:13: note: in expansion of macro 'xQueueReceive'
         if (xQueueReceive(stabilityTaskQueue, &frequency, portMAX_DELAY)) {
             ^
FreeRTOS/queue.h:913:12: note: expected 'void * const' but argument is of type 'volatile double *'
 BaseType_t xQueueGenericReceive( QueueHandle_t xQueue, void * const pvBuffer, TickType_t xTicksToWait, const BaseType_t xJustPeek ) PRIVILEGED_FUNCTION;
            ^
main.c: In function 'PRVGADraw_Task':
main.c:221:6: warning: operation on 'i' may be undefined [-Wsequence-point]
    i = ++i % 100;
      ^
Info: Linking Ass_1.elf
nios2-elf-g++  -T'../Ass_1_bsp//linker.x' -msys-crt0='../Ass_1_bsp//obj/HAL/src/crt0.o' -msys-lib=hal_bsp -L../Ass_1_bsp/   -Wl,-Map=Ass_1.map   -O0 -g -Wall   -mhw-div -mhw-mul -mno-hw-mulx -mgpopt=global  -o Ass_1.elf obj/default/FreeRTOS/croutine.o obj/default/FreeRTOS/event_groups.o obj/default/FreeRTOS/heap.o obj/default/FreeRTOS/list.o obj/default/FreeRTOS/port.o obj/default/FreeRTOS/queue.o obj/default/FreeRTOS/tasks.o obj/default/FreeRTOS/timers.o obj/default/main.o obj/default/FreeRTOS/port_asm.o -lm -msys-lib=m
nios2-elf-insert Ass_1.elf --thread_model hal --cpu_name nios2 --qsys true --simulation_enabled false --id 7 --sidp 0x430f0 --timestamp 1393900972 --stderr_dev jtag_uart --stdin_dev jtag_uart --stdout_dev jtag_uart --sopc_system_name nios2 --quartus_project_dir "C:/Users/tcas362/Documents/GitHub/COMPSYS-723-Assignment-1/Ass_1" --sopcinfo C:/Users/tcas362/Documents/GitHub/COMPSYS-723-Assignment-1/Ass_1/software/Ass_1_bsp/../../nios2.sopcinfo
Info: (Ass_1.elf) 633 KBytes program size (code + initialized data).
Info:             130561 KBytes free for stack + heap.
Info: Creating Ass_1.objdump
nios2-elf-objdump --disassemble --syms --all-header --source Ass_1.elf >Ass_1.objdump
[Ass_1 build complete]
17:03:31 **** Incremental Build of configuration Nios II for project Ass_1 ****
make all 
Info: Building ../Ass_1_bsp/
C:/intelFPGA/18.1/nios2eds/bin/gnu/H-x86_64-mingw32/bin/make --no-print-directory -C ../Ass_1_bsp/
[BSP build complete]
Info: Compiling main.c to obj/default/main.o
nios2-elf-gcc -xc -MP -MMD -c -I../Ass_1_bsp//HAL/inc -I../Ass_1_bsp/ -I../Ass_1_bsp//drivers/inc  -pipe -D__hal__ -DALT_NO_INSTRUCTION_EMULATION -DALT_SINGLE_THREADED    -O0 -g -Wall   -mhw-div -mhw-mul -mno-hw-mulx -mgpopt=global  -o obj/default/main.o main.c
In file included from main.c:19:0:
main.c: In function 'freq_relay_isr':
FreeRTOS/queue.h:1261:117: warning: passing argument 2 of 'xQueueGenericSendFromISR' discards 'volatile' qualifier from pointer target type [-Wdiscarded-qualifiers]
 #define xQueueSendFromISR( xQueue, pvItemToQueue, pxHigherPriorityTaskWoken ) xQueueGenericSendFromISR( ( xQueue ), ( pvItemToQueue ), ( pxHigherPriorityTaskWoken ), queueSEND_TO_BACK )
                                                                                                                     ^
main.c:93:5: note: in expansion of macro 'xQueueSendFromISR'
     xQueueSendFromISR(stabilityTaskQueue, &frequency, pdFALSE);
     ^
FreeRTOS/queue.h:1340:12: note: expected 'const void * const' but argument is of type 'volatile double *'
 BaseType_t xQueueGenericSendFromISR( QueueHandle_t xQueue, const void * const pvItemToQueue, BaseType_t * const pxHigherPriorityTaskWoken, const BaseType_t xCopyPosition ) PRIVILEGED_FUNCTION;
            ^
FreeRTOS/queue.h:1100:123: warning: passing argument 2 of 'xQueueGenericSendFromISR' discards 'volatile' qualifier from pointer target type [-Wdiscarded-qualifiers]
 #define xQueueSendToBackFromISR( xQueue, pvItemToQueue, pxHigherPriorityTaskWoken ) xQueueGenericSendFromISR( ( xQueue ), ( pvItemToQueue ), ( pxHigherPriorityTaskWoken ), queueSEND_TO_BACK )
                                                                                                                           ^
main.c:94:5: note: in expansion of macro 'xQueueSendToBackFromISR'
     xQueueSendToBackFromISR( Q_freq_data, &frequency, pdFALSE );
     ^
FreeRTOS/queue.h:1340:12: note: expected 'const void * const' but argument is of type 'volatile double *'
 BaseType_t xQueueGenericSendFromISR( QueueHandle_t xQueue, const void * const pvItemToQueue, BaseType_t * const pxHigherPriorityTaskWoken, const BaseType_t xCopyPosition ) PRIVILEGED_FUNCTION;
            ^
main.c: In function 'stabilityMonitorTask':
FreeRTOS/queue.h:814:91: warning: passing argument 2 of 'xQueueGenericReceive' discards 'volatile' qualifier from pointer target type [-Wdiscarded-qualifiers]
 #define xQueueReceive( xQueue, pvBuffer, xTicksToWait ) xQueueGenericReceive( ( xQueue ), ( pvBuffer ), ( xTicksToWait ), pdFALSE )
                                                                                           ^
main.c:113:13: note: in expansion of macro 'xQueueReceive'
         if (xQueueReceive(stabilityTaskQueue, &frequency, portMAX_DELAY)) {
             ^
FreeRTOS/queue.h:913:12: note: expected 'void * const' but argument is of type 'volatile double *'
 BaseType_t xQueueGenericReceive( QueueHandle_t xQueue, void * const pvBuffer, TickType_t xTicksToWait, const BaseType_t xJustPeek ) PRIVILEGED_FUNCTION;
            ^
main.c: In function 'PRVGADraw_Task':
main.c:221:6: warning: operation on 'i' may be undefined [-Wsequence-point]
    i = ++i % 100;
      ^
Info: Linking Ass_1.elf
nios2-elf-g++  -T'../Ass_1_bsp//linker.x' -msys-crt0='../Ass_1_bsp//obj/HAL/src/crt0.o' -msys-lib=hal_bsp -L../Ass_1_bsp/   -Wl,-Map=Ass_1.map   -O0 -g -Wall   -mhw-div -mhw-mul -mno-hw-mulx -mgpopt=global  -o Ass_1.elf obj/default/FreeRTOS/croutine.o obj/default/FreeRTOS/event_groups.o obj/default/FreeRTOS/heap.o obj/default/FreeRTOS/list.o obj/default/FreeRTOS/port.o obj/default/FreeRTOS/queue.o obj/default/FreeRTOS/tasks.o obj/default/FreeRTOS/timers.o obj/default/main.o obj/default/FreeRTOS/port_asm.o -lm -msys-lib=m
nios2-elf-insert Ass_1.elf --thread_model hal --cpu_name nios2 --qsys true --simulation_enabled false --id 7 --sidp 0x430f0 --timestamp 1393900972 --stderr_dev jtag_uart --stdin_dev jtag_uart --stdout_dev jtag_uart --sopc_system_name nios2 --quartus_project_dir "C:/Users/tcas362/Documents/GitHub/COMPSYS-723-Assignment-1/Ass_1" --sopcinfo C:/Users/tcas362/Documents/GitHub/COMPSYS-723-Assignment-1/Ass_1/software/Ass_1_bsp/../../nios2.sopcinfo
Info: (Ass_1.elf) 633 KBytes program size (code + initialized data).
Info:             130561 KBytes free for stack + heap.
Info: Creating Ass_1.objdump
nios2-elf-objdump --disassemble --syms --all-header --source Ass_1.elf >Ass_1.objdump
[Ass_1 build complete]
17:05:48 **** Incremental Build of configuration Nios II for project Ass_1 ****
make all 
Info: Building ../Ass_1_bsp/
C:/intelFPGA/18.1/nios2eds/bin/gnu/H-x86_64-mingw32/bin/make --no-print-directory -C ../Ass_1_bsp/
[BSP build complete]
Info: Compiling main.c to obj/default/main.o
nios2-elf-gcc -xc -MP -MMD -c -I../Ass_1_bsp//HAL/inc -I../Ass_1_bsp/ -I../Ass_1_bsp//drivers/inc  -pipe -D__hal__ -DALT_NO_INSTRUCTION_EMULATION -DALT_SINGLE_THREADED    -O0 -g -Wall   -mhw-div -mhw-mul -mno-hw-mulx -mgpopt=global  -o obj/default/main.o main.c
In file included from main.c:19:0:
main.c: In function 'freq_relay_isr':
FreeRTOS/queue.h:1261:117: warning: passing argument 2 of 'xQueueGenericSendFromISR' discards 'volatile' qualifier from pointer target type [-Wdiscarded-qualifiers]
 #define xQueueSendFromISR( xQueue, pvItemToQueue, pxHigherPriorityTaskWoken ) xQueueGenericSendFromISR( ( xQueue ), ( pvItemToQueue ), ( pxHigherPriorityTaskWoken ), queueSEND_TO_BACK )
                                                                                                                     ^
main.c:93:5: note: in expansion of macro 'xQueueSendFromISR'
     xQueueSendFromISR(stabilityTaskQueue, &frequency, pdFALSE);
     ^
FreeRTOS/queue.h:1340:12: note: expected 'const void * const' but argument is of type 'volatile double *'
 BaseType_t xQueueGenericSendFromISR( QueueHandle_t xQueue, const void * const pvItemToQueue, BaseType_t * const pxHigherPriorityTaskWoken, const BaseType_t xCopyPosition ) PRIVILEGED_FUNCTION;
            ^
FreeRTOS/queue.h:1100:123: warning: passing argument 2 of 'xQueueGenericSendFromISR' discards 'volatile' qualifier from pointer target type [-Wdiscarded-qualifiers]
 #define xQueueSendToBackFromISR( xQueue, pvItemToQueue, pxHigherPriorityTaskWoken ) xQueueGenericSendFromISR( ( xQueue ), ( pvItemToQueue ), ( pxHigherPriorityTaskWoken ), queueSEND_TO_BACK )
                                                                                                                           ^
main.c:94:5: note: in expansion of macro 'xQueueSendToBackFromISR'
     xQueueSendToBackFromISR( Q_freq_data, &frequency, pdFALSE );
     ^
FreeRTOS/queue.h:1340:12: note: expected 'const void * const' but argument is of type 'volatile double *'
 BaseType_t xQueueGenericSendFromISR( QueueHandle_t xQueue, const void * const pvItemToQueue, BaseType_t * const pxHigherPriorityTaskWoken, const BaseType_t xCopyPosition ) PRIVILEGED_FUNCTION;
            ^
main.c: In function 'stabilityMonitorTask':
FreeRTOS/queue.h:814:91: warning: passing argument 2 of 'xQueueGenericReceive' discards 'volatile' qualifier from pointer target type [-Wdiscarded-qualifiers]
 #define xQueueReceive( xQueue, pvBuffer, xTicksToWait ) xQueueGenericReceive( ( xQueue ), ( pvBuffer ), ( xTicksToWait ), pdFALSE )
                                                                                           ^
main.c:113:13: note: in expansion of macro 'xQueueReceive'
         if (xQueueReceive(stabilityTaskQueue, &frequency, portMAX_DELAY)) {
             ^
FreeRTOS/queue.h:913:12: note: expected 'void * const' but argument is of type 'volatile double *'
 BaseType_t xQueueGenericReceive( QueueHandle_t xQueue, void * const pvBuffer, TickType_t xTicksToWait, const BaseType_t xJustPeek ) PRIVILEGED_FUNCTION;
            ^
main.c: In function 'PRVGADraw_Task':
main.c:221:6: warning: operation on 'i' may be undefined [-Wsequence-point]
    i = ++i % 100;
      ^
main.c:265:4: warning: implicit declaration of function 'alt_up_char_buffer_set_background_color' [-Wimplicit-function-declaration]
    alt_up_char_buffer_set_background_color(char_buf, 0xF800);
    ^
Info: Linking Ass_1.elf
nios2-elf-g++  -T'../Ass_1_bsp//linker.x' -msys-crt0='../Ass_1_bsp//obj/HAL/src/crt0.o' -msys-lib=hal_bsp -L../Ass_1_bsp/   -Wl,-Map=Ass_1.map   -O0 -g -Wall   -mhw-div -mhw-mul -mno-hw-mulx -mgpopt=global  -o Ass_1.elf obj/default/FreeRTOS/croutine.o obj/default/FreeRTOS/event_groups.o obj/default/FreeRTOS/heap.o obj/default/FreeRTOS/list.o obj/default/FreeRTOS/port.o obj/default/FreeRTOS/queue.o obj/default/FreeRTOS/tasks.o obj/default/FreeRTOS/timers.o obj/default/main.o obj/default/FreeRTOS/port_asm.o -lm -msys-lib=m
obj/default/main.o: In function `PRVGADraw_Task':
C:\Users\tcas362\Documents\GitHub\COMPSYS-723-Assignment-1\Ass_1\software\Ass_1/main.c:265: undefined reference to `alt_up_char_buffer_set_background_color'
collect2.exe: error: ld returned 1 exit status
make: *** [Ass_1.elf] Error 1
17:05:56 **** Incremental Build of configuration Nios II for project Ass_1 ****
make all 
Info: Building ../Ass_1_bsp/
C:/intelFPGA/18.1/nios2eds/bin/gnu/H-x86_64-mingw32/bin/make --no-print-directory -C ../Ass_1_bsp/
[BSP build complete]
Info: Compiling main.c to obj/default/main.o
nios2-elf-gcc -xc -MP -MMD -c -I../Ass_1_bsp//HAL/inc -I../Ass_1_bsp/ -I../Ass_1_bsp//drivers/inc  -pipe -D__hal__ -DALT_NO_INSTRUCTION_EMULATION -DALT_SINGLE_THREADED    -O0 -g -Wall   -mhw-div -mhw-mul -mno-hw-mulx -mgpopt=global  -o obj/default/main.o main.c
In file included from main.c:19:0:
main.c: In function 'freq_relay_isr':
FreeRTOS/queue.h:1261:117: warning: passing argument 2 of 'xQueueGenericSendFromISR' discards 'volatile' qualifier from pointer target type [-Wdiscarded-qualifiers]
 #define xQueueSendFromISR( xQueue, pvItemToQueue, pxHigherPriorityTaskWoken ) xQueueGenericSendFromISR( ( xQueue ), ( pvItemToQueue ), ( pxHigherPriorityTaskWoken ), queueSEND_TO_BACK )
                                                                                                                     ^
main.c:93:5: note: in expansion of macro 'xQueueSendFromISR'
     xQueueSendFromISR(stabilityTaskQueue, &frequency, pdFALSE);
     ^
FreeRTOS/queue.h:1340:12: note: expected 'const void * const' but argument is of type 'volatile double *'
 BaseType_t xQueueGenericSendFromISR( QueueHandle_t xQueue, const void * const pvItemToQueue, BaseType_t * const pxHigherPriorityTaskWoken, const BaseType_t xCopyPosition ) PRIVILEGED_FUNCTION;
            ^
FreeRTOS/queue.h:1100:123: warning: passing argument 2 of 'xQueueGenericSendFromISR' discards 'volatile' qualifier from pointer target type [-Wdiscarded-qualifiers]
 #define xQueueSendToBackFromISR( xQueue, pvItemToQueue, pxHigherPriorityTaskWoken ) xQueueGenericSendFromISR( ( xQueue ), ( pvItemToQueue ), ( pxHigherPriorityTaskWoken ), queueSEND_TO_BACK )
                                                                                                                           ^
main.c:94:5: note: in expansion of macro 'xQueueSendToBackFromISR'
     xQueueSendToBackFromISR( Q_freq_data, &frequency, pdFALSE );
     ^
FreeRTOS/queue.h:1340:12: note: expected 'const void * const' but argument is of type 'volatile double *'
 BaseType_t xQueueGenericSendFromISR( QueueHandle_t xQueue, const void * const pvItemToQueue, BaseType_t * const pxHigherPriorityTaskWoken, const BaseType_t xCopyPosition ) PRIVILEGED_FUNCTION;
            ^
main.c: In function 'stabilityMonitorTask':
FreeRTOS/queue.h:814:91: warning: passing argument 2 of 'xQueueGenericReceive' discards 'volatile' qualifier from pointer target type [-Wdiscarded-qualifiers]
 #define xQueueReceive( xQueue, pvBuffer, xTicksToWait ) xQueueGenericReceive( ( xQueue ), ( pvBuffer ), ( xTicksToWait ), pdFALSE )
                                                                                           ^
main.c:113:13: note: in expansion of macro 'xQueueReceive'
         if (xQueueReceive(stabilityTaskQueue, &frequency, portMAX_DELAY)) {
             ^
FreeRTOS/queue.h:913:12: note: expected 'void * const' but argument is of type 'volatile double *'
 BaseType_t xQueueGenericReceive( QueueHandle_t xQueue, void * const pvBuffer, TickType_t xTicksToWait, const BaseType_t xJustPeek ) PRIVILEGED_FUNCTION;
            ^
main.c: In function 'PRVGADraw_Task':
main.c:221:6: warning: operation on 'i' may be undefined [-Wsequence-point]
    i = ++i % 100;
      ^
main.c:265:4: warning: implicit declaration of function 'alt_up_char_buffer_set_background_colour' [-Wimplicit-function-declaration]
    alt_up_char_buffer_set_background_colour(char_buf, 0xF800);
    ^
Info: Linking Ass_1.elf
nios2-elf-g++  -T'../Ass_1_bsp//linker.x' -msys-crt0='../Ass_1_bsp//obj/HAL/src/crt0.o' -msys-lib=hal_bsp -L../Ass_1_bsp/   -Wl,-Map=Ass_1.map   -O0 -g -Wall   -mhw-div -mhw-mul -mno-hw-mulx -mgpopt=global  -o Ass_1.elf obj/default/FreeRTOS/croutine.o obj/default/FreeRTOS/event_groups.o obj/default/FreeRTOS/heap.o obj/default/FreeRTOS/list.o obj/default/FreeRTOS/port.o obj/default/FreeRTOS/queue.o obj/default/FreeRTOS/tasks.o obj/default/FreeRTOS/timers.o obj/default/main.o obj/default/FreeRTOS/port_asm.o -lm -msys-lib=m
obj/default/main.o: In function `PRVGADraw_Task':
C:\Users\tcas362\Documents\GitHub\COMPSYS-723-Assignment-1\Ass_1\software\Ass_1/main.c:265: undefined reference to `alt_up_char_buffer_set_background_colour'
collect2.exe: error: ld returned 1 exit status
make: *** [Ass_1.elf] Error 1
17:06:18 **** Incremental Build of configuration Nios II for project Ass_1 ****
make all 
Info: Building ../Ass_1_bsp/
C:/intelFPGA/18.1/nios2eds/bin/gnu/H-x86_64-mingw32/bin/make --no-print-directory -C ../Ass_1_bsp/
[BSP build complete]
Info: Compiling main.c to obj/default/main.o
nios2-elf-gcc -xc -MP -MMD -c -I../Ass_1_bsp//HAL/inc -I../Ass_1_bsp/ -I../Ass_1_bsp//drivers/inc  -pipe -D__hal__ -DALT_NO_INSTRUCTION_EMULATION -DALT_SINGLE_THREADED    -O0 -g -Wall   -mhw-div -mhw-mul -mno-hw-mulx -mgpopt=global  -o obj/default/main.o main.c
In file included from main.c:19:0:
main.c: In function 'freq_relay_isr':
FreeRTOS/queue.h:1261:117: warning: passing argument 2 of 'xQueueGenericSendFromISR' discards 'volatile' qualifier from pointer target type [-Wdiscarded-qualifiers]
 #define xQueueSendFromISR( xQueue, pvItemToQueue, pxHigherPriorityTaskWoken ) xQueueGenericSendFromISR( ( xQueue ), ( pvItemToQueue ), ( pxHigherPriorityTaskWoken ), queueSEND_TO_BACK )
                                                                                                                     ^
main.c:93:5: note: in expansion of macro 'xQueueSendFromISR'
     xQueueSendFromISR(stabilityTaskQueue, &frequency, pdFALSE);
     ^
FreeRTOS/queue.h:1340:12: note: expected 'const void * const' but argument is of type 'volatile double *'
 BaseType_t xQueueGenericSendFromISR( QueueHandle_t xQueue, const void * const pvItemToQueue, BaseType_t * const pxHigherPriorityTaskWoken, const BaseType_t xCopyPosition ) PRIVILEGED_FUNCTION;
            ^
FreeRTOS/queue.h:1100:123: warning: passing argument 2 of 'xQueueGenericSendFromISR' discards 'volatile' qualifier from pointer target type [-Wdiscarded-qualifiers]
 #define xQueueSendToBackFromISR( xQueue, pvItemToQueue, pxHigherPriorityTaskWoken ) xQueueGenericSendFromISR( ( xQueue ), ( pvItemToQueue ), ( pxHigherPriorityTaskWoken ), queueSEND_TO_BACK )
                                                                                                                           ^
main.c:94:5: note: in expansion of macro 'xQueueSendToBackFromISR'
     xQueueSendToBackFromISR( Q_freq_data, &frequency, pdFALSE );
     ^
FreeRTOS/queue.h:1340:12: note: expected 'const void * const' but argument is of type 'volatile double *'
 BaseType_t xQueueGenericSendFromISR( QueueHandle_t xQueue, const void * const pvItemToQueue, BaseType_t * const pxHigherPriorityTaskWoken, const BaseType_t xCopyPosition ) PRIVILEGED_FUNCTION;
            ^
main.c: In function 'stabilityMonitorTask':
FreeRTOS/queue.h:814:91: warning: passing argument 2 of 'xQueueGenericReceive' discards 'volatile' qualifier from pointer target type [-Wdiscarded-qualifiers]
 #define xQueueReceive( xQueue, pvBuffer, xTicksToWait ) xQueueGenericReceive( ( xQueue ), ( pvBuffer ), ( xTicksToWait ), pdFALSE )
                                                                                           ^
main.c:113:13: note: in expansion of macro 'xQueueReceive'
         if (xQueueReceive(stabilityTaskQueue, &frequency, portMAX_DELAY)) {
             ^
FreeRTOS/queue.h:913:12: note: expected 'void * const' but argument is of type 'volatile double *'
 BaseType_t xQueueGenericReceive( QueueHandle_t xQueue, void * const pvBuffer, TickType_t xTicksToWait, const BaseType_t xJustPeek ) PRIVILEGED_FUNCTION;
            ^
main.c: In function 'PRVGADraw_Task':
main.c:221:6: warning: operation on 'i' may be undefined [-Wsequence-point]
    i = ++i % 100;
      ^
main.c:265:4: warning: implicit declaration of function 'alt_up_char_buffer__color' [-Wimplicit-function-declaration]
    alt_up_char_buffer__color(char_buf, 0xF800);
    ^
Info: Linking Ass_1.elf
nios2-elf-g++  -T'../Ass_1_bsp//linker.x' -msys-crt0='../Ass_1_bsp//obj/HAL/src/crt0.o' -msys-lib=hal_bsp -L../Ass_1_bsp/   -Wl,-Map=Ass_1.map   -O0 -g -Wall   -mhw-div -mhw-mul -mno-hw-mulx -mgpopt=global  -o Ass_1.elf obj/default/FreeRTOS/croutine.o obj/default/FreeRTOS/event_groups.o obj/default/FreeRTOS/heap.o obj/default/FreeRTOS/list.o obj/default/FreeRTOS/port.o obj/default/FreeRTOS/queue.o obj/default/FreeRTOS/tasks.o obj/default/FreeRTOS/timers.o obj/default/main.o obj/default/FreeRTOS/port_asm.o -lm -msys-lib=m
obj/default/main.o: In function `PRVGADraw_Task':
C:\Users\tcas362\Documents\GitHub\COMPSYS-723-Assignment-1\Ass_1\software\Ass_1/main.c:265: undefined reference to `alt_up_char_buffer__color'
collect2.exe: error: ld returned 1 exit status
make: *** [Ass_1.elf] Error 1
17:06:24 **** Incremental Build of configuration Nios II for project Ass_1 ****
make all 
Info: Building ../Ass_1_bsp/
C:/intelFPGA/18.1/nios2eds/bin/gnu/H-x86_64-mingw32/bin/make --no-print-directory -C ../Ass_1_bsp/
[BSP build complete]
Info: Compiling main.c to obj/default/main.o
nios2-elf-gcc -xc -MP -MMD -c -I../Ass_1_bsp//HAL/inc -I../Ass_1_bsp/ -I../Ass_1_bsp//drivers/inc  -pipe -D__hal__ -DALT_NO_INSTRUCTION_EMULATION -DALT_SINGLE_THREADED    -O0 -g -Wall   -mhw-div -mhw-mul -mno-hw-mulx -mgpopt=global  -o obj/default/main.o main.c
In file included from main.c:19:0:
main.c: In function 'freq_relay_isr':
FreeRTOS/queue.h:1261:117: warning: passing argument 2 of 'xQueueGenericSendFromISR' discards 'volatile' qualifier from pointer target type [-Wdiscarded-qualifiers]
 #define xQueueSendFromISR( xQueue, pvItemToQueue, pxHigherPriorityTaskWoken ) xQueueGenericSendFromISR( ( xQueue ), ( pvItemToQueue ), ( pxHigherPriorityTaskWoken ), queueSEND_TO_BACK )
                                                                                                                     ^
main.c:93:5: note: in expansion of macro 'xQueueSendFromISR'
     xQueueSendFromISR(stabilityTaskQueue, &frequency, pdFALSE);
     ^
FreeRTOS/queue.h:1340:12: note: expected 'const void * const' but argument is of type 'volatile double *'
 BaseType_t xQueueGenericSendFromISR( QueueHandle_t xQueue, const void * const pvItemToQueue, BaseType_t * const pxHigherPriorityTaskWoken, const BaseType_t xCopyPosition ) PRIVILEGED_FUNCTION;
            ^
FreeRTOS/queue.h:1100:123: warning: passing argument 2 of 'xQueueGenericSendFromISR' discards 'volatile' qualifier from pointer target type [-Wdiscarded-qualifiers]
 #define xQueueSendToBackFromISR( xQueue, pvItemToQueue, pxHigherPriorityTaskWoken ) xQueueGenericSendFromISR( ( xQueue ), ( pvItemToQueue ), ( pxHigherPriorityTaskWoken ), queueSEND_TO_BACK )
                                                                                                                           ^
main.c:94:5: note: in expansion of macro 'xQueueSendToBackFromISR'
     xQueueSendToBackFromISR( Q_freq_data, &frequency, pdFALSE );
     ^
FreeRTOS/queue.h:1340:12: note: expected 'const void * const' but argument is of type 'volatile double *'
 BaseType_t xQueueGenericSendFromISR( QueueHandle_t xQueue, const void * const pvItemToQueue, BaseType_t * const pxHigherPriorityTaskWoken, const BaseType_t xCopyPosition ) PRIVILEGED_FUNCTION;
            ^
main.c: In function 'stabilityMonitorTask':
FreeRTOS/queue.h:814:91: warning: passing argument 2 of 'xQueueGenericReceive' discards 'volatile' qualifier from pointer target type [-Wdiscarded-qualifiers]
 #define xQueueReceive( xQueue, pvBuffer, xTicksToWait ) xQueueGenericReceive( ( xQueue ), ( pvBuffer ), ( xTicksToWait ), pdFALSE )
                                                                                           ^
main.c:113:13: note: in expansion of macro 'xQueueReceive'
         if (xQueueReceive(stabilityTaskQueue, &frequency, portMAX_DELAY)) {
             ^
FreeRTOS/queue.h:913:12: note: expected 'void * const' but argument is of type 'volatile double *'
 BaseType_t xQueueGenericReceive( QueueHandle_t xQueue, void * const pvBuffer, TickType_t xTicksToWait, const BaseType_t xJustPeek ) PRIVILEGED_FUNCTION;
            ^
main.c: In function 'PRVGADraw_Task':
main.c:221:6: warning: operation on 'i' may be undefined [-Wsequence-point]
    i = ++i % 100;
      ^
main.c:265:4: warning: implicit declaration of function 'alt_up_char_buffer_set_color' [-Wimplicit-function-declaration]
    alt_up_char_buffer_set_color(char_buf, 0xF800);
    ^
Info: Linking Ass_1.elf
nios2-elf-g++  -T'../Ass_1_bsp//linker.x' -msys-crt0='../Ass_1_bsp//obj/HAL/src/crt0.o' -msys-lib=hal_bsp -L../Ass_1_bsp/   -Wl,-Map=Ass_1.map   -O0 -g -Wall   -mhw-div -mhw-mul -mno-hw-mulx -mgpopt=global  -o Ass_1.elf obj/default/FreeRTOS/croutine.o obj/default/FreeRTOS/event_groups.o obj/default/FreeRTOS/heap.o obj/default/FreeRTOS/list.o obj/default/FreeRTOS/port.o obj/default/FreeRTOS/queue.o obj/default/FreeRTOS/tasks.o obj/default/FreeRTOS/timers.o obj/default/main.o obj/default/FreeRTOS/port_asm.o -lm -msys-lib=m
obj/default/main.o: In function `PRVGADraw_Task':
C:\Users\tcas362\Documents\GitHub\COMPSYS-723-Assignment-1\Ass_1\software\Ass_1/main.c:265: undefined reference to `alt_up_char_buffer_set_color'
collect2.exe: error: ld returned 1 exit status
make: *** [Ass_1.elf] Error 1
17:06:29 **** Incremental Build of configuration Nios II for project Ass_1 ****
make all 
Info: Building ../Ass_1_bsp/
C:/intelFPGA/18.1/nios2eds/bin/gnu/H-x86_64-mingw32/bin/make --no-print-directory -C ../Ass_1_bsp/
[BSP build complete]
Info: Compiling main.c to obj/default/main.o
nios2-elf-gcc -xc -MP -MMD -c -I../Ass_1_bsp//HAL/inc -I../Ass_1_bsp/ -I../Ass_1_bsp//drivers/inc  -pipe -D__hal__ -DALT_NO_INSTRUCTION_EMULATION -DALT_SINGLE_THREADED    -O0 -g -Wall   -mhw-div -mhw-mul -mno-hw-mulx -mgpopt=global  -o obj/default/main.o main.c
In file included from main.c:19:0:
main.c: In function 'freq_relay_isr':
FreeRTOS/queue.h:1261:117: warning: passing argument 2 of 'xQueueGenericSendFromISR' discards 'volatile' qualifier from pointer target type [-Wdiscarded-qualifiers]
 #define xQueueSendFromISR( xQueue, pvItemToQueue, pxHigherPriorityTaskWoken ) xQueueGenericSendFromISR( ( xQueue ), ( pvItemToQueue ), ( pxHigherPriorityTaskWoken ), queueSEND_TO_BACK )
                                                                                                                     ^
main.c:93:5: note: in expansion of macro 'xQueueSendFromISR'
     xQueueSendFromISR(stabilityTaskQueue, &frequency, pdFALSE);
     ^
FreeRTOS/queue.h:1340:12: note: expected 'const void * const' but argument is of type 'volatile double *'
 BaseType_t xQueueGenericSendFromISR( QueueHandle_t xQueue, const void * const pvItemToQueue, BaseType_t * const pxHigherPriorityTaskWoken, const BaseType_t xCopyPosition ) PRIVILEGED_FUNCTION;
            ^
FreeRTOS/queue.h:1100:123: warning: passing argument 2 of 'xQueueGenericSendFromISR' discards 'volatile' qualifier from pointer target type [-Wdiscarded-qualifiers]
 #define xQueueSendToBackFromISR( xQueue, pvItemToQueue, pxHigherPriorityTaskWoken ) xQueueGenericSendFromISR( ( xQueue ), ( pvItemToQueue ), ( pxHigherPriorityTaskWoken ), queueSEND_TO_BACK )
                                                                                                                           ^
main.c:94:5: note: in expansion of macro 'xQueueSendToBackFromISR'
     xQueueSendToBackFromISR( Q_freq_data, &frequency, pdFALSE );
     ^
FreeRTOS/queue.h:1340:12: note: expected 'const void * const' but argument is of type 'volatile double *'
 BaseType_t xQueueGenericSendFromISR( QueueHandle_t xQueue, const void * const pvItemToQueue, BaseType_t * const pxHigherPriorityTaskWoken, const BaseType_t xCopyPosition ) PRIVILEGED_FUNCTION;
            ^
main.c: In function 'stabilityMonitorTask':
FreeRTOS/queue.h:814:91: warning: passing argument 2 of 'xQueueGenericReceive' discards 'volatile' qualifier from pointer target type [-Wdiscarded-qualifiers]
 #define xQueueReceive( xQueue, pvBuffer, xTicksToWait ) xQueueGenericReceive( ( xQueue ), ( pvBuffer ), ( xTicksToWait ), pdFALSE )
                                                                                           ^
main.c:113:13: note: in expansion of macro 'xQueueReceive'
         if (xQueueReceive(stabilityTaskQueue, &frequency, portMAX_DELAY)) {
             ^
FreeRTOS/queue.h:913:12: note: expected 'void * const' but argument is of type 'volatile double *'
 BaseType_t xQueueGenericReceive( QueueHandle_t xQueue, void * const pvBuffer, TickType_t xTicksToWait, const BaseType_t xJustPeek ) PRIVILEGED_FUNCTION;
            ^
main.c: In function 'PRVGADraw_Task':
main.c:221:6: warning: operation on 'i' may be undefined [-Wsequence-point]
    i = ++i % 100;
      ^
main.c:265:4: warning: implicit declaration of function 'alt_up_char_buffer_color' [-Wimplicit-function-declaration]
    alt_up_char_buffer_color(char_buf, 0xF800);
    ^
Info: Linking Ass_1.elf
nios2-elf-g++  -T'../Ass_1_bsp//linker.x' -msys-crt0='../Ass_1_bsp//obj/HAL/src/crt0.o' -msys-lib=hal_bsp -L../Ass_1_bsp/   -Wl,-Map=Ass_1.map   -O0 -g -Wall   -mhw-div -mhw-mul -mno-hw-mulx -mgpopt=global  -o Ass_1.elf obj/default/FreeRTOS/croutine.o obj/default/FreeRTOS/event_groups.o obj/default/FreeRTOS/heap.o obj/default/FreeRTOS/list.o obj/default/FreeRTOS/port.o obj/default/FreeRTOS/queue.o obj/default/FreeRTOS/tasks.o obj/default/FreeRTOS/timers.o obj/default/main.o obj/default/FreeRTOS/port_asm.o -lm -msys-lib=m
obj/default/main.o: In function `PRVGADraw_Task':
C:\Users\tcas362\Documents\GitHub\COMPSYS-723-Assignment-1\Ass_1\software\Ass_1/main.c:265: undefined reference to `alt_up_char_buffer_color'
collect2.exe: error: ld returned 1 exit status
make: *** [Ass_1.elf] Error 1
17:20:20 **** Incremental Build of configuration Nios II for project Ass_1 ****
make all 
Info: Building ../Ass_1_bsp/
C:/intelFPGA/18.1/nios2eds/bin/gnu/H-x86_64-mingw32/bin/make --no-print-directory -C ../Ass_1_bsp/
[BSP build complete]
Info: Compiling main.c to obj/default/main.o
nios2-elf-gcc -xc -MP -MMD -c -I../Ass_1_bsp//HAL/inc -I../Ass_1_bsp/ -I../Ass_1_bsp//drivers/inc  -pipe -D__hal__ -DALT_NO_INSTRUCTION_EMULATION -DALT_SINGLE_THREADED    -O0 -g -Wall   -mhw-div -mhw-mul -mno-hw-mulx -mgpopt=global  -o obj/default/main.o main.c
In file included from main.c:19:0:
main.c: In function 'freq_relay_isr':
FreeRTOS/queue.h:1261:117: warning: passing argument 2 of 'xQueueGenericSendFromISR' discards 'volatile' qualifier from pointer target type [-Wdiscarded-qualifiers]
 #define xQueueSendFromISR( xQueue, pvItemToQueue, pxHigherPriorityTaskWoken ) xQueueGenericSendFromISR( ( xQueue ), ( pvItemToQueue ), ( pxHigherPriorityTaskWoken ), queueSEND_TO_BACK )
                                                                                                                     ^
main.c:93:5: note: in expansion of macro 'xQueueSendFromISR'
     xQueueSendFromISR(stabilityTaskQueue, &frequency, pdFALSE);
     ^
FreeRTOS/queue.h:1340:12: note: expected 'const void * const' but argument is of type 'volatile double *'
 BaseType_t xQueueGenericSendFromISR( QueueHandle_t xQueue, const void * const pvItemToQueue, BaseType_t * const pxHigherPriorityTaskWoken, const BaseType_t xCopyPosition ) PRIVILEGED_FUNCTION;
            ^
FreeRTOS/queue.h:1100:123: warning: passing argument 2 of 'xQueueGenericSendFromISR' discards 'volatile' qualifier from pointer target type [-Wdiscarded-qualifiers]
 #define xQueueSendToBackFromISR( xQueue, pvItemToQueue, pxHigherPriorityTaskWoken ) xQueueGenericSendFromISR( ( xQueue ), ( pvItemToQueue ), ( pxHigherPriorityTaskWoken ), queueSEND_TO_BACK )
                                                                                                                           ^
main.c:94:5: note: in expansion of macro 'xQueueSendToBackFromISR'
     xQueueSendToBackFromISR( Q_freq_data, &frequency, pdFALSE );
     ^
FreeRTOS/queue.h:1340:12: note: expected 'const void * const' but argument is of type 'volatile double *'
 BaseType_t xQueueGenericSendFromISR( QueueHandle_t xQueue, const void * const pvItemToQueue, BaseType_t * const pxHigherPriorityTaskWoken, const BaseType_t xCopyPosition ) PRIVILEGED_FUNCTION;
            ^
main.c: In function 'stabilityMonitorTask':
FreeRTOS/queue.h:814:91: warning: passing argument 2 of 'xQueueGenericReceive' discards 'volatile' qualifier from pointer target type [-Wdiscarded-qualifiers]
 #define xQueueReceive( xQueue, pvBuffer, xTicksToWait ) xQueueGenericReceive( ( xQueue ), ( pvBuffer ), ( xTicksToWait ), pdFALSE )
                                                                                           ^
main.c:113:13: note: in expansion of macro 'xQueueReceive'
         if (xQueueReceive(stabilityTaskQueue, &frequency, portMAX_DELAY)) {
             ^
FreeRTOS/queue.h:913:12: note: expected 'void * const' but argument is of type 'volatile double *'
 BaseType_t xQueueGenericReceive( QueueHandle_t xQueue, void * const pvBuffer, TickType_t xTicksToWait, const BaseType_t xJustPeek ) PRIVILEGED_FUNCTION;
            ^
main.c: In function 'PRVGADraw_Task':
main.c:221:6: warning: operation on 'i' may be undefined [-Wsequence-point]
    i = ++i % 100;
      ^
Info: Linking Ass_1.elf
nios2-elf-g++  -T'../Ass_1_bsp//linker.x' -msys-crt0='../Ass_1_bsp//obj/HAL/src/crt0.o' -msys-lib=hal_bsp -L../Ass_1_bsp/   -Wl,-Map=Ass_1.map   -O0 -g -Wall   -mhw-div -mhw-mul -mno-hw-mulx -mgpopt=global  -o Ass_1.elf obj/default/FreeRTOS/croutine.o obj/default/FreeRTOS/event_groups.o obj/default/FreeRTOS/heap.o obj/default/FreeRTOS/list.o obj/default/FreeRTOS/port.o obj/default/FreeRTOS/queue.o obj/default/FreeRTOS/tasks.o obj/default/FreeRTOS/timers.o obj/default/main.o obj/default/FreeRTOS/port_asm.o -lm -msys-lib=m
nios2-elf-insert Ass_1.elf --thread_model hal --cpu_name nios2 --qsys true --simulation_enabled false --id 7 --sidp 0x430f0 --timestamp 1393900972 --stderr_dev jtag_uart --stdin_dev jtag_uart --stdout_dev jtag_uart --sopc_system_name nios2 --quartus_project_dir "C:/Users/tcas362/Documents/GitHub/COMPSYS-723-Assignment-1/Ass_1" --sopcinfo C:/Users/tcas362/Documents/GitHub/COMPSYS-723-Assignment-1/Ass_1/software/Ass_1_bsp/../../nios2.sopcinfo
Info: (Ass_1.elf) 633 KBytes program size (code + initialized data).
Info:             130561 KBytes free for stack + heap.
Info: Creating Ass_1.objdump
nios2-elf-objdump --disassemble --syms --all-header --source Ass_1.elf >Ass_1.objdump
[Ass_1 build complete]
17:22:25 **** Incremental Build of configuration Nios II for project Ass_1 ****
make all 
Info: Building ../Ass_1_bsp/
C:/intelFPGA/18.1/nios2eds/bin/gnu/H-x86_64-mingw32/bin/make --no-print-directory -C ../Ass_1_bsp/
[BSP build complete]
Info: Compiling main.c to obj/default/main.o
nios2-elf-gcc -xc -MP -MMD -c -I../Ass_1_bsp//HAL/inc -I../Ass_1_bsp/ -I../Ass_1_bsp//drivers/inc  -pipe -D__hal__ -DALT_NO_INSTRUCTION_EMULATION -DALT_SINGLE_THREADED    -O0 -g -Wall   -mhw-div -mhw-mul -mno-hw-mulx -mgpopt=global  -o obj/default/main.o main.c
In file included from main.c:19:0:
main.c: In function 'freq_relay_isr':
FreeRTOS/queue.h:1261:117: warning: passing argument 2 of 'xQueueGenericSendFromISR' discards 'volatile' qualifier from pointer target type [-Wdiscarded-qualifiers]
 #define xQueueSendFromISR( xQueue, pvItemToQueue, pxHigherPriorityTaskWoken ) xQueueGenericSendFromISR( ( xQueue ), ( pvItemToQueue ), ( pxHigherPriorityTaskWoken ), queueSEND_TO_BACK )
                                                                                                                     ^
main.c:93:5: note: in expansion of macro 'xQueueSendFromISR'
     xQueueSendFromISR(stabilityTaskQueue, &frequency, pdFALSE);
     ^
FreeRTOS/queue.h:1340:12: note: expected 'const void * const' but argument is of type 'volatile double *'
 BaseType_t xQueueGenericSendFromISR( QueueHandle_t xQueue, const void * const pvItemToQueue, BaseType_t * const pxHigherPriorityTaskWoken, const BaseType_t xCopyPosition ) PRIVILEGED_FUNCTION;
            ^
FreeRTOS/queue.h:1100:123: warning: passing argument 2 of 'xQueueGenericSendFromISR' discards 'volatile' qualifier from pointer target type [-Wdiscarded-qualifiers]
 #define xQueueSendToBackFromISR( xQueue, pvItemToQueue, pxHigherPriorityTaskWoken ) xQueueGenericSendFromISR( ( xQueue ), ( pvItemToQueue ), ( pxHigherPriorityTaskWoken ), queueSEND_TO_BACK )
                                                                                                                           ^
main.c:94:5: note: in expansion of macro 'xQueueSendToBackFromISR'
     xQueueSendToBackFromISR( Q_freq_data, &frequency, pdFALSE );
     ^
FreeRTOS/queue.h:1340:12: note: expected 'const void * const' but argument is of type 'volatile double *'
 BaseType_t xQueueGenericSendFromISR( QueueHandle_t xQueue, const void * const pvItemToQueue, BaseType_t * const pxHigherPriorityTaskWoken, const BaseType_t xCopyPosition ) PRIVILEGED_FUNCTION;
            ^
main.c: In function 'stabilityMonitorTask':
FreeRTOS/queue.h:814:91: warning: passing argument 2 of 'xQueueGenericReceive' discards 'volatile' qualifier from pointer target type [-Wdiscarded-qualifiers]
 #define xQueueReceive( xQueue, pvBuffer, xTicksToWait ) xQueueGenericReceive( ( xQueue ), ( pvBuffer ), ( xTicksToWait ), pdFALSE )
                                                                                           ^
main.c:114:13: note: in expansion of macro 'xQueueReceive'
         if (xQueueReceive(stabilityTaskQueue, &frequency, portMAX_DELAY)) {
             ^
FreeRTOS/queue.h:913:12: note: expected 'void * const' but argument is of type 'volatile double *'
 BaseType_t xQueueGenericReceive( QueueHandle_t xQueue, void * const pvBuffer, TickType_t xTicksToWait, const BaseType_t xJustPeek ) PRIVILEGED_FUNCTION;
            ^
main.c: In function 'PRVGADraw_Task':
main.c:225:6: warning: operation on 'i' may be undefined [-Wsequence-point]
    i = ++i % 100;
      ^
Info: Linking Ass_1.elf
nios2-elf-g++  -T'../Ass_1_bsp//linker.x' -msys-crt0='../Ass_1_bsp//obj/HAL/src/crt0.o' -msys-lib=hal_bsp -L../Ass_1_bsp/   -Wl,-Map=Ass_1.map   -O0 -g -Wall   -mhw-div -mhw-mul -mno-hw-mulx -mgpopt=global  -o Ass_1.elf obj/default/FreeRTOS/croutine.o obj/default/FreeRTOS/event_groups.o obj/default/FreeRTOS/heap.o obj/default/FreeRTOS/list.o obj/default/FreeRTOS/port.o obj/default/FreeRTOS/queue.o obj/default/FreeRTOS/tasks.o obj/default/FreeRTOS/timers.o obj/default/main.o obj/default/FreeRTOS/port_asm.o -lm -msys-lib=m
nios2-elf-insert Ass_1.elf --thread_model hal --cpu_name nios2 --qsys true --simulation_enabled false --id 7 --sidp 0x430f0 --timestamp 1393900972 --stderr_dev jtag_uart --stdin_dev jtag_uart --stdout_dev jtag_uart --sopc_system_name nios2 --quartus_project_dir "C:/Users/tcas362/Documents/GitHub/COMPSYS-723-Assignment-1/Ass_1" --sopcinfo C:/Users/tcas362/Documents/GitHub/COMPSYS-723-Assignment-1/Ass_1/software/Ass_1_bsp/../../nios2.sopcinfo
Info: (Ass_1.elf) 633 KBytes program size (code + initialized data).
Info:             130561 KBytes free for stack + heap.
Info: Creating Ass_1.objdump
nios2-elf-objdump --disassemble --syms --all-header --source Ass_1.elf >Ass_1.objdump
[Ass_1 build complete]
17:27:00 **** Incremental Build of configuration Nios II for project Ass_1 ****
make all 
Info: Building ../Ass_1_bsp/
C:/intelFPGA/18.1/nios2eds/bin/gnu/H-x86_64-mingw32/bin/make --no-print-directory -C ../Ass_1_bsp/
[BSP build complete]
Info: Compiling main.c to obj/default/main.o
nios2-elf-gcc -xc -MP -MMD -c -I../Ass_1_bsp//HAL/inc -I../Ass_1_bsp/ -I../Ass_1_bsp//drivers/inc  -pipe -D__hal__ -DALT_NO_INSTRUCTION_EMULATION -DALT_SINGLE_THREADED    -O0 -g -Wall   -mhw-div -mhw-mul -mno-hw-mulx -mgpopt=global  -o obj/default/main.o main.c
In file included from main.c:19:0:
main.c: In function 'freq_relay_isr':
FreeRTOS/queue.h:1261:117: warning: passing argument 2 of 'xQueueGenericSendFromISR' discards 'volatile' qualifier from pointer target type [-Wdiscarded-qualifiers]
 #define xQueueSendFromISR( xQueue, pvItemToQueue, pxHigherPriorityTaskWoken ) xQueueGenericSendFromISR( ( xQueue ), ( pvItemToQueue ), ( pxHigherPriorityTaskWoken ), queueSEND_TO_BACK )
                                                                                                                     ^
main.c:93:5: note: in expansion of macro 'xQueueSendFromISR'
     xQueueSendFromISR(stabilityTaskQueue, &frequency, pdFALSE);
     ^
FreeRTOS/queue.h:1340:12: note: expected 'const void * const' but argument is of type 'volatile double *'
 BaseType_t xQueueGenericSendFromISR( QueueHandle_t xQueue, const void * const pvItemToQueue, BaseType_t * const pxHigherPriorityTaskWoken, const BaseType_t xCopyPosition ) PRIVILEGED_FUNCTION;
            ^
FreeRTOS/queue.h:1100:123: warning: passing argument 2 of 'xQueueGenericSendFromISR' discards 'volatile' qualifier from pointer target type [-Wdiscarded-qualifiers]
 #define xQueueSendToBackFromISR( xQueue, pvItemToQueue, pxHigherPriorityTaskWoken ) xQueueGenericSendFromISR( ( xQueue ), ( pvItemToQueue ), ( pxHigherPriorityTaskWoken ), queueSEND_TO_BACK )
                                                                                                                           ^
main.c:94:5: note: in expansion of macro 'xQueueSendToBackFromISR'
     xQueueSendToBackFromISR( Q_freq_data, &frequency, pdFALSE );
     ^
FreeRTOS/queue.h:1340:12: note: expected 'const void * const' but argument is of type 'volatile double *'
 BaseType_t xQueueGenericSendFromISR( QueueHandle_t xQueue, const void * const pvItemToQueue, BaseType_t * const pxHigherPriorityTaskWoken, const BaseType_t xCopyPosition ) PRIVILEGED_FUNCTION;
            ^
main.c: In function 'stabilityMonitorTask':
FreeRTOS/queue.h:814:91: warning: passing argument 2 of 'xQueueGenericReceive' discards 'volatile' qualifier from pointer target type [-Wdiscarded-qualifiers]
 #define xQueueReceive( xQueue, pvBuffer, xTicksToWait ) xQueueGenericReceive( ( xQueue ), ( pvBuffer ), ( xTicksToWait ), pdFALSE )
                                                                                           ^
main.c:114:13: note: in expansion of macro 'xQueueReceive'
         if (xQueueReceive(stabilityTaskQueue, &frequency, portMAX_DELAY)) {
             ^
FreeRTOS/queue.h:913:12: note: expected 'void * const' but argument is of type 'volatile double *'
 BaseType_t xQueueGenericReceive( QueueHandle_t xQueue, void * const pvBuffer, TickType_t xTicksToWait, const BaseType_t xJustPeek ) PRIVILEGED_FUNCTION;
            ^
main.c: In function 'PRVGADraw_Task':
main.c:226:6: warning: operation on 'i' may be undefined [-Wsequence-point]
    i = ++i % 100;
      ^
Info: Linking Ass_1.elf
nios2-elf-g++  -T'../Ass_1_bsp//linker.x' -msys-crt0='../Ass_1_bsp//obj/HAL/src/crt0.o' -msys-lib=hal_bsp -L../Ass_1_bsp/   -Wl,-Map=Ass_1.map   -O0 -g -Wall   -mhw-div -mhw-mul -mno-hw-mulx -mgpopt=global  -o Ass_1.elf obj/default/FreeRTOS/croutine.o obj/default/FreeRTOS/event_groups.o obj/default/FreeRTOS/heap.o obj/default/FreeRTOS/list.o obj/default/FreeRTOS/port.o obj/default/FreeRTOS/queue.o obj/default/FreeRTOS/tasks.o obj/default/FreeRTOS/timers.o obj/default/main.o obj/default/FreeRTOS/port_asm.o -lm -msys-lib=m
nios2-elf-insert Ass_1.elf --thread_model hal --cpu_name nios2 --qsys true --simulation_enabled false --id 7 --sidp 0x430f0 --timestamp 1393900972 --stderr_dev jtag_uart --stdin_dev jtag_uart --stdout_dev jtag_uart --sopc_system_name nios2 --quartus_project_dir "C:/Users/tcas362/Documents/GitHub/COMPSYS-723-Assignment-1/Ass_1" --sopcinfo C:/Users/tcas362/Documents/GitHub/COMPSYS-723-Assignment-1/Ass_1/software/Ass_1_bsp/../../nios2.sopcinfo
Info: (Ass_1.elf) 633 KBytes program size (code + initialized data).
Info:             130561 KBytes free for stack + heap.
Info: Creating Ass_1.objdump
nios2-elf-objdump --disassemble --syms --all-header --source Ass_1.elf >Ass_1.objdump
[Ass_1 build complete]
17:27:33 **** Incremental Build of configuration Nios II for project Ass_1 ****
make all 
Info: Building ../Ass_1_bsp/
C:/intelFPGA/18.1/nios2eds/bin/gnu/H-x86_64-mingw32/bin/make --no-print-directory -C ../Ass_1_bsp/
[BSP build complete]
Info: Compiling main.c to obj/default/main.o
nios2-elf-gcc -xc -MP -MMD -c -I../Ass_1_bsp//HAL/inc -I../Ass_1_bsp/ -I../Ass_1_bsp//drivers/inc  -pipe -D__hal__ -DALT_NO_INSTRUCTION_EMULATION -DALT_SINGLE_THREADED    -O0 -g -Wall   -mhw-div -mhw-mul -mno-hw-mulx -mgpopt=global  -o obj/default/main.o main.c
In file included from main.c:19:0:
main.c: In function 'freq_relay_isr':
FreeRTOS/queue.h:1261:117: warning: passing argument 2 of 'xQueueGenericSendFromISR' discards 'volatile' qualifier from pointer target type [-Wdiscarded-qualifiers]
 #define xQueueSendFromISR( xQueue, pvItemToQueue, pxHigherPriorityTaskWoken ) xQueueGenericSendFromISR( ( xQueue ), ( pvItemToQueue ), ( pxHigherPriorityTaskWoken ), queueSEND_TO_BACK )
                                                                                                                     ^
main.c:93:5: note: in expansion of macro 'xQueueSendFromISR'
     xQueueSendFromISR(stabilityTaskQueue, &frequency, pdFALSE);
     ^
FreeRTOS/queue.h:1340:12: note: expected 'const void * const' but argument is of type 'volatile double *'
 BaseType_t xQueueGenericSendFromISR( QueueHandle_t xQueue, const void * const pvItemToQueue, BaseType_t * const pxHigherPriorityTaskWoken, const BaseType_t xCopyPosition ) PRIVILEGED_FUNCTION;
            ^
FreeRTOS/queue.h:1100:123: warning: passing argument 2 of 'xQueueGenericSendFromISR' discards 'volatile' qualifier from pointer target type [-Wdiscarded-qualifiers]
 #define xQueueSendToBackFromISR( xQueue, pvItemToQueue, pxHigherPriorityTaskWoken ) xQueueGenericSendFromISR( ( xQueue ), ( pvItemToQueue ), ( pxHigherPriorityTaskWoken ), queueSEND_TO_BACK )
                                                                                                                           ^
main.c:94:5: note: in expansion of macro 'xQueueSendToBackFromISR'
     xQueueSendToBackFromISR( Q_freq_data, &frequency, pdFALSE );
     ^
FreeRTOS/queue.h:1340:12: note: expected 'const void * const' but argument is of type 'volatile double *'
 BaseType_t xQueueGenericSendFromISR( QueueHandle_t xQueue, const void * const pvItemToQueue, BaseType_t * const pxHigherPriorityTaskWoken, const BaseType_t xCopyPosition ) PRIVILEGED_FUNCTION;
            ^
main.c: In function 'stabilityMonitorTask':
FreeRTOS/queue.h:814:91: warning: passing argument 2 of 'xQueueGenericReceive' discards 'volatile' qualifier from pointer target type [-Wdiscarded-qualifiers]
 #define xQueueReceive( xQueue, pvBuffer, xTicksToWait ) xQueueGenericReceive( ( xQueue ), ( pvBuffer ), ( xTicksToWait ), pdFALSE )
                                                                                           ^
main.c:114:13: note: in expansion of macro 'xQueueReceive'
         if (xQueueReceive(stabilityTaskQueue, &frequency, portMAX_DELAY)) {
             ^
FreeRTOS/queue.h:913:12: note: expected 'void * const' but argument is of type 'volatile double *'
 BaseType_t xQueueGenericReceive( QueueHandle_t xQueue, void * const pvBuffer, TickType_t xTicksToWait, const BaseType_t xJustPeek ) PRIVILEGED_FUNCTION;
            ^
main.c: In function 'PRVGADraw_Task':
main.c:225:6: warning: operation on 'i' may be undefined [-Wsequence-point]
    i = ++i % 100;
      ^
Info: Linking Ass_1.elf
nios2-elf-g++  -T'../Ass_1_bsp//linker.x' -msys-crt0='../Ass_1_bsp//obj/HAL/src/crt0.o' -msys-lib=hal_bsp -L../Ass_1_bsp/   -Wl,-Map=Ass_1.map   -O0 -g -Wall   -mhw-div -mhw-mul -mno-hw-mulx -mgpopt=global  -o Ass_1.elf obj/default/FreeRTOS/croutine.o obj/default/FreeRTOS/event_groups.o obj/default/FreeRTOS/heap.o obj/default/FreeRTOS/list.o obj/default/FreeRTOS/port.o obj/default/FreeRTOS/queue.o obj/default/FreeRTOS/tasks.o obj/default/FreeRTOS/timers.o obj/default/main.o obj/default/FreeRTOS/port_asm.o -lm -msys-lib=m
nios2-elf-insert Ass_1.elf --thread_model hal --cpu_name nios2 --qsys true --simulation_enabled false --id 7 --sidp 0x430f0 --timestamp 1393900972 --stderr_dev jtag_uart --stdin_dev jtag_uart --stdout_dev jtag_uart --sopc_system_name nios2 --quartus_project_dir "C:/Users/tcas362/Documents/GitHub/COMPSYS-723-Assignment-1/Ass_1" --sopcinfo C:/Users/tcas362/Documents/GitHub/COMPSYS-723-Assignment-1/Ass_1/software/Ass_1_bsp/../../nios2.sopcinfo
Info: (Ass_1.elf) 633 KBytes program size (code + initialized data).
Info:             130561 KBytes free for stack + heap.
Info: Creating Ass_1.objdump
nios2-elf-objdump --disassemble --syms --all-header --source Ass_1.elf >Ass_1.objdump
[Ass_1 build complete]
17:54:49 **** Incremental Build of configuration Nios II for project Ass_1 ****
make all 
Info: Building ../Ass_1_bsp/
C:/intelFPGA/18.1/nios2eds/bin/gnu/H-x86_64-mingw32/bin/make --no-print-directory -C ../Ass_1_bsp/
[BSP build complete]
Info: Compiling main.c to obj/default/main.o
nios2-elf-gcc -xc -MP -MMD -c -I../Ass_1_bsp//HAL/inc -I../Ass_1_bsp/ -I../Ass_1_bsp//drivers/inc  -pipe -D__hal__ -DALT_NO_INSTRUCTION_EMULATION -DALT_SINGLE_THREADED    -O0 -g -Wall   -mhw-div -mhw-mul -mno-hw-mulx -mgpopt=global  -o obj/default/main.o main.c
In file included from main.c:19:0:
main.c: In function 'freq_relay_isr':
FreeRTOS/queue.h:1261:117: warning: passing argument 2 of 'xQueueGenericSendFromISR' discards 'volatile' qualifier from pointer target type [-Wdiscarded-qualifiers]
 #define xQueueSendFromISR( xQueue, pvItemToQueue, pxHigherPriorityTaskWoken ) xQueueGenericSendFromISR( ( xQueue ), ( pvItemToQueue ), ( pxHigherPriorityTaskWoken ), queueSEND_TO_BACK )
                                                                                                                     ^
main.c:93:5: note: in expansion of macro 'xQueueSendFromISR'
     xQueueSendFromISR(stabilityTaskQueue, &frequency, pdFALSE);
     ^
FreeRTOS/queue.h:1340:12: note: expected 'const void * const' but argument is of type 'volatile double *'
 BaseType_t xQueueGenericSendFromISR( QueueHandle_t xQueue, const void * const pvItemToQueue, BaseType_t * const pxHigherPriorityTaskWoken, const BaseType_t xCopyPosition ) PRIVILEGED_FUNCTION;
            ^
FreeRTOS/queue.h:1100:123: warning: passing argument 2 of 'xQueueGenericSendFromISR' discards 'volatile' qualifier from pointer target type [-Wdiscarded-qualifiers]
 #define xQueueSendToBackFromISR( xQueue, pvItemToQueue, pxHigherPriorityTaskWoken ) xQueueGenericSendFromISR( ( xQueue ), ( pvItemToQueue ), ( pxHigherPriorityTaskWoken ), queueSEND_TO_BACK )
                                                                                                                           ^
main.c:94:5: note: in expansion of macro 'xQueueSendToBackFromISR'
     xQueueSendToBackFromISR( Q_freq_data, &frequency, pdFALSE );
     ^
FreeRTOS/queue.h:1340:12: note: expected 'const void * const' but argument is of type 'volatile double *'
 BaseType_t xQueueGenericSendFromISR( QueueHandle_t xQueue, const void * const pvItemToQueue, BaseType_t * const pxHigherPriorityTaskWoken, const BaseType_t xCopyPosition ) PRIVILEGED_FUNCTION;
            ^
main.c: In function 'stabilityMonitorTask':
FreeRTOS/queue.h:814:91: warning: passing argument 2 of 'xQueueGenericReceive' discards 'volatile' qualifier from pointer target type [-Wdiscarded-qualifiers]
 #define xQueueReceive( xQueue, pvBuffer, xTicksToWait ) xQueueGenericReceive( ( xQueue ), ( pvBuffer ), ( xTicksToWait ), pdFALSE )
                                                                                           ^
main.c:114:13: note: in expansion of macro 'xQueueReceive'
         if (xQueueReceive(stabilityTaskQueue, &frequency, portMAX_DELAY)) {
             ^
FreeRTOS/queue.h:913:12: note: expected 'void * const' but argument is of type 'volatile double *'
 BaseType_t xQueueGenericReceive( QueueHandle_t xQueue, void * const pvBuffer, TickType_t xTicksToWait, const BaseType_t xJustPeek ) PRIVILEGED_FUNCTION;
            ^
main.c: In function 'PRVGADraw_Task':
main.c:225:6: warning: operation on 'i' may be undefined [-Wsequence-point]
    i = ++i % 100;
      ^
main.c:261:43: error: 'RFREQ_TH' undeclared (first use in this function)
   sprintf(rfreq_th_str, "RFREQ_TH: %.1f", RFREQ_TH);
                                           ^
main.c:261:43: note: each undeclared identifier is reported only once for each function it appears in
make: *** [obj/default/main.o] Error 1
17:55:01 **** Incremental Build of configuration Nios II for project Ass_1 ****
make all 
Info: Building ../Ass_1_bsp/
C:/intelFPGA/18.1/nios2eds/bin/gnu/H-x86_64-mingw32/bin/make --no-print-directory -C ../Ass_1_bsp/
[BSP build complete]
Info: Compiling main.c to obj/default/main.o
nios2-elf-gcc -xc -MP -MMD -c -I../Ass_1_bsp//HAL/inc -I../Ass_1_bsp/ -I../Ass_1_bsp//drivers/inc  -pipe -D__hal__ -DALT_NO_INSTRUCTION_EMULATION -DALT_SINGLE_THREADED    -O0 -g -Wall   -mhw-div -mhw-mul -mno-hw-mulx -mgpopt=global  -o obj/default/main.o main.c
In file included from main.c:19:0:
main.c: In function 'freq_relay_isr':
FreeRTOS/queue.h:1261:117: warning: passing argument 2 of 'xQueueGenericSendFromISR' discards 'volatile' qualifier from pointer target type [-Wdiscarded-qualifiers]
 #define xQueueSendFromISR( xQueue, pvItemToQueue, pxHigherPriorityTaskWoken ) xQueueGenericSendFromISR( ( xQueue ), ( pvItemToQueue ), ( pxHigherPriorityTaskWoken ), queueSEND_TO_BACK )
                                                                                                                     ^
main.c:93:5: note: in expansion of macro 'xQueueSendFromISR'
     xQueueSendFromISR(stabilityTaskQueue, &frequency, pdFALSE);
     ^
FreeRTOS/queue.h:1340:12: note: expected 'const void * const' but argument is of type 'volatile double *'
 BaseType_t xQueueGenericSendFromISR( QueueHandle_t xQueue, const void * const pvItemToQueue, BaseType_t * const pxHigherPriorityTaskWoken, const BaseType_t xCopyPosition ) PRIVILEGED_FUNCTION;
            ^
FreeRTOS/queue.h:1100:123: warning: passing argument 2 of 'xQueueGenericSendFromISR' discards 'volatile' qualifier from pointer target type [-Wdiscarded-qualifiers]
 #define xQueueSendToBackFromISR( xQueue, pvItemToQueue, pxHigherPriorityTaskWoken ) xQueueGenericSendFromISR( ( xQueue ), ( pvItemToQueue ), ( pxHigherPriorityTaskWoken ), queueSEND_TO_BACK )
                                                                                                                           ^
main.c:94:5: note: in expansion of macro 'xQueueSendToBackFromISR'
     xQueueSendToBackFromISR( Q_freq_data, &frequency, pdFALSE );
     ^
FreeRTOS/queue.h:1340:12: note: expected 'const void * const' but argument is of type 'volatile double *'
 BaseType_t xQueueGenericSendFromISR( QueueHandle_t xQueue, const void * const pvItemToQueue, BaseType_t * const pxHigherPriorityTaskWoken, const BaseType_t xCopyPosition ) PRIVILEGED_FUNCTION;
            ^
main.c: In function 'stabilityMonitorTask':
FreeRTOS/queue.h:814:91: warning: passing argument 2 of 'xQueueGenericReceive' discards 'volatile' qualifier from pointer target type [-Wdiscarded-qualifiers]
 #define xQueueReceive( xQueue, pvBuffer, xTicksToWait ) xQueueGenericReceive( ( xQueue ), ( pvBuffer ), ( xTicksToWait ), pdFALSE )
                                                                                           ^
main.c:114:13: note: in expansion of macro 'xQueueReceive'
         if (xQueueReceive(stabilityTaskQueue, &frequency, portMAX_DELAY)) {
             ^
FreeRTOS/queue.h:913:12: note: expected 'void * const' but argument is of type 'volatile double *'
 BaseType_t xQueueGenericReceive( QueueHandle_t xQueue, void * const pvBuffer, TickType_t xTicksToWait, const BaseType_t xJustPeek ) PRIVILEGED_FUNCTION;
            ^
main.c: In function 'PRVGADraw_Task':
main.c:225:6: warning: operation on 'i' may be undefined [-Wsequence-point]
    i = ++i % 100;
      ^
Info: Linking Ass_1.elf
nios2-elf-g++  -T'../Ass_1_bsp//linker.x' -msys-crt0='../Ass_1_bsp//obj/HAL/src/crt0.o' -msys-lib=hal_bsp -L../Ass_1_bsp/   -Wl,-Map=Ass_1.map   -O0 -g -Wall   -mhw-div -mhw-mul -mno-hw-mulx -mgpopt=global  -o Ass_1.elf obj/default/FreeRTOS/croutine.o obj/default/FreeRTOS/event_groups.o obj/default/FreeRTOS/heap.o obj/default/FreeRTOS/list.o obj/default/FreeRTOS/port.o obj/default/FreeRTOS/queue.o obj/default/FreeRTOS/tasks.o obj/default/FreeRTOS/timers.o obj/default/main.o obj/default/FreeRTOS/port_asm.o -lm -msys-lib=m
nios2-elf-insert Ass_1.elf --thread_model hal --cpu_name nios2 --qsys true --simulation_enabled false --id 7 --sidp 0x430f0 --timestamp 1393900972 --stderr_dev jtag_uart --stdin_dev jtag_uart --stdout_dev jtag_uart --sopc_system_name nios2 --quartus_project_dir "C:/Users/tcas362/Documents/GitHub/COMPSYS-723-Assignment-1/Ass_1" --sopcinfo C:/Users/tcas362/Documents/GitHub/COMPSYS-723-Assignment-1/Ass_1/software/Ass_1_bsp/../../nios2.sopcinfo
Info: (Ass_1.elf) 633 KBytes program size (code + initialized data).
Info:             130561 KBytes free for stack + heap.
Info: Creating Ass_1.objdump
nios2-elf-objdump --disassemble --syms --all-header --source Ass_1.elf >Ass_1.objdump
[Ass_1 build complete]
17:58:10 **** Incremental Build of configuration Nios II for project Ass_1 ****
make all 
Info: Building ../Ass_1_bsp/
C:/intelFPGA/18.1/nios2eds/bin/gnu/H-x86_64-mingw32/bin/make --no-print-directory -C ../Ass_1_bsp/
[BSP build complete]
Info: Compiling main.c to obj/default/main.o
nios2-elf-gcc -xc -MP -MMD -c -I../Ass_1_bsp//HAL/inc -I../Ass_1_bsp/ -I../Ass_1_bsp//drivers/inc  -pipe -D__hal__ -DALT_NO_INSTRUCTION_EMULATION -DALT_SINGLE_THREADED    -O0 -g -Wall   -mhw-div -mhw-mul -mno-hw-mulx -mgpopt=global  -o obj/default/main.o main.c
In file included from main.c:19:0:
main.c: In function 'freq_relay_isr':
FreeRTOS/queue.h:1261:117: warning: passing argument 2 of 'xQueueGenericSendFromISR' discards 'volatile' qualifier from pointer target type [-Wdiscarded-qualifiers]
 #define xQueueSendFromISR( xQueue, pvItemToQueue, pxHigherPriorityTaskWoken ) xQueueGenericSendFromISR( ( xQueue ), ( pvItemToQueue ), ( pxHigherPriorityTaskWoken ), queueSEND_TO_BACK )
                                                                                                                     ^
main.c:93:5: note: in expansion of macro 'xQueueSendFromISR'
     xQueueSendFromISR(stabilityTaskQueue, &frequency, pdFALSE);
     ^
FreeRTOS/queue.h:1340:12: note: expected 'const void * const' but argument is of type 'volatile double *'
 BaseType_t xQueueGenericSendFromISR( QueueHandle_t xQueue, const void * const pvItemToQueue, BaseType_t * const pxHigherPriorityTaskWoken, const BaseType_t xCopyPosition ) PRIVILEGED_FUNCTION;
            ^
FreeRTOS/queue.h:1100:123: warning: passing argument 2 of 'xQueueGenericSendFromISR' discards 'volatile' qualifier from pointer target type [-Wdiscarded-qualifiers]
 #define xQueueSendToBackFromISR( xQueue, pvItemToQueue, pxHigherPriorityTaskWoken ) xQueueGenericSendFromISR( ( xQueue ), ( pvItemToQueue ), ( pxHigherPriorityTaskWoken ), queueSEND_TO_BACK )
                                                                                                                           ^
main.c:94:5: note: in expansion of macro 'xQueueSendToBackFromISR'
     xQueueSendToBackFromISR( Q_freq_data, &frequency, pdFALSE );
     ^
FreeRTOS/queue.h:1340:12: note: expected 'const void * const' but argument is of type 'volatile double *'
 BaseType_t xQueueGenericSendFromISR( QueueHandle_t xQueue, const void * const pvItemToQueue, BaseType_t * const pxHigherPriorityTaskWoken, const BaseType_t xCopyPosition ) PRIVILEGED_FUNCTION;
            ^
main.c: In function 'stabilityMonitorTask':
FreeRTOS/queue.h:814:91: warning: passing argument 2 of 'xQueueGenericReceive' discards 'volatile' qualifier from pointer target type [-Wdiscarded-qualifiers]
 #define xQueueReceive( xQueue, pvBuffer, xTicksToWait ) xQueueGenericReceive( ( xQueue ), ( pvBuffer ), ( xTicksToWait ), pdFALSE )
                                                                                           ^
main.c:114:13: note: in expansion of macro 'xQueueReceive'
         if (xQueueReceive(stabilityTaskQueue, &frequency, portMAX_DELAY)) {
             ^
FreeRTOS/queue.h:913:12: note: expected 'void * const' but argument is of type 'volatile double *'
 BaseType_t xQueueGenericReceive( QueueHandle_t xQueue, void * const pvBuffer, TickType_t xTicksToWait, const BaseType_t xJustPeek ) PRIVILEGED_FUNCTION;
            ^
main.c: In function 'PRVGADraw_Task':
main.c:225:6: warning: operation on 'i' may be undefined [-Wsequence-point]
    i = ++i % 100;
      ^
Info: Linking Ass_1.elf
nios2-elf-g++  -T'../Ass_1_bsp//linker.x' -msys-crt0='../Ass_1_bsp//obj/HAL/src/crt0.o' -msys-lib=hal_bsp -L../Ass_1_bsp/   -Wl,-Map=Ass_1.map   -O0 -g -Wall   -mhw-div -mhw-mul -mno-hw-mulx -mgpopt=global  -o Ass_1.elf obj/default/FreeRTOS/croutine.o obj/default/FreeRTOS/event_groups.o obj/default/FreeRTOS/heap.o obj/default/FreeRTOS/list.o obj/default/FreeRTOS/port.o obj/default/FreeRTOS/queue.o obj/default/FreeRTOS/tasks.o obj/default/FreeRTOS/timers.o obj/default/main.o obj/default/FreeRTOS/port_asm.o -lm -msys-lib=m
nios2-elf-insert Ass_1.elf --thread_model hal --cpu_name nios2 --qsys true --simulation_enabled false --id 7 --sidp 0x430f0 --timestamp 1393900972 --stderr_dev jtag_uart --stdin_dev jtag_uart --stdout_dev jtag_uart --sopc_system_name nios2 --quartus_project_dir "C:/Users/tcas362/Documents/GitHub/COMPSYS-723-Assignment-1/Ass_1" --sopcinfo C:/Users/tcas362/Documents/GitHub/COMPSYS-723-Assignment-1/Ass_1/software/Ass_1_bsp/../../nios2.sopcinfo
Info: (Ass_1.elf) 633 KBytes program size (code + initialized data).
Info:             130561 KBytes free for stack + heap.
Info: Creating Ass_1.objdump
nios2-elf-objdump --disassemble --syms --all-header --source Ass_1.elf >Ass_1.objdump
[Ass_1 build complete]
17:59:43 **** Incremental Build of configuration Nios II for project Ass_1 ****
make all 
Info: Building ../Ass_1_bsp/
C:/intelFPGA/18.1/nios2eds/bin/gnu/H-x86_64-mingw32/bin/make --no-print-directory -C ../Ass_1_bsp/
[BSP build complete]
Info: Compiling main.c to obj/default/main.o
nios2-elf-gcc -xc -MP -MMD -c -I../Ass_1_bsp//HAL/inc -I../Ass_1_bsp/ -I../Ass_1_bsp//drivers/inc  -pipe -D__hal__ -DALT_NO_INSTRUCTION_EMULATION -DALT_SINGLE_THREADED    -O0 -g -Wall   -mhw-div -mhw-mul -mno-hw-mulx -mgpopt=global  -o obj/default/main.o main.c
In file included from main.c:19:0:
main.c: In function 'freq_relay_isr':
FreeRTOS/queue.h:1261:117: warning: passing argument 2 of 'xQueueGenericSendFromISR' discards 'volatile' qualifier from pointer target type [-Wdiscarded-qualifiers]
 #define xQueueSendFromISR( xQueue, pvItemToQueue, pxHigherPriorityTaskWoken ) xQueueGenericSendFromISR( ( xQueue ), ( pvItemToQueue ), ( pxHigherPriorityTaskWoken ), queueSEND_TO_BACK )
                                                                                                                     ^
main.c:93:5: note: in expansion of macro 'xQueueSendFromISR'
     xQueueSendFromISR(stabilityTaskQueue, &frequency, pdFALSE);
     ^
FreeRTOS/queue.h:1340:12: note: expected 'const void * const' but argument is of type 'volatile double *'
 BaseType_t xQueueGenericSendFromISR( QueueHandle_t xQueue, const void * const pvItemToQueue, BaseType_t * const pxHigherPriorityTaskWoken, const BaseType_t xCopyPosition ) PRIVILEGED_FUNCTION;
            ^
FreeRTOS/queue.h:1100:123: warning: passing argument 2 of 'xQueueGenericSendFromISR' discards 'volatile' qualifier from pointer target type [-Wdiscarded-qualifiers]
 #define xQueueSendToBackFromISR( xQueue, pvItemToQueue, pxHigherPriorityTaskWoken ) xQueueGenericSendFromISR( ( xQueue ), ( pvItemToQueue ), ( pxHigherPriorityTaskWoken ), queueSEND_TO_BACK )
                                                                                                                           ^
main.c:94:5: note: in expansion of macro 'xQueueSendToBackFromISR'
     xQueueSendToBackFromISR( Q_freq_data, &frequency, pdFALSE );
     ^
FreeRTOS/queue.h:1340:12: note: expected 'const void * const' but argument is of type 'volatile double *'
 BaseType_t xQueueGenericSendFromISR( QueueHandle_t xQueue, const void * const pvItemToQueue, BaseType_t * const pxHigherPriorityTaskWoken, const BaseType_t xCopyPosition ) PRIVILEGED_FUNCTION;
            ^
main.c: In function 'stabilityMonitorTask':
FreeRTOS/queue.h:814:91: warning: passing argument 2 of 'xQueueGenericReceive' discards 'volatile' qualifier from pointer target type [-Wdiscarded-qualifiers]
 #define xQueueReceive( xQueue, pvBuffer, xTicksToWait ) xQueueGenericReceive( ( xQueue ), ( pvBuffer ), ( xTicksToWait ), pdFALSE )
                                                                                           ^
main.c:114:13: note: in expansion of macro 'xQueueReceive'
         if (xQueueReceive(stabilityTaskQueue, &frequency, portMAX_DELAY)) {
             ^
FreeRTOS/queue.h:913:12: note: expected 'void * const' but argument is of type 'volatile double *'
 BaseType_t xQueueGenericReceive( QueueHandle_t xQueue, void * const pvBuffer, TickType_t xTicksToWait, const BaseType_t xJustPeek ) PRIVILEGED_FUNCTION;
            ^
main.c: In function 'PRVGADraw_Task':
main.c:225:6: warning: operation on 'i' may be undefined [-Wsequence-point]
    i = ++i % 100;
      ^
Info: Linking Ass_1.elf
nios2-elf-g++  -T'../Ass_1_bsp//linker.x' -msys-crt0='../Ass_1_bsp//obj/HAL/src/crt0.o' -msys-lib=hal_bsp -L../Ass_1_bsp/   -Wl,-Map=Ass_1.map   -O0 -g -Wall   -mhw-div -mhw-mul -mno-hw-mulx -mgpopt=global  -o Ass_1.elf obj/default/FreeRTOS/croutine.o obj/default/FreeRTOS/event_groups.o obj/default/FreeRTOS/heap.o obj/default/FreeRTOS/list.o obj/default/FreeRTOS/port.o obj/default/FreeRTOS/queue.o obj/default/FreeRTOS/tasks.o obj/default/FreeRTOS/timers.o obj/default/main.o obj/default/FreeRTOS/port_asm.o -lm -msys-lib=m
nios2-elf-insert Ass_1.elf --thread_model hal --cpu_name nios2 --qsys true --simulation_enabled false --id 7 --sidp 0x430f0 --timestamp 1393900972 --stderr_dev jtag_uart --stdin_dev jtag_uart --stdout_dev jtag_uart --sopc_system_name nios2 --quartus_project_dir "C:/Users/tcas362/Documents/GitHub/COMPSYS-723-Assignment-1/Ass_1" --sopcinfo C:/Users/tcas362/Documents/GitHub/COMPSYS-723-Assignment-1/Ass_1/software/Ass_1_bsp/../../nios2.sopcinfo
Info: (Ass_1.elf) 633 KBytes program size (code + initialized data).
Info:             130561 KBytes free for stack + heap.
Info: Creating Ass_1.objdump
nios2-elf-objdump --disassemble --syms --all-header --source Ass_1.elf >Ass_1.objdump
[Ass_1 build complete]
18:06:14 **** Incremental Build of configuration Nios II for project Ass_1 ****
make all 
Info: Building ../Ass_1_bsp/
C:/intelFPGA/18.1/nios2eds/bin/gnu/H-x86_64-mingw32/bin/make --no-print-directory -C ../Ass_1_bsp/
[BSP build complete]
Info: Compiling main.c to obj/default/main.o
nios2-elf-gcc -xc -MP -MMD -c -I../Ass_1_bsp//HAL/inc -I../Ass_1_bsp/ -I../Ass_1_bsp//drivers/inc  -pipe -D__hal__ -DALT_NO_INSTRUCTION_EMULATION -DALT_SINGLE_THREADED    -O0 -g -Wall   -mhw-div -mhw-mul -mno-hw-mulx -mgpopt=global  -o obj/default/main.o main.c
In file included from main.c:19:0:
main.c: In function 'freq_relay_isr':
FreeRTOS/queue.h:1261:117: warning: passing argument 2 of 'xQueueGenericSendFromISR' discards 'volatile' qualifier from pointer target type [-Wdiscarded-qualifiers]
 #define xQueueSendFromISR( xQueue, pvItemToQueue, pxHigherPriorityTaskWoken ) xQueueGenericSendFromISR( ( xQueue ), ( pvItemToQueue ), ( pxHigherPriorityTaskWoken ), queueSEND_TO_BACK )
                                                                                                                     ^
main.c:93:5: note: in expansion of macro 'xQueueSendFromISR'
     xQueueSendFromISR(stabilityTaskQueue, &frequency, pdFALSE);
     ^
FreeRTOS/queue.h:1340:12: note: expected 'const void * const' but argument is of type 'volatile double *'
 BaseType_t xQueueGenericSendFromISR( QueueHandle_t xQueue, const void * const pvItemToQueue, BaseType_t * const pxHigherPriorityTaskWoken, const BaseType_t xCopyPosition ) PRIVILEGED_FUNCTION;
            ^
FreeRTOS/queue.h:1100:123: warning: passing argument 2 of 'xQueueGenericSendFromISR' discards 'volatile' qualifier from pointer target type [-Wdiscarded-qualifiers]
 #define xQueueSendToBackFromISR( xQueue, pvItemToQueue, pxHigherPriorityTaskWoken ) xQueueGenericSendFromISR( ( xQueue ), ( pvItemToQueue ), ( pxHigherPriorityTaskWoken ), queueSEND_TO_BACK )
                                                                                                                           ^
main.c:94:5: note: in expansion of macro 'xQueueSendToBackFromISR'
     xQueueSendToBackFromISR( Q_freq_data, &frequency, pdFALSE );
     ^
FreeRTOS/queue.h:1340:12: note: expected 'const void * const' but argument is of type 'volatile double *'
 BaseType_t xQueueGenericSendFromISR( QueueHandle_t xQueue, const void * const pvItemToQueue, BaseType_t * const pxHigherPriorityTaskWoken, const BaseType_t xCopyPosition ) PRIVILEGED_FUNCTION;
            ^
main.c: In function 'stabilityMonitorTask':
FreeRTOS/queue.h:814:91: warning: passing argument 2 of 'xQueueGenericReceive' discards 'volatile' qualifier from pointer target type [-Wdiscarded-qualifiers]
 #define xQueueReceive( xQueue, pvBuffer, xTicksToWait ) xQueueGenericReceive( ( xQueue ), ( pvBuffer ), ( xTicksToWait ), pdFALSE )
                                                                                           ^
main.c:114:13: note: in expansion of macro 'xQueueReceive'
         if (xQueueReceive(stabilityTaskQueue, &frequency, portMAX_DELAY)) {
             ^
FreeRTOS/queue.h:913:12: note: expected 'void * const' but argument is of type 'volatile double *'
 BaseType_t xQueueGenericReceive( QueueHandle_t xQueue, void * const pvBuffer, TickType_t xTicksToWait, const BaseType_t xJustPeek ) PRIVILEGED_FUNCTION;
            ^
main.c: In function 'PRVGADraw_Task':
main.c:225:6: warning: operation on 'i' may be undefined [-Wsequence-point]
    i = ++i % 100;
      ^
Info: Linking Ass_1.elf
nios2-elf-g++  -T'../Ass_1_bsp//linker.x' -msys-crt0='../Ass_1_bsp//obj/HAL/src/crt0.o' -msys-lib=hal_bsp -L../Ass_1_bsp/   -Wl,-Map=Ass_1.map   -O0 -g -Wall   -mhw-div -mhw-mul -mno-hw-mulx -mgpopt=global  -o Ass_1.elf obj/default/FreeRTOS/croutine.o obj/default/FreeRTOS/event_groups.o obj/default/FreeRTOS/heap.o obj/default/FreeRTOS/list.o obj/default/FreeRTOS/port.o obj/default/FreeRTOS/queue.o obj/default/FreeRTOS/tasks.o obj/default/FreeRTOS/timers.o obj/default/main.o obj/default/FreeRTOS/port_asm.o -lm -msys-lib=m
nios2-elf-insert Ass_1.elf --thread_model hal --cpu_name nios2 --qsys true --simulation_enabled false --id 7 --sidp 0x430f0 --timestamp 1393900972 --stderr_dev jtag_uart --stdin_dev jtag_uart --stdout_dev jtag_uart --sopc_system_name nios2 --quartus_project_dir "C:/Users/tcas362/Documents/GitHub/COMPSYS-723-Assignment-1/Ass_1" --sopcinfo C:/Users/tcas362/Documents/GitHub/COMPSYS-723-Assignment-1/Ass_1/software/Ass_1_bsp/../../nios2.sopcinfo
Info: (Ass_1.elf) 634 KBytes program size (code + initialized data).
Info:             130561 KBytes free for stack + heap.
Info: Creating Ass_1.objdump
nios2-elf-objdump --disassemble --syms --all-header --source Ass_1.elf >Ass_1.objdump
[Ass_1 build complete]
18:06:42 **** Incremental Build of configuration Nios II for project Ass_1 ****
make all 
Info: Building ../Ass_1_bsp/
C:/intelFPGA/18.1/nios2eds/bin/gnu/H-x86_64-mingw32/bin/make --no-print-directory -C ../Ass_1_bsp/
[BSP build complete]
Info: Compiling main.c to obj/default/main.o
nios2-elf-gcc -xc -MP -MMD -c -I../Ass_1_bsp//HAL/inc -I../Ass_1_bsp/ -I../Ass_1_bsp//drivers/inc  -pipe -D__hal__ -DALT_NO_INSTRUCTION_EMULATION -DALT_SINGLE_THREADED    -O0 -g -Wall   -mhw-div -mhw-mul -mno-hw-mulx -mgpopt=global  -o obj/default/main.o main.c
In file included from main.c:19:0:
main.c: In function 'freq_relay_isr':
FreeRTOS/queue.h:1261:117: warning: passing argument 2 of 'xQueueGenericSendFromISR' discards 'volatile' qualifier from pointer target type [-Wdiscarded-qualifiers]
 #define xQueueSendFromISR( xQueue, pvItemToQueue, pxHigherPriorityTaskWoken ) xQueueGenericSendFromISR( ( xQueue ), ( pvItemToQueue ), ( pxHigherPriorityTaskWoken ), queueSEND_TO_BACK )
                                                                                                                     ^
main.c:93:5: note: in expansion of macro 'xQueueSendFromISR'
     xQueueSendFromISR(stabilityTaskQueue, &frequency, pdFALSE);
     ^
FreeRTOS/queue.h:1340:12: note: expected 'const void * const' but argument is of type 'volatile double *'
 BaseType_t xQueueGenericSendFromISR( QueueHandle_t xQueue, const void * const pvItemToQueue, BaseType_t * const pxHigherPriorityTaskWoken, const BaseType_t xCopyPosition ) PRIVILEGED_FUNCTION;
            ^
FreeRTOS/queue.h:1100:123: warning: passing argument 2 of 'xQueueGenericSendFromISR' discards 'volatile' qualifier from pointer target type [-Wdiscarded-qualifiers]
 #define xQueueSendToBackFromISR( xQueue, pvItemToQueue, pxHigherPriorityTaskWoken ) xQueueGenericSendFromISR( ( xQueue ), ( pvItemToQueue ), ( pxHigherPriorityTaskWoken ), queueSEND_TO_BACK )
                                                                                                                           ^
main.c:94:5: note: in expansion of macro 'xQueueSendToBackFromISR'
     xQueueSendToBackFromISR( Q_freq_data, &frequency, pdFALSE );
     ^
FreeRTOS/queue.h:1340:12: note: expected 'const void * const' but argument is of type 'volatile double *'
 BaseType_t xQueueGenericSendFromISR( QueueHandle_t xQueue, const void * const pvItemToQueue, BaseType_t * const pxHigherPriorityTaskWoken, const BaseType_t xCopyPosition ) PRIVILEGED_FUNCTION;
            ^
main.c: In function 'stabilityMonitorTask':
FreeRTOS/queue.h:814:91: warning: passing argument 2 of 'xQueueGenericReceive' discards 'volatile' qualifier from pointer target type [-Wdiscarded-qualifiers]
 #define xQueueReceive( xQueue, pvBuffer, xTicksToWait ) xQueueGenericReceive( ( xQueue ), ( pvBuffer ), ( xTicksToWait ), pdFALSE )
                                                                                           ^
main.c:114:13: note: in expansion of macro 'xQueueReceive'
         if (xQueueReceive(stabilityTaskQueue, &frequency, portMAX_DELAY)) {
             ^
FreeRTOS/queue.h:913:12: note: expected 'void * const' but argument is of type 'volatile double *'
 BaseType_t xQueueGenericReceive( QueueHandle_t xQueue, void * const pvBuffer, TickType_t xTicksToWait, const BaseType_t xJustPeek ) PRIVILEGED_FUNCTION;
            ^
main.c: In function 'PRVGADraw_Task':
main.c:225:6: warning: operation on 'i' may be undefined [-Wsequence-point]
    i = ++i % 100;
      ^
Info: Linking Ass_1.elf
nios2-elf-g++  -T'../Ass_1_bsp//linker.x' -msys-crt0='../Ass_1_bsp//obj/HAL/src/crt0.o' -msys-lib=hal_bsp -L../Ass_1_bsp/   -Wl,-Map=Ass_1.map   -O0 -g -Wall   -mhw-div -mhw-mul -mno-hw-mulx -mgpopt=global  -o Ass_1.elf obj/default/FreeRTOS/croutine.o obj/default/FreeRTOS/event_groups.o obj/default/FreeRTOS/heap.o obj/default/FreeRTOS/list.o obj/default/FreeRTOS/port.o obj/default/FreeRTOS/queue.o obj/default/FreeRTOS/tasks.o obj/default/FreeRTOS/timers.o obj/default/main.o obj/default/FreeRTOS/port_asm.o -lm -msys-lib=m
nios2-elf-insert Ass_1.elf --thread_model hal --cpu_name nios2 --qsys true --simulation_enabled false --id 7 --sidp 0x430f0 --timestamp 1393900972 --stderr_dev jtag_uart --stdin_dev jtag_uart --stdout_dev jtag_uart --sopc_system_name nios2 --quartus_project_dir "C:/Users/tcas362/Documents/GitHub/COMPSYS-723-Assignment-1/Ass_1" --sopcinfo C:/Users/tcas362/Documents/GitHub/COMPSYS-723-Assignment-1/Ass_1/software/Ass_1_bsp/../../nios2.sopcinfo
Info: (Ass_1.elf) 634 KBytes program size (code + initialized data).
Info:             130561 KBytes free for stack + heap.
Info: Creating Ass_1.objdump
nios2-elf-objdump --disassemble --syms --all-header --source Ass_1.elf >Ass_1.objdump
[Ass_1 build complete]
18:07:20 **** Incremental Build of configuration Nios II for project Ass_1 ****
make all 
Info: Building ../Ass_1_bsp/
C:/intelFPGA/18.1/nios2eds/bin/gnu/H-x86_64-mingw32/bin/make --no-print-directory -C ../Ass_1_bsp/
[BSP build complete]
Info: Compiling main.c to obj/default/main.o
nios2-elf-gcc -xc -MP -MMD -c -I../Ass_1_bsp//HAL/inc -I../Ass_1_bsp/ -I../Ass_1_bsp//drivers/inc  -pipe -D__hal__ -DALT_NO_INSTRUCTION_EMULATION -DALT_SINGLE_THREADED    -O0 -g -Wall   -mhw-div -mhw-mul -mno-hw-mulx -mgpopt=global  -o obj/default/main.o main.c
In file included from main.c:19:0:
main.c: In function 'freq_relay_isr':
FreeRTOS/queue.h:1261:117: warning: passing argument 2 of 'xQueueGenericSendFromISR' discards 'volatile' qualifier from pointer target type [-Wdiscarded-qualifiers]
 #define xQueueSendFromISR( xQueue, pvItemToQueue, pxHigherPriorityTaskWoken ) xQueueGenericSendFromISR( ( xQueue ), ( pvItemToQueue ), ( pxHigherPriorityTaskWoken ), queueSEND_TO_BACK )
                                                                                                                     ^
main.c:93:5: note: in expansion of macro 'xQueueSendFromISR'
     xQueueSendFromISR(stabilityTaskQueue, &frequency, pdFALSE);
     ^
FreeRTOS/queue.h:1340:12: note: expected 'const void * const' but argument is of type 'volatile double *'
 BaseType_t xQueueGenericSendFromISR( QueueHandle_t xQueue, const void * const pvItemToQueue, BaseType_t * const pxHigherPriorityTaskWoken, const BaseType_t xCopyPosition ) PRIVILEGED_FUNCTION;
            ^
FreeRTOS/queue.h:1100:123: warning: passing argument 2 of 'xQueueGenericSendFromISR' discards 'volatile' qualifier from pointer target type [-Wdiscarded-qualifiers]
 #define xQueueSendToBackFromISR( xQueue, pvItemToQueue, pxHigherPriorityTaskWoken ) xQueueGenericSendFromISR( ( xQueue ), ( pvItemToQueue ), ( pxHigherPriorityTaskWoken ), queueSEND_TO_BACK )
                                                                                                                           ^
main.c:94:5: note: in expansion of macro 'xQueueSendToBackFromISR'
     xQueueSendToBackFromISR( Q_freq_data, &frequency, pdFALSE );
     ^
FreeRTOS/queue.h:1340:12: note: expected 'const void * const' but argument is of type 'volatile double *'
 BaseType_t xQueueGenericSendFromISR( QueueHandle_t xQueue, const void * const pvItemToQueue, BaseType_t * const pxHigherPriorityTaskWoken, const BaseType_t xCopyPosition ) PRIVILEGED_FUNCTION;
            ^
main.c: In function 'stabilityMonitorTask':
FreeRTOS/queue.h:814:91: warning: passing argument 2 of 'xQueueGenericReceive' discards 'volatile' qualifier from pointer target type [-Wdiscarded-qualifiers]
 #define xQueueReceive( xQueue, pvBuffer, xTicksToWait ) xQueueGenericReceive( ( xQueue ), ( pvBuffer ), ( xTicksToWait ), pdFALSE )
                                                                                           ^
main.c:114:13: note: in expansion of macro 'xQueueReceive'
         if (xQueueReceive(stabilityTaskQueue, &frequency, portMAX_DELAY)) {
             ^
FreeRTOS/queue.h:913:12: note: expected 'void * const' but argument is of type 'volatile double *'
 BaseType_t xQueueGenericReceive( QueueHandle_t xQueue, void * const pvBuffer, TickType_t xTicksToWait, const BaseType_t xJustPeek ) PRIVILEGED_FUNCTION;
            ^
main.c: In function 'PRVGADraw_Task':
main.c:225:6: warning: operation on 'i' may be undefined [-Wsequence-point]
    i = ++i % 100;
      ^
Info: Linking Ass_1.elf
nios2-elf-g++  -T'../Ass_1_bsp//linker.x' -msys-crt0='../Ass_1_bsp//obj/HAL/src/crt0.o' -msys-lib=hal_bsp -L../Ass_1_bsp/   -Wl,-Map=Ass_1.map   -O0 -g -Wall   -mhw-div -mhw-mul -mno-hw-mulx -mgpopt=global  -o Ass_1.elf obj/default/FreeRTOS/croutine.o obj/default/FreeRTOS/event_groups.o obj/default/FreeRTOS/heap.o obj/default/FreeRTOS/list.o obj/default/FreeRTOS/port.o obj/default/FreeRTOS/queue.o obj/default/FreeRTOS/tasks.o obj/default/FreeRTOS/timers.o obj/default/main.o obj/default/FreeRTOS/port_asm.o -lm -msys-lib=m
nios2-elf-insert Ass_1.elf --thread_model hal --cpu_name nios2 --qsys true --simulation_enabled false --id 7 --sidp 0x430f0 --timestamp 1393900972 --stderr_dev jtag_uart --stdin_dev jtag_uart --stdout_dev jtag_uart --sopc_system_name nios2 --quartus_project_dir "C:/Users/tcas362/Documents/GitHub/COMPSYS-723-Assignment-1/Ass_1" --sopcinfo C:/Users/tcas362/Documents/GitHub/COMPSYS-723-Assignment-1/Ass_1/software/Ass_1_bsp/../../nios2.sopcinfo
Info: (Ass_1.elf) 634 KBytes program size (code + initialized data).
Info:             130561 KBytes free for stack + heap.
Info: Creating Ass_1.objdump
nios2-elf-objdump --disassemble --syms --all-header --source Ass_1.elf >Ass_1.objdump
[Ass_1 build complete]
18:08:42 **** Incremental Build of configuration Nios II for project Ass_1 ****
make all 
Info: Building ../Ass_1_bsp/
C:/intelFPGA/18.1/nios2eds/bin/gnu/H-x86_64-mingw32/bin/make --no-print-directory -C ../Ass_1_bsp/
[BSP build complete]
Info: Compiling main.c to obj/default/main.o
nios2-elf-gcc -xc -MP -MMD -c -I../Ass_1_bsp//HAL/inc -I../Ass_1_bsp/ -I../Ass_1_bsp//drivers/inc  -pipe -D__hal__ -DALT_NO_INSTRUCTION_EMULATION -DALT_SINGLE_THREADED    -O0 -g -Wall   -mhw-div -mhw-mul -mno-hw-mulx -mgpopt=global  -o obj/default/main.o main.c
In file included from main.c:19:0:
main.c: In function 'freq_relay_isr':
FreeRTOS/queue.h:1261:117: warning: passing argument 2 of 'xQueueGenericSendFromISR' discards 'volatile' qualifier from pointer target type [-Wdiscarded-qualifiers]
 #define xQueueSendFromISR( xQueue, pvItemToQueue, pxHigherPriorityTaskWoken ) xQueueGenericSendFromISR( ( xQueue ), ( pvItemToQueue ), ( pxHigherPriorityTaskWoken ), queueSEND_TO_BACK )
                                                                                                                     ^
main.c:93:5: note: in expansion of macro 'xQueueSendFromISR'
     xQueueSendFromISR(stabilityTaskQueue, &frequency, pdFALSE);
     ^
FreeRTOS/queue.h:1340:12: note: expected 'const void * const' but argument is of type 'volatile double *'
 BaseType_t xQueueGenericSendFromISR( QueueHandle_t xQueue, const void * const pvItemToQueue, BaseType_t * const pxHigherPriorityTaskWoken, const BaseType_t xCopyPosition ) PRIVILEGED_FUNCTION;
            ^
FreeRTOS/queue.h:1100:123: warning: passing argument 2 of 'xQueueGenericSendFromISR' discards 'volatile' qualifier from pointer target type [-Wdiscarded-qualifiers]
 #define xQueueSendToBackFromISR( xQueue, pvItemToQueue, pxHigherPriorityTaskWoken ) xQueueGenericSendFromISR( ( xQueue ), ( pvItemToQueue ), ( pxHigherPriorityTaskWoken ), queueSEND_TO_BACK )
                                                                                                                           ^
main.c:94:5: note: in expansion of macro 'xQueueSendToBackFromISR'
     xQueueSendToBackFromISR( Q_freq_data, &frequency, pdFALSE );
     ^
FreeRTOS/queue.h:1340:12: note: expected 'const void * const' but argument is of type 'volatile double *'
 BaseType_t xQueueGenericSendFromISR( QueueHandle_t xQueue, const void * const pvItemToQueue, BaseType_t * const pxHigherPriorityTaskWoken, const BaseType_t xCopyPosition ) PRIVILEGED_FUNCTION;
            ^
main.c: In function 'stabilityMonitorTask':
FreeRTOS/queue.h:814:91: warning: passing argument 2 of 'xQueueGenericReceive' discards 'volatile' qualifier from pointer target type [-Wdiscarded-qualifiers]
 #define xQueueReceive( xQueue, pvBuffer, xTicksToWait ) xQueueGenericReceive( ( xQueue ), ( pvBuffer ), ( xTicksToWait ), pdFALSE )
                                                                                           ^
main.c:114:13: note: in expansion of macro 'xQueueReceive'
         if (xQueueReceive(stabilityTaskQueue, &frequency, portMAX_DELAY)) {
             ^
FreeRTOS/queue.h:913:12: note: expected 'void * const' but argument is of type 'volatile double *'
 BaseType_t xQueueGenericReceive( QueueHandle_t xQueue, void * const pvBuffer, TickType_t xTicksToWait, const BaseType_t xJustPeek ) PRIVILEGED_FUNCTION;
            ^
main.c: In function 'PRVGADraw_Task':
main.c:225:6: warning: operation on 'i' may be undefined [-Wsequence-point]
    i = ++i % 100;
      ^
Info: Linking Ass_1.elf
nios2-elf-g++  -T'../Ass_1_bsp//linker.x' -msys-crt0='../Ass_1_bsp//obj/HAL/src/crt0.o' -msys-lib=hal_bsp -L../Ass_1_bsp/   -Wl,-Map=Ass_1.map   -O0 -g -Wall   -mhw-div -mhw-mul -mno-hw-mulx -mgpopt=global  -o Ass_1.elf obj/default/FreeRTOS/croutine.o obj/default/FreeRTOS/event_groups.o obj/default/FreeRTOS/heap.o obj/default/FreeRTOS/list.o obj/default/FreeRTOS/port.o obj/default/FreeRTOS/queue.o obj/default/FreeRTOS/tasks.o obj/default/FreeRTOS/timers.o obj/default/main.o obj/default/FreeRTOS/port_asm.o -lm -msys-lib=m
nios2-elf-insert Ass_1.elf --thread_model hal --cpu_name nios2 --qsys true --simulation_enabled false --id 7 --sidp 0x430f0 --timestamp 1393900972 --stderr_dev jtag_uart --stdin_dev jtag_uart --stdout_dev jtag_uart --sopc_system_name nios2 --quartus_project_dir "C:/Users/tcas362/Documents/GitHub/COMPSYS-723-Assignment-1/Ass_1" --sopcinfo C:/Users/tcas362/Documents/GitHub/COMPSYS-723-Assignment-1/Ass_1/software/Ass_1_bsp/../../nios2.sopcinfo
Info: (Ass_1.elf) 634 KBytes program size (code + initialized data).
Info:             130561 KBytes free for stack + heap.
Info: Creating Ass_1.objdump
nios2-elf-objdump --disassemble --syms --all-header --source Ass_1.elf >Ass_1.objdump
[Ass_1 build complete]
18:10:24 **** Incremental Build of configuration Nios II for project Ass_1 ****
make all 
Info: Building ../Ass_1_bsp/
C:/intelFPGA/18.1/nios2eds/bin/gnu/H-x86_64-mingw32/bin/make --no-print-directory -C ../Ass_1_bsp/
[BSP build complete]
Info: Compiling main.c to obj/default/main.o
nios2-elf-gcc -xc -MP -MMD -c -I../Ass_1_bsp//HAL/inc -I../Ass_1_bsp/ -I../Ass_1_bsp//drivers/inc  -pipe -D__hal__ -DALT_NO_INSTRUCTION_EMULATION -DALT_SINGLE_THREADED    -O0 -g -Wall   -mhw-div -mhw-mul -mno-hw-mulx -mgpopt=global  -o obj/default/main.o main.c
In file included from main.c:19:0:
main.c: In function 'freq_relay_isr':
FreeRTOS/queue.h:1261:117: warning: passing argument 2 of 'xQueueGenericSendFromISR' discards 'volatile' qualifier from pointer target type [-Wdiscarded-qualifiers]
 #define xQueueSendFromISR( xQueue, pvItemToQueue, pxHigherPriorityTaskWoken ) xQueueGenericSendFromISR( ( xQueue ), ( pvItemToQueue ), ( pxHigherPriorityTaskWoken ), queueSEND_TO_BACK )
                                                                                                                     ^
main.c:93:5: note: in expansion of macro 'xQueueSendFromISR'
     xQueueSendFromISR(stabilityTaskQueue, &frequency, pdFALSE);
     ^
FreeRTOS/queue.h:1340:12: note: expected 'const void * const' but argument is of type 'volatile double *'
 BaseType_t xQueueGenericSendFromISR( QueueHandle_t xQueue, const void * const pvItemToQueue, BaseType_t * const pxHigherPriorityTaskWoken, const BaseType_t xCopyPosition ) PRIVILEGED_FUNCTION;
            ^
FreeRTOS/queue.h:1100:123: warning: passing argument 2 of 'xQueueGenericSendFromISR' discards 'volatile' qualifier from pointer target type [-Wdiscarded-qualifiers]
 #define xQueueSendToBackFromISR( xQueue, pvItemToQueue, pxHigherPriorityTaskWoken ) xQueueGenericSendFromISR( ( xQueue ), ( pvItemToQueue ), ( pxHigherPriorityTaskWoken ), queueSEND_TO_BACK )
                                                                                                                           ^
main.c:94:5: note: in expansion of macro 'xQueueSendToBackFromISR'
     xQueueSendToBackFromISR( Q_freq_data, &frequency, pdFALSE );
     ^
FreeRTOS/queue.h:1340:12: note: expected 'const void * const' but argument is of type 'volatile double *'
 BaseType_t xQueueGenericSendFromISR( QueueHandle_t xQueue, const void * const pvItemToQueue, BaseType_t * const pxHigherPriorityTaskWoken, const BaseType_t xCopyPosition ) PRIVILEGED_FUNCTION;
            ^
main.c: In function 'stabilityMonitorTask':
FreeRTOS/queue.h:814:91: warning: passing argument 2 of 'xQueueGenericReceive' discards 'volatile' qualifier from pointer target type [-Wdiscarded-qualifiers]
 #define xQueueReceive( xQueue, pvBuffer, xTicksToWait ) xQueueGenericReceive( ( xQueue ), ( pvBuffer ), ( xTicksToWait ), pdFALSE )
                                                                                           ^
main.c:114:13: note: in expansion of macro 'xQueueReceive'
         if (xQueueReceive(stabilityTaskQueue, &frequency, portMAX_DELAY)) {
             ^
FreeRTOS/queue.h:913:12: note: expected 'void * const' but argument is of type 'volatile double *'
 BaseType_t xQueueGenericReceive( QueueHandle_t xQueue, void * const pvBuffer, TickType_t xTicksToWait, const BaseType_t xJustPeek ) PRIVILEGED_FUNCTION;
            ^
main.c: In function 'PRVGADraw_Task':
main.c:225:6: warning: operation on 'i' may be undefined [-Wsequence-point]
    i = ++i % 100;
      ^
Info: Linking Ass_1.elf
nios2-elf-g++  -T'../Ass_1_bsp//linker.x' -msys-crt0='../Ass_1_bsp//obj/HAL/src/crt0.o' -msys-lib=hal_bsp -L../Ass_1_bsp/   -Wl,-Map=Ass_1.map   -O0 -g -Wall   -mhw-div -mhw-mul -mno-hw-mulx -mgpopt=global  -o Ass_1.elf obj/default/FreeRTOS/croutine.o obj/default/FreeRTOS/event_groups.o obj/default/FreeRTOS/heap.o obj/default/FreeRTOS/list.o obj/default/FreeRTOS/port.o obj/default/FreeRTOS/queue.o obj/default/FreeRTOS/tasks.o obj/default/FreeRTOS/timers.o obj/default/main.o obj/default/FreeRTOS/port_asm.o -lm -msys-lib=m
nios2-elf-insert Ass_1.elf --thread_model hal --cpu_name nios2 --qsys true --simulation_enabled false --id 7 --sidp 0x430f0 --timestamp 1393900972 --stderr_dev jtag_uart --stdin_dev jtag_uart --stdout_dev jtag_uart --sopc_system_name nios2 --quartus_project_dir "C:/Users/tcas362/Documents/GitHub/COMPSYS-723-Assignment-1/Ass_1" --sopcinfo C:/Users/tcas362/Documents/GitHub/COMPSYS-723-Assignment-1/Ass_1/software/Ass_1_bsp/../../nios2.sopcinfo
Info: (Ass_1.elf) 634 KBytes program size (code + initialized data).
Info:             130561 KBytes free for stack + heap.
Info: Creating Ass_1.objdump
nios2-elf-objdump --disassemble --syms --all-header --source Ass_1.elf >Ass_1.objdump
[Ass_1 build complete]
18:10:44 **** Incremental Build of configuration Nios II for project Ass_1 ****
make all 
Info: Building ../Ass_1_bsp/
C:/intelFPGA/18.1/nios2eds/bin/gnu/H-x86_64-mingw32/bin/make --no-print-directory -C ../Ass_1_bsp/
[BSP build complete]
Info: Compiling main.c to obj/default/main.o
nios2-elf-gcc -xc -MP -MMD -c -I../Ass_1_bsp//HAL/inc -I../Ass_1_bsp/ -I../Ass_1_bsp//drivers/inc  -pipe -D__hal__ -DALT_NO_INSTRUCTION_EMULATION -DALT_SINGLE_THREADED    -O0 -g -Wall   -mhw-div -mhw-mul -mno-hw-mulx -mgpopt=global  -o obj/default/main.o main.c
In file included from main.c:19:0:
main.c: In function 'freq_relay_isr':
FreeRTOS/queue.h:1261:117: warning: passing argument 2 of 'xQueueGenericSendFromISR' discards 'volatile' qualifier from pointer target type [-Wdiscarded-qualifiers]
 #define xQueueSendFromISR( xQueue, pvItemToQueue, pxHigherPriorityTaskWoken ) xQueueGenericSendFromISR( ( xQueue ), ( pvItemToQueue ), ( pxHigherPriorityTaskWoken ), queueSEND_TO_BACK )
                                                                                                                     ^
main.c:93:5: note: in expansion of macro 'xQueueSendFromISR'
     xQueueSendFromISR(stabilityTaskQueue, &frequency, pdFALSE);
     ^
FreeRTOS/queue.h:1340:12: note: expected 'const void * const' but argument is of type 'volatile double *'
 BaseType_t xQueueGenericSendFromISR( QueueHandle_t xQueue, const void * const pvItemToQueue, BaseType_t * const pxHigherPriorityTaskWoken, const BaseType_t xCopyPosition ) PRIVILEGED_FUNCTION;
            ^
FreeRTOS/queue.h:1100:123: warning: passing argument 2 of 'xQueueGenericSendFromISR' discards 'volatile' qualifier from pointer target type [-Wdiscarded-qualifiers]
 #define xQueueSendToBackFromISR( xQueue, pvItemToQueue, pxHigherPriorityTaskWoken ) xQueueGenericSendFromISR( ( xQueue ), ( pvItemToQueue ), ( pxHigherPriorityTaskWoken ), queueSEND_TO_BACK )
                                                                                                                           ^
main.c:94:5: note: in expansion of macro 'xQueueSendToBackFromISR'
     xQueueSendToBackFromISR( Q_freq_data, &frequency, pdFALSE );
     ^
FreeRTOS/queue.h:1340:12: note: expected 'const void * const' but argument is of type 'volatile double *'
 BaseType_t xQueueGenericSendFromISR( QueueHandle_t xQueue, const void * const pvItemToQueue, BaseType_t * const pxHigherPriorityTaskWoken, const BaseType_t xCopyPosition ) PRIVILEGED_FUNCTION;
            ^
main.c: In function 'stabilityMonitorTask':
FreeRTOS/queue.h:814:91: warning: passing argument 2 of 'xQueueGenericReceive' discards 'volatile' qualifier from pointer target type [-Wdiscarded-qualifiers]
 #define xQueueReceive( xQueue, pvBuffer, xTicksToWait ) xQueueGenericReceive( ( xQueue ), ( pvBuffer ), ( xTicksToWait ), pdFALSE )
                                                                                           ^
main.c:114:13: note: in expansion of macro 'xQueueReceive'
         if (xQueueReceive(stabilityTaskQueue, &frequency, portMAX_DELAY)) {
             ^
FreeRTOS/queue.h:913:12: note: expected 'void * const' but argument is of type 'volatile double *'
 BaseType_t xQueueGenericReceive( QueueHandle_t xQueue, void * const pvBuffer, TickType_t xTicksToWait, const BaseType_t xJustPeek ) PRIVILEGED_FUNCTION;
            ^
main.c: In function 'PRVGADraw_Task':
main.c:225:6: warning: operation on 'i' may be undefined [-Wsequence-point]
    i = ++i % 100;
      ^
Info: Linking Ass_1.elf
nios2-elf-g++  -T'../Ass_1_bsp//linker.x' -msys-crt0='../Ass_1_bsp//obj/HAL/src/crt0.o' -msys-lib=hal_bsp -L../Ass_1_bsp/   -Wl,-Map=Ass_1.map   -O0 -g -Wall   -mhw-div -mhw-mul -mno-hw-mulx -mgpopt=global  -o Ass_1.elf obj/default/FreeRTOS/croutine.o obj/default/FreeRTOS/event_groups.o obj/default/FreeRTOS/heap.o obj/default/FreeRTOS/list.o obj/default/FreeRTOS/port.o obj/default/FreeRTOS/queue.o obj/default/FreeRTOS/tasks.o obj/default/FreeRTOS/timers.o obj/default/main.o obj/default/FreeRTOS/port_asm.o -lm -msys-lib=m
nios2-elf-insert Ass_1.elf --thread_model hal --cpu_name nios2 --qsys true --simulation_enabled false --id 7 --sidp 0x430f0 --timestamp 1393900972 --stderr_dev jtag_uart --stdin_dev jtag_uart --stdout_dev jtag_uart --sopc_system_name nios2 --quartus_project_dir "C:/Users/tcas362/Documents/GitHub/COMPSYS-723-Assignment-1/Ass_1" --sopcinfo C:/Users/tcas362/Documents/GitHub/COMPSYS-723-Assignment-1/Ass_1/software/Ass_1_bsp/../../nios2.sopcinfo
Info: (Ass_1.elf) 634 KBytes program size (code + initialized data).
Info:             130561 KBytes free for stack + heap.
Info: Creating Ass_1.objdump
nios2-elf-objdump --disassemble --syms --all-header --source Ass_1.elf >Ass_1.objdump
[Ass_1 build complete]
